VENDOR,PART NUMBER,DESCRIPTION,MARKET PRICE (EUR),LAST FOUND LIST PRICE (USD),Weight,Dimension ,Remarks
,030-2481-002,PCA PCIE 6G HBA 9211-8I,,,,,
,108644469,P333T-48V SWITCH,,,,,
,108787466,EPS 4802B,,,,,
,10945,Summit X460-G2 Fan Module FB,,,,,
,13010GE0D271,network transceiver module Fiber optic 1000 Mbit/s SFP 1310 nm,,,,,
,13010GE2DH02,SFP Dual fibre1310nm / 10km / Gigabit Ethernet 1000 BASE-LX,,,,,
,17-05031-01,CABLE ASSY -FIBER OPTIC -LC-SC,,,,,
,1750502106,,,,,,
,180000059252,ZXSDR B8200 TL200 GPS FEDDER ACCESORIES,,,,,
,19009-100B,Rack 2 x fan,,,,,
,19011-100B,Rack 4 x fan,,,,,
,1AB147830035,EPROM COMPACT FLASH 8GB,,,,,
,1AB210830011,LOW LOSS SMF C+BAND DCM 70KM - MU,,,,,
,1AD210060001,OPTINEX TRU ALARMS KIT,,,,,
,21131716,BLANK PLATE - WASN9770,,,,,
,300062,RFU-TU 26G,,,,,
,300564226,,,,,,
,340C32900059,Rail Kit-S400,,,,,
,37-1143-01,POWER CABLE ,,,,,
,440-00071-03,ES2-S1 REDUND IOA,,,,,
,534-120/07,Kit ODU 1+1 Int Unb,,,,,
,64P0252,JDSU 1000 BASE SX,,,,,
,70554,,,,,,
,72309MSTU_070603,MSTU,,,,,
,791-1001-121.39,NET-NET SESSION DIRECTOR,,,,,
,800-05565-03,CNP2J60BAA - ROUTE SWITCH PROCESSOR 8,,,,,
,800-22097-03,System Fan Tray /  WS-C6K-9SLOT,,,,,
,80998,ONEVoip30-1P-2B-NEOSKY,,,,,
,845305,UBBD,,,,,
,848194551,ALARM WIRE PUNCH CARD BSL2,,,,,
,848703419,CONTROLLER CP,,,,,
,857780,Cable,,,,,
,90-4590-01,FABRIC,,,,,
,937659170,,,,,,
,961-00026-11A005,DP710,,,,,
,962-00024-16B,GPX1400/1405 ,,,,,
,990-002348-50,AT-AR440S-50,,,,,
,993997A,Cable_FCI PRC 2402,,,,,
,AA1-X0-06-865-1X2-C,Circuit Breakers,,,,,
,AE/AX12S,ALARM CONTROLLER,,,,,
,AP9631,NETWORK MANAGEMNET CARD,,,,,
,AS3016,,,,,,
,AT20002-00-AB-R,ATRICA : OPTICAL SWITCH,,,,,
,AT20003,Fast Ethernet Access Module 1,,,,,
,BCAC090-250H-OAM,,,,,,
,BMR960011/1,PSU DC/DC,,,,,
,CBT-COM120/75,CBT-COM120/75,,,,,
,CLR54NBNB,Cable,,,,,
,CPR03048002,PCA -PDURISER,,,,,
,CPR03050005,PCA - PDUBASE,,,,,
,CPR03052004,PCA - FANBASE,,,,,
,CPR03056002,PCA - FRONT PANEL,,,,,
,CPR03060001,PCA - PCIE RISER - MIS V1/V1.5/V2 - SC/DC - SLOT 1,,,,,
,CPR03062002,PCA - SSM,,,,,
,CPR03229001,PCA - PCIE RISER - MIS V1 - DC - SLOT 2/BB,,,,,
,CPR03377,Power Supply - 1100W - 200 - 230VAC TO 12VDC -90A -1U,,,,,
,CPR03440,MB INTEL JEFFERSON PASS NO IO MODULE BBS2600JF,,,,,
,CPR03472001,CABLE -ASSY -I2C -10POS -28AWG -FANB-SB0-7,,,,,
,CPR03632002,PCA - SASINT,,,,,
,CPR03634001,PCA - SASMP,,,,,
,CPR03636001,PCA - PCIE RISER - MIS V1.5 - DC - SLOT 3/BB,,,,,
,CRCCAF9EAA,MPT-ACC,,,,,
,D12817,T5V17,,,,,
,D12821,TOND80,,,,,
,D17117,NOKIA OCB283/E10 THLR,,,,,
,D17797,TCCOB,,,,,
,D17953,TCILR,,,,,
,EEH-38-1260-011,ODU 600 HP (38GHZ) TX LOW,,,,,
,EMXP440-Q/III,Packet-Optical Transport Switch,,,,,
,FAT-05,FAT-05,,,,,
,FC/UPC-FC/UPC,Fibre Cable,,,,,
,FTLF1322P1BTR-M1,STM4 S4.1 1400744-0010,,,,,
,G0505EGFS_090302,FSWA1,,,,,
,G7RJAU20,,,,,,
,G8D8MM02,,,,,,
,G8DBL702,ODU 15/4X2 HIGH S1,,,,,
,G8DBM772,RT27G,,,,,
,G8DBMN02,ODU 15/16X2 HIGH (S1-S2),,,,,
,G8DMN02,RT27G,,,,,
,G8GBLE02,OUT DOOR UNIT RT32G H 1+0 4X2,,,,,
,G8GBMB02,ODU 23/16X2 LOW,,,,,
,H0101SPB/2_060201,SPB,,,,,
,H2004700055,CONNECTOR,,,,,
,HM13230,Backplane Connector,,,,,
,IMPS520-A001,,,,,,
,IT020402.064,FP2 IT 48V 8KW 2AC LVBD,,,,,
,LC-FC,Cable,€0.0,$0.00,,,
,LC-SC,Cable,€0.0,$0.00,,,
,LC-SC/APC,Cable,€0.0,$0.00,,,
,LELBXB1-39776-80-V,Airpax Special Purpose Hydraulic Magnetic Circuit Protector,,,,,
,LSI7204EP,DUAL PORT 4GB FIBRE CHANNEL,,,,,
,LTDK-50,LT - DK-50 - 5.2 dB IL AT 1545 NM (WHITE),,,,,
,MDP-34MB-25C,NEC PASOLINK INDOOR UNIT,,,,,
,MEM3640,32MB DRAM FOR CISCO 3640 (2X16MB DRAM SIMs),,,,,
,MUT-9354-665,OPTE 153 560 225-1-500,,,,,
,NTM1011855/3,"Patch Panel Mtg. Kit /19"" / BYB501",,,,,
,OD-350,TD-LTE Dual Mode Residential Outdoor CPE,,,,,
,OT-350,,,,,,
,P0002234-001,SSD 240GB 2.5 SATA 6GB SSD 1 Drive Write per Day,,,,,
,P650HW-33,ROUTER PRESTIGE 650 SERIES,,,,,
,PS5-R5V,CL11-AUN,,,,,
,PSM25R-560,SWITCHING Power Supply,,,,,
,PT7320-31,SFP ,,,,,
,PT7420-51,SFP,,,,,
,PWR-MX960-DC-S-C,MX960 POWER ENTRY MODULE DC,,,,,
,QMH509,G-703-120-Q,,,,,
,RMS-GR148DC,Monitoring System ,,,,,
,ROA1194584/11,PRINTED BOARD ASSEMB - BASED UNIT 2X8 MBPS STD,,,,,
,ROA1284372/1,10G ADM MXP E1,,,,,
,ROJ238109/43003,TET-SC MH 0.1-2.5GB/s - J0/B1,,,,,
,RTXM-400,1.25G-1310nm-10km-SM-ESFP,,,,,
,RTXM140-400,155M-1310nm-ESFP ,,,,,
,S-100F-48,Power Supply 50/60HZ,,,,,
,S31043-K1165-X-4,Power Supply GR60,,,,,
,S7201-T6815-A1,DCDC,,,,,
,S7201-T6823-S1,,,,,,
,SBM2048VG,MatrisDXX Mini Node SBM 2048VG,,,,,
,SC-SC,Cable,,,,,
,SC/SC/SM/15M,SC/SC Simglemode 9/125 Fibre patch,,,,,
,SCP6861-A1-ZW,L-1.2 // 1AB194670003,,,,,
,SCSC09SYE7,SC/UPC-SC/UPC 7M Patchcord,,,,,
,SFP-10G-BX20U-SO,1270TX/1330RX,,,,,
,SG9PC256HYA1I,256MB Flash Memory Card,,,,,
,SJ018-2ST4-A,HUAWEI RRU power connector 48V 30A ,,,,,
,SMF28005050,SMF2800-50-50,,,,,
,SN516B,5ESS CONTROL & DISPLAY,,,,,
,SN730,ESS5 AUTO PWR RESTART,,,,,
,SSD-C01GI-4626,WD SiliconDrive 1GB Compact Flash,,,,,
,SSR-2-LX-AA,2 X 1000B-LX PORTS,,,,,
,TEO-1.25GSFP-10,1310nm SMF,,,,,
,TG784N,ROUTER TECHNICOLOR,,,,,
,TN1034,CIRCUIT PACK,,,,,
,TN1042B,5ESS PCIRCUIT INTERFACE,,,,,
,TN1083C,5ESS PACKET FANOUT,,,,,
,TN128,5ESS CP,,,,,
,TN1285B,STABILITY OSCILLATOR,,,,,
,TN137B,5ESS OFFICE ALARM UN,,,,,
,TN138,5ESS METALLIC ACCESS,,,,,
,TN1415,DFI2-X PACK 5ESS,,,,,
,TN1820B,3B I/O PROCR PWR SW UN,,,,,
,TN1821B,3B CONTROL UNIT POWER SWITCH,,,,,
,TN1842,5ESS SASDSC UN,,,,,
,TN1996,5ESS CONTROL & DATA UNIT,,,,,
,TN2116,5ESSCONT FANOUT ,,,,,
,TN220B,5ESS CONTROL & DATA UNIT,,,,,
,TN221, HOST ADAPTER,,,,,
,TN82B,5ESS CP,,,,,
,TN833C,TTY PERIPHERAL CONTROLLER,,,,,
,TN851,CIRCUIT BOARD MC4C052A1E,,,,,
,TN856C,DIGITAL SERVICE CIRCUIT ,,,,,
,TN867,5ESS CP,,,,,
,TN870,LUCENT 5ESS MICROCODE CP,,,,,
,TN882,CIRCUIT PACK,,,,,
,TN883,LUCENT 5ESS FDN LK INTERFACE,,,,,
,TN884C,5ESSTMS2 CONTROLLER BOARD,,,,,
,TN886,LUCENT CIRCUIT BOARD,,,,,
,TN896,5ESS CP,,,,,
,TN897,5ESS CP,,,,,
,TN898C,5ESS ESS#5 PACK CIRCUIT,,,,,
,TN983,Circuit Board,,,,,
,UKL40104/15,RAU 38/15,,,,,
,VHLP2-26-HW1B,RiFu Antenne 0 6m 26Gig,,,,,
,XFCU40,,,,,,
 NOKIA,471605A,FYMA GPS MOUNTING KIT,,,,,
 NOKIA,472577A,FTSH GPS CABLE ASSEMBLY 100M,,,,,
 NOKIA,474074A,FYGC GNSS RECEIVER ANTENNA,,,,,
10GTEK,AXS85-192-M3,10Gbps SFP+SR 850nm 300m,,,,,
3COM,009-3290-000,PWR SUPPLY,,,,,
3COM,1.009.1531-01,130A DC Power Supply TYPE 9 PSU,,,,,
3COM,1.009.915-01, 130 A DC Power Supply TYPE 5 PSI,,,,,
3COM,1.009.916-01,009-3291-000 - DC Power Supply 130,,,,,
3COM,1.011.688-C,FAN MODULE,,,,,
3COM,10016356,BASELINE SWITCH,,,,,
3COM,1698-510-051,3300XM SWITCH,,,,,
3COM,1720-610-050-6,SUPERSTACK 2 SWITCH 4400 SERIES 24 PORTS,,,,,
3COM,3C996SX,INTERFACE CARD,,,,,
3COM,TC84D-1313,130A DC Power Supply TYPE 9 PSU,,,,,
3YPOWER,AP-1421-1B02N,420W Power Supply,,,,,
3YPOWER,AP-1421-1BA1,PSU,,,,,
3YPOWER,YM-2451CAR,Power Supply,,,,,
A10,THUNDER3030S,Application Delivery Controller ,€2 -189.6,$0.00,,,
AASTRA,BMLBS10102/6,PSU-19INCH,,,,,
AASTRA,PDM68741.016,Aastra 142d,,,,,
ABB,23NG20,pcb card 5hyn266126p0001,,,,,
ABB,23NG23,1K61005400R5001 Processor module,,,,,
ABB,23ZG20,PCB CARD,,,,,
ACCEDIAN,AMN-1000-TE,Accedian AMN-1000-TE Network Interface Device ,€115.0,$0.00,,,
ACCELINK,8DG16581AA,OFC-MU/PC-MU/PC-S-20 Optical Cable,,,,,
ACME,TK150A4-48-M,SWITCHING Power Supply,,,,,
ACTELIS,501R00027,ACTELIS ML628,,,,,
ACTELIS,501RG0016,ACTELIS ML622,,,,,
ACTELIS,501RG0027,ACTELIS ML628,,,,,
ACTELIS,501RG0046,ACTELIS ML624,,,,,
ACTELIS,501RG0064,ACTELIS ML624i,,,,,
ADVA,0013200000,SHDCM/1HU,,,,,
ADVA,0013300003,DEFLECTOR,,,,,
ADVA,0013300006,DCM-SHELF,,,,,
ADVA,0040000101,FAN CONTROL MODULE,,,,,
ADVA,0040400101,Power Supply,,,,,
ADVA,0040700001,PSU/7HU-DC,,,,,
ADVA,0040700002,FSP3000R7   PSU/7HU-AC,,,,,
ADVA,0042000026,FAN FILLTER,,,,,
ADVA,0042700001, FAN UNIT 7HU PANEL,,,,,
ADVA,0061000055,SFP/HS/1310S SM/LC,,,,,
ADVA,0061000056,SFP/2G5U/1310S SM/LC,,,,,
ADVA,0061000057,SFP/HS/850I/MM/LC,,,,,
ADVA,0061000058,2G1/850I/MM/LC ,,,,,
ADVA,0061000091,SFP/2G5U/C1470V SM/LC,,,,,
ADVA,0061000093,SFP/2G5U/C1510V SM/LC,,,,,
ADVA,0061000094,2G5U/C1530V/SM/LC,,,,,
ADVA,0061000095,SFP/2G5U/C1550V SM/LC,,,,,
ADVA,0061000096,SFP/2G5U/C1570V SM/LC,,,,,
ADVA,0061000181,XFP/10G/1310S/SM/LC,,,,,
ADVA,0061000201,SFP/2G5U/D1530.33V SM/LC #01,,,,,
ADVA,0061000203,SFP/2G5U/D1533.47V SM/LC#03,,,,,
ADVA,0061000204,SFP/2G5U/D1535.04V/SM/LC#04,,,,,
ADVA,0061000205,SFP/2G5U/D1538.19V SM/LC#05,,,,,
ADVA,0061000206,SFP/2G5U/D1539.77V SM/LC#06,,,,,
ADVA,0061000207,SFP/2G5U/D1541.35V SM/LC#07,,,,,
ADVA,0061000208,SFP/2G5U/D1542.94V SM/LC#08,,,,,
ADVA,0061000209,SFP/2G5U/D1547.72 SM/LC#09,,,,,
ADVA,0061000210,SFP/2G5U/D1549.32V/SM/LC#10,,,,,
ADVA,0061000215,SFP/2G5U/D1558.98V/SM/LC,,,,,
ADVA,0061000216,SFP/2G5U/D1560.61V SM/LC#16,,,,,
ADVA,0061000465,SFP/HS-HT/1310S SM/LC,,,,,
ADVA,0061000567,SFP/4GU/1310S SM/LC,,,,,
ADVA,0061001002,SFP/STM16/1310S SM/LC,,,,,
ADVA,0061001004,SFP/STM16/1550V/SM/LC,,,,,
ADVA,0061001010,SFP/HS/850I MM/LC,,,,,
ADVA,0061001011,SFP/HS/1310S SM/LC,,,,,
ADVA,0061003002,SFP/LS/1310S SM/LC,,,,,
ADVA,0061701801,XFP/10G/1310S SM/LC,,,,,
ADVA,0061701802,XFP/10G/1550L/SM/LC,,,,,
ADVA,0061701811,XFP/11G/1310S/SM/LC,,,,,
ADVA,0061702692,SFP/4GU/C1490L SM/LC,,,,,
ADVA,0061702693,SFP/4GU/C1510L SM/LC,,,,,
ADVA,0061702694,SFP/4GU/C1530L SM/LC,,,,,
ADVA,0061702695,SFP/4GU/C1550L SM/LC,,,,,
ADVA,0061704495,SFP/2G5U/C1550V/SM/LC,,,,,
ADVA,0061704496,SFP/2G5U/C1570V SM/LC,,,,,
ADVA,0061704503-03,SFP/2G5U/D1531.12U/SM/LC#D03,,,,,
ADVA,0061704691,SFP/2G5U/C1470L SM/LC,,,,,
ADVA,0061704693,SFP/2G5U/C1510L SM/LC,,,,,
ADVA,0061704693-1,SFP/2G5U//C1510L/SM/LS,,,,,
ADVA,0061704695-1,SFP/2G5U/C1550L/SM/LC,,,,,
ADVA,0061704696,SFP/2G5U/C1570L,,,,,
ADVA,0061705824,SFP/HS/1310S SM/LC,,,,,
ADVA,0061705827,SFP/CL/1310I/SM/LC,,,,,
ADVA,0061705844-03,SFP/2G1/850I/MM/LC,,,,,
ADVA,0061705847,SFP/HS/850I/MM/LC,,,,,
ADVA,0061706093,SFP/ FE/ C1510EI/ SM/ LC,,,,,
ADVA,0063204095,NEMI,,,,,
ADVA,0063204096,DEMI-V2,,,,,
ADVA,0063204100,OSCM,,,,,
ADVA,0063204940,WCM-PLR,,,,,
ADVA,0063204950,C2TCM-PLR HS-MCHS,,,,,
ADVA,0063204963,CWCM-PL,,,,,
ADVA,0063205001,DWCM,,,,,
ADVA,0063205002,DWCM,,,,,
ADVA,0063205015,DWCM,,,,,
ADVA,0063205016,DWCM,,,,,
ADVA,0063205025,DWCM LS-T-1310L,,,,,
ADVA,0063205026,DWCM LS-T-1310L,,,,,
ADVA,0063206014,D4TCM,,,,,
ADVA,0063206105,8TMC/LS,,,,,
ADVA,0063206106,D8TCM,,,,,
ADVA,0063206204,D2TCM-HS-MCHS-1310L,,,,,
ADVA,0063206302,D2TCM,,,,,
ADVA,0063206303,2TCM,,,,,
ADVA,0063206701,D2TCM-PL-HS-MCHS,,,,,
ADVA,0063206703,2TCM-PL,,,,,
ADVA,0063206704,D2TCM-PL-HS-MCHS,,,,,
ADVA,0063206718,D2TCM-PLHS-MCHS - CHANNEL 18,,,,,
ADVA,0063206729,D2TCM-PL-HS-MCHS,,,,,
ADVA,0063206730,D2TCM-PL-HS-MCHS,,,,,
ADVA,0063206801,DWCM-PL,,,,,
ADVA,0063206803,DWCM-PL,,,,,
ADVA,0063206804,DWCM-PL,,,,,
ADVA,0063206806,DWCM-PL,,,,,
ADVA,0063206807,DWCM-PL,,,,,
ADVA,0063206808,DWCM-PL,,,,,
ADVA,0063206809,DWCM-PL/2.5GBIT/S-MC2G,,,,,
ADVA,0063206811,DWCM-PL 2.5Gbit/s-MC2G,,,,,
ADVA,0063206812,DWCM-PL 2.5Gbit/s-MC2G,,,,,
ADVA,0063206819,DWCM-PL/2G5 MC2G-CHANNEL 19,,,,,
ADVA,0063206820,DWCM - PL/2G5 MC2G-CHANNEL 20,,,,,
ADVA,0063206901,DWCM-PL 10G-MC10G CHANNEL 1,,,,,
ADVA,0063206902,DWCM-PL,,,,,
ADVA,0063207001,4BSM-LC,,,,,
ADVA,0063207101,MDXM + 1-4 INTERFACE MODULE,,,,,
ADVA,0063207109,MDXM+ 9-12,,,,,
ADVA,0063207117,MDXM+ 17-20,,,,,
ADVA,0063207125,MDXM + 25-28,,,,,
ADVA,0063207205,MDXM - 5-8,,,,,
ADVA,0063207213,MDXM-13-16,,,,,
ADVA,0063207221,MDXM - 21-24,,,,,
ADVA,0063207229,MDXM-29-32,,,,,
ADVA,0063207401,2BSM-AB,,,,,
ADVA,0063207402,CMDXM-A,,,,,
ADVA,0063207403,CMDXM-B,,,,,
ADVA,0063207800,EDFA-C,,,,,
ADVA,0063207802,DCM-40KM,,,,,
ADVA,0063300002,FSP-3000 MUX/DEMUX MODULE ,,,,,
ADVA,0063300003,MDXM,,,,,
ADVA,0063300004,MDXM 13-16,,,,,
ADVA,0063300017,8BSM,,,,,
ADVA,0063300018,8 BSM-OSF,,,,,
ADVA,0063300019,NEMI ,,,,,
ADVA,0063300024,OSFM -OPTICAL SUPERVISORY,,,,,
ADVA,0063300040,EDFA-C 63300040,,,,,
ADVA,0063300042,EDFA-CC,,,,,
ADVA,0063300044,EDFA-LL,,,,,
ADVA,0063300045,DCM-40 / plug-in,,,,,
ADVA,0063300046,NEMI-V2,,,,,
ADVA,0063300047,DEMI-A-V2,,,,,
ADVA,0063300059,OSCM-HP,,,,,
ADVA,0063300203,EDFA-P-C,,,,,
ADVA,0063300205,4BSM-C,,,,,
ADVA,0063300215,PSM-APR,,,,,
ADVA,0063301006, WCM,,,,,
ADVA,0063301007,WDM CHANNEL MODULE,,,,,
ADVA,0063301008,WCM,,,,,
ADVA,0063301009,WCM # 9 FC2488,,,,,
ADVA,0063301010,WCM#10,,,,,
ADVA,0063301011,WCM#11 FC2488,,,,,
ADVA,0063301012,WCM,,,,,
ADVA,0063301013,WCM #13 FC2488 63301013,,,,,
ADVA,0063303107,WCM # 7,,,,,
ADVA,0063303625,WCM 850MC2G 63303625,,,,,
ADVA,0063304505,WMC,,,,,
ADVA,0063304705,WCM # 5,,,,,
ADVA,0063304706,WCM # 6,,,,,
ADVA,0063304708,WCM#8 S-MC9953 -10312/V3,,,,,
ADVA,0063304713,WCM#13 S-MC9953 -10312/V3,,,,,
ADVA,0063306012,2TCM #12 MC-HS 63306012,,,,,
ADVA,0063306508,2TCM #8 E-MC-HS 63306508,,,,,
ADVA,0063306512,2TCM #12 E-MC-HS 63306512,,,,,
ADVA,0063702000,WCC-PC1N,,,,,
ADVA,0063703406,WCA-PC-10G-V#D06,,,,,
ADVA,0063703408,WCA-PC-10G-V#D08,,,,,
ADVA,0063706400,WCA-PCN-2G5U,,,,,
ADVA,0063707000,2TCA-PCN-1G3+2G5,,,,,
ADVA,0063708410,NCU,,,,,
ADVA,0063708420,SCU,,,,,
ADVA,0063708461,OSCM-V#1630,,,,,
ADVA,0063708462,2OSCM,,,,,
ADVA,0063708480,OSFM+ #1630,,,,,
ADVA,0063708504,4GSM- #D01-#D16,,,,,
ADVA,0063708601,4CSM-D01-D04,,,,,
ADVA,0063708701,4CSM+#D01-#D04,,,,,
ADVA,0063708702,4CSM+ #D05-#D08,,,,,
ADVA,0063708802,4CSM-#C1470-#C1610,,,,,
ADVA,0063708805,8-PORT CWDM CHANNEL SPLITTER M,,,,,
ADVA,0063709023,EDFA-C-S18-GC,,,,,
ADVA,0063709024,EDFA,,,,,
ADVA,0063709041,EDFA,,,,,
ADVA,0063709222, DCF-M,,,,,
ADVA,0068200001,RSM/OSC,,,,,
ADVA,0068200014,OSCM-OLM/1630,,,,,
ADVA,0069500020,NEMI,,,,,
ADVA,0069500060,FSP500 SNMP MANAGEMENT,,,,,
ADVA,0069501020,ETHERNET/E1/HOT STANDBY TRANSC,,,,,
ADVA,0069503550,Gigabit Ethernet - SM1300NM,,,,,
ADVA,0069503610,GIGABIT ETHERNET CARD,,,,,
ADVA,0078200001,CHASSIS,,,,,
ADVA,0078200002,FSP2000,,,,,
ADVA,0078200003,CHASSIS,,,,,
ADVA,0078300084,SHELF DC&FA ETSI,,,,,
ADVA,0078300085,PU 3000,,,,,
ADVA,0078300086,SHELF-DC,,,,,
ADVA,0078700061,FSP3000R7 SH1HU-R,,,,,
ADVA,0078700101,FSP 3000R7 SH7HU,,,,,
ADVA,0078903003,FSP150CP,,,,,
ADVA,0078903004,FSP150CP,,,,,
ADVA,0078903008,FSP150CP/ADV/CP/GIG/2DC/NEMI,,,,,
ADVA,0078941506,FSP 1500,,,,,
ADVA,0078941507,F1500/M/P/S 78941507,,,,,
ADVA,0079501020,FSP 500,,,,,
ADVA,1040700004,PSU/7HU-AC-HP,,,,,
ADVA,1040904050,Power Supply UNIT - 120/240VAC,,,,,
ADVA,1061001894-01,XFP/B1330L/SM/LC/TIN,,,,,
ADVA,1061701401-05,XFP DWDM 1529.55NM ZR SMF 80,,,,,
ADVA,1061701402-05,XFP/11G/D1530.33V/SM/LC#D02,,,,,
ADVA,1061701403-05,XFP/11G/D1531.12V/SM/LC#D03,,,,,
ADVA,1061701404-05,XFP/11G/D1531.90V-SM/LC,,,,,
ADVA,1061701406-05,XFP/11G/D1534.25V/SM/LC#D06,,,,,
ADVA,1061701408-05,XFP/11G/D1535.82VSM/LC#D08,,,,,
ADVA,1061701409-05,XFP/11G/D1537.40V/SM/LC#D09,,,,,
ADVA,1061701411-05,XFP/11G/D1538.98V/SM/LC#D11,,,,,
ADVA,1061701413-05,XFP/11G/D1541.135VSM7LC#D13,,,,,
ADVA,1061701414-05,XFP/111G/D1542.14V/SM/LC#D14,,,,,
ADVA,1061701421-05,XFP/11G/D1550.92V/SM/LC#D21,,,,,
ADVA,1061701428-05,XFP/11G/D1557.36V/SM/LC#D28,,,,,
ADVA,1061701465-05,XFP/11G/D1532.68V/SM/LC#DC1,,,,,
ADVA,1061701466-05,XFP/11G/D1536.61V/SM/LC#DC2,,,,,
ADVA,1061701467-05,XFP/11G/D1540.56VSM/LC #DC3,,,,,
ADVA,1061701833-02,XFP/8G/1310S/SM/LC,,,,,
ADVA,1061701837-02,XFP/8G/850I/MM/LC,,,,,
ADVA,1061701854-03,SFP+/11GU/850I/MM/LC,,,,,
ADVA,1061702019-01,SFP+/11GU/#19510L50/SM/LC#DC2,,,,,
ADVA,1061702023-01,SFP+/11GU#19490L50/SM/LC#D10,,,,,
ADVA,1061702201,XFP/8G/#19580L/SM/LC#D02,,,,,
ADVA,1061702203,XFP/8G/#19570L/SM/LC#D04,,,,,
ADVA,1061702213,XFP/8G/#19470L/SM/LC#D12,,,,,
ADVA,1061702215,XFP/8G/19450L/SM/LC,,,,,
ADVA,1061702217,XFP/8G/#19430L/SM/LC#D15,,,,,
ADVA,1061702218,XFP/8G#19420L/SM/LC#D16,,,,,
ADVA,1061702223,XFP/8G/#19370L/SM/LC#D18,,,,,
ADVA,1063707635-01,5TCE-PCTN / 8GU+AES10GS-V #DC,,,,,
ADVA,1063707640-01,5TCE-PCN 10GU+10G,,,,,
ADVA,1063708423-01,WW SCU-II,,,,,
ADVA,1063708481,OSFM+ #1510,,,,,
ADVA,1078708790,40-PORT MUX/DMX CHANNEL SPLITT,,,,,
ADVA,4000.1220,AC/DC Power Supply,,,,,
ADVA,4001.1230,DC/DC Power Supply,,,,,
ADVA,4030972002,FSP3007 R7  SH7 HU,,,,,
ADVA,607800002,0,,,,,
ADVA,78700101,FSP-3000R7-7HU CHASSIS,,,,,
ADVA,ADVAFSP-2000FAN,FAN UNIT,,,,,
ADVA,UN344269584,SFP+/11GU850I/MM/LC,,,,,
ADVANCED ENERGY,D18368-011,MPCMM0001Q Advanced Energy TCA Chassis Management Module,€547.4,$0.00,,,
ADVANCED ENERGY,D79488-006,-48V B TCA POWER,€230.0,$0.00,,,
AEG,3AW01052AA,ACM1000,,,,,
AEG,3AW01177AC,SMI2000HD,,,,,
AEG,ACMI1000HD-1U,Control Module,,,,,
AEG,MPI80HD,DC CORE POWER MODULE,,,,,
AEG,S.E.48V700W1U,,,,,,
AEG,T302007000,CANDIS TCP-IP,,,,,
AEG,T322010000,TSI-T2S-BRAVO,,,,,
AETHRA,TRQ2102,ISDN NETWORK TERMINATION,,,,,
AGILENT,HFBR5601,1000BASE SX 850NM,,,,,
AGILENT,HFCT5611,1000BASE LX 1300NM,,,,,
AGISSON,27100046,DTMA2100 ATA212001 Low Noise Amplifier,€0.0,$0.00,,,
AGISSON,ATA212001,DTMA21 007 2100 12dB AISG2 0 ATA212001,€0.0,$0.00,,,
AGUILERA,AE/AX30TRISA-PA-05,ALARM CONTROLLER,,,,,
AIRSPAN,AIRVELOCITYNG1200,FEMTOCELL 2 -6GHZ - High Speed Indoor LTE Small Cell,€54.8,$0.00,,,
ALBRIGHT,CZJ-150S/48-48AL,CONTACTOR,€0.0,$0.00,,,
ALBRIGHT,CZJ-300S/48-48AL,CONTACTOR,€0.0,$0.00,,,
ALBRIGHT,RU80F-5009M,Low Voltage Contactor,€0.0,$0.00,,,
ALBRIGHT,SU80-5056FM,Albright SU80-5056FM 60V CONTACTOR,€0.0,$0.00,,,
ALBRIGHT,SU80F-5056M,CONTACTOR,€0.0,$0.00,,,
ALBRIGHT,SW150A-100460V,Albright SW150A-1004 60V  Bara contactor,€0.0,$0.00,,,
ALBRIGHT,SW250A-1004-60V,CONTACTOR,€0.0,$0.00,,,
ALBRIGHT,SW260-47M,Albright SW260-47M 60V  BUSBAR CONTACTOR,€0.0,$0.00,,,
ALBRIGHT,SW280-47M48V,Albright SW280-47M 48V DC CONTACTOR,€0.0,$0.00,,,
ALBRIGHT,SW300-1004M,Albright SW300-1004M 48/60V  CONTACTOR,€0.0,$0.00,,,
ALBRIGHT,SW560-45M,Albright SW560-45M 60V BUSBAR CONTACTOR,€0.0,$0.00,,,
ALBRIGHT,SW800-53M-60V,CONTACTOR,€0.0,$0.00,,,
ALLGON,80570.01A,APDU ,,,,,
ALLGON,ALR6200/00102,Cellular Telephone Repeater,,,,,
ALLGON,AR1100/00202,6 channel GSM,,,,,
ALLGON,AR1100/00402,Cellular Telephone Repeater,,,,,
ALLGON,EA10122/1,Upgrade Kit 2CH-4CH inkl.Dok,,,,,
ALLGON,FG20086,12V/0.8H Battery,,,,,
ALLGON,K101/1,LNA Board UL,,,,,
ALLGON,K101/2,LNA Board DL,,,,,
ALLGON,K102/1,CHA Board UL 2W,,,,,
ALLGON,K102/2,CHA Board DL 2W,,,,,
ALLGON,K102/3,CHA Board UL 2W,,,,,
ALLGON,K102/4,CHA Board DL 2W,,,,,
ALLGON,K103/2,CU Board,,,,,
ALLGON,K105/1,DIA Board,,,,,
ALLGON,K111/1,LED Board,,,,,
ALLGON,K112/1,ALI Board,,,,,
ALLGON,UA10111/1,PSU 230V AC-26V DC,,,,,
ALLGON,UA10151/1,Power Supply UNIT,,,,,
ALLGON,UA10601/01,Duplexer,,,,,
ALLIED,844-000323-00,PRIE1T1,,,,,
ALLIED,990-001106-50,AT-AR440S-50,,,,,
ALLIED,990-001304-00,SP,,,,,
ALLIED,990-01684-20,AT-MC15-20,,,,,
ALLIED,AT-8000S/24,AT-8000S 24 PORT SWITCH,,,,,
ALLIED,AT-AR240E,allied Telesyn ADSL Router AR240E,,,,,
ALLIED,AT-AR250E,router,,,,,
ALLIED,AT-AR255E,ADSL ROUTER AT-AR255E,,,,,
ALLIED,AT-AR390,CENTRECOM AR390,,,,,
ALLIED,AT-AR410,Allied Telesis AT AR410 - Router,,,,,
ALLIED,AT-AR440S,Allied Telesis AT-AR440S ,,,,,
ALLIED,AT-AR745, Router,,,,,
ALLIED,AT-AR750S,Secure VPN Router,,,,,
ALLIED,AT-G8LX10,SINGLE MODE 1310NM GBIC TRANS,,,,,
ALLIED,AT-SPTX,AT-SPTX 1000BASE-T,,,,,
ALLIED,AT8000S/24,,,,,,
ALLIED TELESYS,AT-9924TL-EMC2,Allied Telesis AT-9924TL-EMC2 24 Port +4 SFP 16MB Flash Gigabit Switch,€32.9,$0.00,,,
ALLOT,SGSE-SFB-300,SFB-300 Module,,,,,
ALLOT,SGSE-SGCC-300-,SGSE-SGCC-300,,,,,
ALLOT,SGSE-SGCC-300,Sgse-sgcc-300- Card Advanced Allot Cc-300,,,,,
ALLOT,SGT-SFB-400,Sgt-sfb-400-card Advanced Tca Sfb-400,,,,,
ALVARION,100030,Walkair BS-BU 3.5 Ghz 220V,,,,,
ALVARION,400205,QBRI FEEDING MODULE,,,,,
ALVARION,854522,SU-A-5.4-54-BD-H-VL BreezeACCESS VL,,,,,
ALVARION,DS11-R8-ETSI(V4),812505 REMOTE BRIDGE W/Antenna 15.5DBI 2 -4-2 -7GHZ,€0.0,$0.00,,,
AMPHENOL,AS-HM-ATT-100W-30-A,100W 30dB ATTENUATOR,€0.0,$0.00,,,
ANDREW,7501028-0001,NODE N 2137,,,,,
ANDREW,ATM200-A20,RET,€109.5,$0.00,,,
ANDREW,BCAC090-250V-OAM,,,,,,
ANDREW,F090KKS3-HU,Cable MICROWAVE RAU commscope 64MM 127MM 310DEG/M,€0.0,$0.00,,,
ANDREW,F112KKC3-HU,Cable MICROWAVE RAU COMMSCOPE 76MM 152MM 264DEG/M,€5 -750.0,$0.00,,,
ANDREW,MR2118-918,Andrew UMTS-GSM900 Dual-band Selective Mini Repeater,€109.5,$0.00,,,
ANDREW,VHLP1-26-RR1,Antenna,€0.0,$0.00,,,
ANDREW,VHLP1-38-RC1,Anttenna - 37.0GHz-40.0GHz,,,,,
ANDREW,VHLP1-80-HW2,ANTENNA DIA 0.3m 80GHz  5psi(35kPa),€273.8,$0.00,,,
ANDREW,VHLP2-23-NC3,23GHz-60cm,€164.3,$0.00,,,
ANDREW,VHLP2-370-F04,0.6 METER ANTENNA,,,,,
ANDREWS,S-2-CPUSE-H,High Power Splitter,,,,,
ANDREWS,S-3-CPUSE-H,High Power Splitter,,,,,
ANRITSU,MD6430A,NETWORK DATA ANALYSER,,,,,
APC,AP9617,NETWORK MANAGEMENT CARD,,,,,
APC,SRT1000XLI,APC SRT 1000 230V,,,,,
APERTO,106-20000600-01,PacketWave 130 Subscriber Radi,,,,,
APERTO,106-20000700-01,PacketWave 750 Subscriber Radi,,,,,
APERTO,PM-BSR-35X,PacketMax 3.5GHZ Antenna,,,,,
APERTO,PM100-35-A-01,PACKETMAX 100,,,,,
APERTO,PM100-35-N,PACKETMAX 100,,,,,
APERTO,PM5000X-WSC-S-24,PacketMax PM5000-WSC-S-24,,,,,
APPEAR,470005000#33,10000089 IP SWITCH,,,,,
APPEAR,470009000#39,10000194 POWER CARD AC,,,,,
APPEAR,470017000#41,10000375 IP IO,,,,,
APPEAR,470019001#14,10000402 COFDM FRONTEND VER:11,,,,,
APPEAR,470019001#15,10000402 COFDM FRONTEND VER.11,,,,,
APPEAR,470051002#2,10001116 PWR CARD 400W PSU,,,,,
APPEAR,470058000#5,10001189 UMOD RF MODULATOR,,,,,
APPEAR,470058000#7,10001189 UMOD RF MODULATOR,,,,,
ARGUS,010-567-20,ARGUS - Rectifier,€158.8,$0.00,,,
ARPERS,SFP-10G-LR-COM,10GBASE-LR SFP+ 1310nm 10km LC DDM ,,,,,
ARTESYN,7000051-0000,CISCO GSR 16 DC-PEM,,,,,
ARUBA,AP-305,APINO305,,,,,
AS,2065R,Ascotel IntelliGate,,,,,
ASCOM,1.9335.050,Ascom Rectifier FR 48V-3000W,,,,,
ASCOM,1.9390.050,Ascom Rectifier FI 48/230V-1000VA ,,,,,
ASCOM,34-0918-03,ASCOM MILAN 3 1300W,,,,,
ASCOM,40071189900/C,PSUP,,,,,
ASCOM,D0006218,FR 48V-3000W A-BUS,,,,,
ASTORIA,FWVLT518002J,ARV7518PW-A-LF-LT,,,,,
ATA902001,027100050,DTMA900E DTMA09 017 E900 12dB 8 16dB AISG2 0 ATA9,,,,,
ATEL,LC/UPC-SC/APC-15M,LC/UPC-SC/APC - JUMPER CABLE 15M MM Optical Cable,€0.0,$0.00,,,
ATRICA,AT10103,10GBase-ER - 1550nm - 70km - LC,,,,,
ATRICA,AT12003-00-AA,Carrier Ethernet Access Switch,,,,,
ATRICA,AT20004,Gigabit Ethernet Access Module,,,,,
ATRICA,AT20010,E1 CES ACCESS MODULE,,,,,
ATRICA,AT20011,BLANK PANEL,,,,,
ATRICA,AT22038-00-AA,DC Power Supply FOR A-2200 -ETS,,,,,
ATRICA,AT40004,A-4000 SERIES FAN TRAY,,,,,
AV,AFBR-57R5APZ,SFP 4.25Gb - 850nm -0.5Km,€230.0,$0.00,,,
AV,AFBR-703SDZ,SFP,€230.0,$0.00,,,
AV,AFBR-703SDZ-ST1,10G BASE-SR 850 nm SFP Transceiver,,,,,
AV,HFBR-57E0PZ,1.25Gb -1300nm,,,,,
AV,HFBR-57M5AP,2.125Gb -850nm -300m,,,,,
AVAGO,ABCU-5700RZ-NT4,1000Base-T SFP+ RJ-45 1.25GBd Transceiver Module,€230.0,$0.00,,,
AVAGO,ABCU-5710RZ,SFP,€230.0,$0.00,,,
AVAGO,ABCU-5710RZ-BN1,1 Gigabit BASE-T Optical SFP Transceiver,€230.0,$0.00,,,
AVAGO,ABCU-5740RZ,1000BASE-T 1.25GBd,,,,,
AVAGO,AFBR-5601Z,1000 BASE-SX/850nm/LASER PROD,,,,,
AVAGO,AFBR-5705APZ,TRANSCEIVER 850nm 21CFR SFP,,,,,
AVAGO,AFBR-5710PZ,1000BASE-SX SFP TRANSCEIVER MODULE,,,,,
AVAGO,AFBR-5715P2-JU1,SFP,€230.0,$0.00,,,
AVAGO,AFBR-57D5APZ-ELX,SFP,€230.0,$0.00,,,
AVAGO,AFBR-57D7AMZ-QL,SFP,€230.0,$0.00,,,
AVAGO,AFBR-57D7APZ-E2,SFP,€230.0,$0.00,,,
AVAGO,AFBR-57D7APZ-ELX,SFP,€230.0,$0.00,,,
AVAGO,AFBR-57D7APZ-HP4,SFP,€230.0,$0.00,,,
AVAGO,AFBR-57D7APZ-IB1,SFP,€230.0,$0.00,,,
AVAGO,AFBR-57D9AMZ,SFP,€230.0,$0.00,,,
AVAGO,AFBR-57D9AMZ-HP4,SFP,€230.0,$0.00,,,
AVAGO,AFBR-57D9AMZ-HP7,SFP,€230.0,$0.00,,,
AVAGO,AFBR-57DFAPZ-E2,SFP,€230.0,$0.00,,,
AVAGO,AFBR-57F5AMZ-HP1,SFP,€230.0,$0.00,,,
AVAGO,AFBR-57F5AMZ-HP3,SFP,€230.0,$0.00,,,
AVAGO,AFBR-57F5M2-ELX,SFP,€230.0,$0.00,,,
AVAGO,AFBR-57J5APZ,SFP Transceiver AVAGO,,,,,
AVAGO,AFBR-57J7APZ,SFP Transceiver AVAGO,,,,,
AVAGO,AFBR-57M5APZ,SFP,€230.0,$0.00,,,
AVAGO,AFBR-57R5AEZ,SFP,€230.0,$0.00,,,
AVAGO,AFBR-57R5AEZ-HP1,SFP,€230.0,$0.00,,,
AVAGO,AFBR-57R6APZ-EMC,OBJ-02 MM SPS,€230.0,$0.00,,,
AVAGO,AFBR-703SDZ-SN1,SFP 10G BASE-SR 1000BASE -SX OPTICAL SFP,€230.0,$0.00,,,
AVAGO,AFBR-709ASMZ,SFP 850nm laser Prod 21cfr,€230.0,$0.00,,,
AVAGO,AFBR-8420Z,SFP 850nm laser prod21cfr,€230.0,$0.00,,,
AVAGO,AFBR-8422IDZ,SFP 850nm laser Prod 21cfr,€230.0,$0.00,,,
AVAGO,AFCT-5611Z,1000 BASE-LX 1300nm LASER PROD,,,,,
AVAGO,AFCT-5710APZ,AFCT-5710APZ,€230.0,$0.00,,,
AVAGO,AFCT-5710PZ,1000BASE-LX SFP 1310nm 10km,,,,,
AVAGO,AFCT-5715LZ,SFP,€230.0,$0.00,,,
AVAGO,AFCT-57R5APZ-IB,SFP,€230.0,$0.00,,,
AVAGO,AFCT-721XPDZ,SFP,€230.0,$0.00,,,
AVAGO,HFBR57E5APZ,SFP,€230.0,$0.00,,,
AVAGO,HFCT5760TP,SFP,€230.0,$0.00,,,
AVAGO,HFCT-5710LP,1310nm - 1.25Gb - 10Km,,,,,
AVAGO,HFCT-721XPD,SFP,€230.0,$0.00,,,
AVAGO,JSHR42L305AB6,SFP,€230.0,$0.00,,,
AVAGO,SP-03-IR1-IDFH,SFP,€230.0,$0.00,,,
AVARA,P21021.02,DFX1000,,,,,
AVARA,P21022.06,SFP-DFW-XD-T15-50,,,,,
AVAYA,649A,POWER UNIT,,,,,
AVAYA,700397037,G250-BRI MEDIA GATEWAY,,,,,
AVAYA,700434897,AVAYA 1151D1 Power Supply,,,,,
AVAYA,AL4500A12-E6,ETHERNET ROUTING SWITCH,,,,,
AVAYA,BU3200A,BAT PK,,,,,
AVAYA,S8300B-S1,MEDIA SERVER,,,,,
AVAYA,TN2182C,Tone Clock Card V2,,,,,
AVAYA,TN2302AP,IP MEDIA PROCESSOR,,,,,
AVAYA,TN2312AP,IP SERVER INTERFACE,,,,,
AVAYA,TN2464,DS1 INTFC 24/32,,,,,
AVAYA,TN2464BP,DS1 INTERFACE,,,,,
AVAYA,TN2464CP,DS1 INTERFACE,,,,,
AVAYA,TN570D,EXPANSION INTERFACE,,,,,
AVAYA,TN572,SWITCH NODE CLOCK,,,,,
AVAYA,TN573B,SWITCH NODE INTERFACE,,,,,
AVAYA,TN744E,CALL CLASSIFIER TONE DETECTOR,,,,,
AVAYA,TN771DP,MAINTENANCE AND TEST,,,,,
AVAYA,TN775D,EPN MAINTENANCE BOARD,,,,,
AVAYA,TN799DP,CONTROL LAN (C-LAN) INTERFACE,,,,,
AVIAT,EAH-23-1008-022,ODU 300 HP (23GHZ),,,,,
AVIAT,EXR-660-001,RAC60 and RAC 60E  ,,,,,
AVIAT,EXR-660-002,AVIAT RAC60,,,,,
AVIAT,W3100-38-1260-1L,WTM3100 (ALL OUTDOOR PACKET RADIO),,,,,
AVIAT,W3100-38-1260-H1,WTM3100 (ALL OUTDOOR PACKET RADIO),,,,,
AVOCENT,520-488-502,ACS16 SAC,,,,,
AVS,AVSBSR933C, Signal Amplifier,€0.0,$0.00,,,
AXCEN,AXGD-1354-0533,SFP-1000LX-DD-1T,,,,,
AXERRA,INI-0200,INI-200,,,,,
AXIS,0213-001-01,NETWORK VIDEO DECODER,,,,,
BARAN,52070AOB,Frecoling Control Unit Baran,€0.0,$0.00,,,
BEEK,BN-S10G-LR,SFP,€230.0,$0.00,,,
BENNING,121360,G48E230/2.17/2rfg-Wg 0.5,,,,,
BLACKBOX,325-01911-22,MTU9085-75B-BBX,,,,,
BLACKBOX,LE1502A-R3,Ethernet Media Converter,,,,,
BLACKBOX,LFP411,SFP/1250 EXT DIAG MM 850 LC 550M,,,,,
BLACKBOX,LFP413,SFP/1250 EXT DIAG SM 1310 LC 10KM,,,,,
BLACKBOX,TL073A-R4,BLACK BOX,,,,,
BLADE,BN-CKM-SP-LR,SFP,€230.0,$0.00,,,
BLUE COAT,SG-S200-20/30,BLUE COAT S200 NETWORK MANAGEMENT SECURITY AP,,,,,
BLUE COAT,SG-S400-30,BLUE COAT PROXY EDITION S400 APPLIANCE,,,,,
BOSCH,62.7021.500,,,,,,
BRAGA MORO,NI-X-SF1,XMR/MLX 4-slot system switch fabric module,,,,,
BRAGA MORO,SRCCV026-A,SRCCV026-A ,,,,,
BRAGA MORO,SRDCV061-A,POWER UNIT ,,,,,
BRIDGETECH,VB120,BRIDGE TECH 120,,,,,
BRIDGETECH,VB250,BRIDGE TECH 250,,,,,
BROCADE,57-0000088-01,SFP 16G SW,€5.8,$0.00,,,
BROCADE,57-1000117-01,SFP,€230.0,$0.00,,,
BROCADE,60-1000375-13, 48-Port 8Gb SAN FC8-48 (105-000-185),,,,,
BROCADE,60-1000376-08,CP8 Control Processor   (105-000-138),,,,,
BROCADE,60-1000377-11, AK857A core routing blade CR8 (105-000-139),,,,,
BROCADE,60-1000384-09,AK857A FAN BLOWER  (481553-001),,,,,
BROCADE,60-1001862-11,EXHAUST FAN ASSY W/ AIR FILTER,,,,,
BROCADE,80-1001254-11,EM-DCX-0001 (100-652-512),,,,,
BROCADE,80-1001373-05,HP-DCX-0001  (AK857B),,,,,
BROCADE,MLX-4,4-slot NetIron MLX-4 AC system,,,,,
BROCADE,MLX-8,8-slot NetIron MLX-8 AC system,,,,,
BROCADE,NI-MLX-10GX4,NetIron MLX Series 4-port 10-GbE module with IPv4/IPv6/MPLS hardware support ,,,,,
BROCADE,NI-MLX-1GX20-GC,NetIron XMR Series 20-port 10/100/1000 copper module with IPv4/IPv6/,,,,,
BROCADE,NI-MLX-MR,MR Management modules,,,,,
BROCADE,NI-X-ACPWR-A,1200W AC Power Supply: Internal Power Supplies,,,,,
BROCADE,NI-X-SF3,XMR/MLX 8-/16-slot system switch fabric module,,,,,
BROCADE,NI-XMR-1GX20-SFP,XMR Series 20-port FE/GE (100/1000) module with IPv4/IPv6/MPLS,,,,,
BROCADE,NI-XMR-MR,system management module - 2 GB SDRAM - dual PCMCIA slots - EIA/TIA-232 ,,,,,
BROCADE,XMR8000,8-slot NetIron MLX-8 AC system,,,,,
BROCODE,57-1000012-01,SFP 8G SW,€230.0,$0.00,,,
CABLETRON,200-009-01,SSR-PS-16 Power Supply,,,,,
CABLETRON,200-010-02,SMART SWITCH ROUTER SSR-16,,,,,
CABLETRON,300-006-04,SSR-SF-16 SWITCHING FABRIC,,,,,
CABLETRON,300-015-03,SSR-2-SX-AA 1000BASE-SX,,,,,
CABLETRON,300-021-04,SSR-HTX22-08-AA 10/100BASE-TX,,,,,
CABLETRON,300-025-02,SSR-GLX-29-02 1000BASE-LX,,,,,
CABLETRON,SSR-GSX21-02,1000 BASE-SX,,,,,
CABLETRON,SSR2000R,SSR-2-B-AA,,,,,
CANOVATE,LC-SC-30MT-SM,Optical Cable SINGLE MODE LC-SC-30MT ,€0.0,$0.00,,,
CARRITECH,GLC-BX-D-40KM,1000BASE-BX SFP - 1490NM CISCO Compatible,,,,,
CARRITECH,GLC-BX-U-40KM,1000BASE-BX SFP - 1310NM,,,,,
CARRITECH,OPTICODE1000,Optical Transceiver Coding Box,,,,,
CARRITECH,SFP-10G-BX-D,10GBASE-BXD SFP+ 10KM Compatible,,,,,
CARRITECH,SFP-10G-BX-U,10GBASE-BXU SFP+ 10KM Compatible,,,,,
CARRITECH,SFP-10G-LR-C,10GBase SFP+ LR 1310nm DOM,,,,,
CELTRO,41000-1016-331,DMT1016,,,,,
CENTON,DFE-256MB-UGK,256-MB for DFE-Modules,,,,,
CERAGON,01-C23690L1,CERAGON ODU,,,,,
CERAGON,01-F38717HO,CERAGON ODU,,,,,
CERAGON,09-A0003-9,CERAGON FibeAir IP-10,,,,,
CERAGON,09-A011-8,CERAGON Fibeair IP10,,,,,
CERAGON,09-A011-9,CERAGON FibeAIR IP-10,,,,,
CERAGON,EA-0273-0,FAN TRAY,,,,,
CERAGON,EA-0482-0,LIC-T155-ACR,,,,,
CERAGON,EA-0489-0,TCC-B,,,,,
CHECKPOINT,CHECKPOINTP-10,CHECK POINT P-10,€172.5,$0.00,,,
CHECKPOINT,CHECKPOINTP-20,CHECK POINT P-20,€575.0,$0.00,,,
CHECKPOINT,CONNECTRA-9072,Check Point Connectra 9072 Security Appliance,,,,,
CHECKPOINT,CONNECTRA9072,CONNECTRA-9072,€287.5,$0.00,,,
CHECKPOINT,CPAC-TR-10SR,Check Point CPAC-TR-10SR Compatible 10GBASE-SR SFP+ Transceiver,,,,,
CHEROKEE,PWR-T1600-3-80-DC-S,IPUPAC7KTB,,,,,
CHEROKEE,PWR-T1600-4-60-DC-S,740-023211,,,,,
CHEROKEE,SP616-Y01A,AC Power Supply PSU 100-240V,,,,,
CIENA,110-4201-311,CN4200MC-SFF,,,,,
CIENA,130-4900-900,XFP-OPT-LR,,,,,
CIENA,166-0004-900,CN-ALM-STD-MC,,,,,
CIENA,166-0019-900,FAN FILTER FOR CN 4200,,,,,
CIENA,166-0030-900,OAV-VS-U-CP,,,,,
CIENA,500-4200-001,CN4200 WL MANAGER CHASSIS,,,,,
CIENA,500-4200-202,CN-PSM-DC400,,,,,
CIENA,500-4200-300,CN4200 FAN TRAY MODULE,,,,,
CIENA,700-1006-001,OPT-47,,,,,
CIENA,700-1006-004,OPT-53,,,,,
CIENA,700-1006-006,OPT-57 OPTICAL TRANSCEIVER,,,,,
CIENA,700-1016-002,OPT-LX-M,,,,,
CIENA,700-1035-005,OPT-55-U,,,,,
CIENA,700-1035-008,OPT-61-U,,,,,
CIENA,720-0015-001,CN-ALM-STD,,,,,
CIENA,820-0000-001,CN-4200,,,,,
CIENA,B-700-1006-001,OPT-47 ,,,,,
CIENA,B-700-1006-005,OPT-55 OPTICAL TRANSCEIVER,,,,,
CIENA,B-700-1006-006,OPT-57 OPTICAL TRANSCEIVER,,,,,
CIENA,B-700-1016-002,OPTICAL TRANSCEIVER,,,,,
CIENA,B-700-1035-005,OPT-55-U OPTICAL TRANSCEIVER,,,,,
CIENA,B-700-1036-001,OPTICAL TRANSCEIVER,,,,,
CIENA,B-720-0010-002,CN4200 FAN TRAY MODULE,,,,,
CIENA,B-720-0011-001,FAN AIR FILTER,,,,,
CIENA,B-720-0011-002,FAN AIR FILTER,,,,,
CIENA,B-720-0015-001,CN4200 ALARM MODULE,,,,,
CIENA,B-720-0015-002,ENHNCD ALARM MODULE - STNDRD LEDS & MISC DISCRETE INPUTS/OUTPUTS,,,,,
CIENA,B-720-0018-002,CN-PSM-DC400,,,,,
CIENA,B-720-1086-300,CN4200 10GBE & STM64 CLT; UP OTU2 FEC; 50GZ T-DWDM; XFP-R,,,,,
CIENA,B-730-0001-001,OPT TRCVR,,,,,
CIENA,B-730-0004-001, SFP TRCVR,,,,,
CIENA,B-820-0007-001,CN4200 WL MANAGER CHASSIS,,,,,
CIENA,B-966-0006-002,CN4200-M6S-F-AD2,,,,,
CIENA,NT6Q59CAE6,OME6130 DC CABLE 3M,,,,,
CIENA,S75‑LIC‑3926EO‑P,Software license (perpetual) for Ciena 3926 router’s SAOS – Ethernet & OAM base OS,,,,,
CISCO,BPX-ASM-BC,ASM CISCO Board FOR 8600 (73-211910-00-C2),€54.8,$0.00,,,
CISCO,002-0507-50,SPU - SIG PROC UN NET-NET 9200,,,,,
CISCO,002-0508-50,4.11  -  NET PROC UN NET-NET 9200,,,,,
CISCO,1-100GE-DWDM/C,CISCO 1-Port 100 Gigabit Ethernet Coherent DWDM Interface Card,,,,,
CISCO,10-1747-01,10-1747-01 100/200-M5/M6-SN-I/1000BASE-SX GBIC - SN-SFP-FCGEMM-LC,€230.0,$0.00,,,
CISCO,10-1829-01,622/stm4 Single Mode Intermediate Reach Sonet SFP,,,,,
CISCO,10-1832-03,15454-SFP-GE+-LX GE/FC1-2G,,,,,
CISCO,10-1838-04,XENPAK-10GB-LR,€11.0,$0.00,,,
CISCO,10-1989-03,XFP-10GLR-OC1925R 10GBase-LR OC192SR Fiber Optic SFP Transceiver,€230.0,$0.00,,,
CISCO,10-1989-04,XFP-10GLR-OC192SR,,,,,
CISCO,10-1991-02,XENPAK-10GB-LX4,€40.5,$0.00,,,
CISCO,10-2012-02,OC192SR1/STM64 ONS-XC-10G-S1,,,,,
CISCO,10-2014-03,XENPAK-10GB-SR,€230.0,$0.00,,,
CISCO,10-2017-01,ONS-SE-2G-S1,,,,,
CISCO,10-2034-01,POM-OC48-SR-LC-C,,,,,
CISCO,10-2143-01,SFP,€230.0,$0.00,,,
CISCO,10-2144-01,CISCO SFP-GE-L 1GB SFP TRANSCEIVER MODULE,€0.0,$0.00,,,
CISCO,10-2194-03,ONS-XC-10G-L2,,,,,
CISCO,10-2205-03,CISCO OPTICAL TRANSCEIVER X2-10GBASE-SR 10GB V03,,,,,
CISCO,10-2205-05,10G CISCO X2-10GB-SR 10GBASE-SR X2 MODULE,€230.0,$0.00,,,
CISCO,10-2273-02,ONS-SE-G2F-LX,,,,,
CISCO,10-2273-03,ONS-SE-G2F-LX,,,,,
CISCO,10-2326-02,ONS-XC-10G-47.7,,,,,
CISCO,10-2410-01,XFP-10G-MM-SR,€230.0,$0.00,,,
CISCO,10-2410-02,SFP,€230.0,$0.00,,,
CISCO,10-2480-01,ONS-XC-10G-C,,,,,
CISCO,10-2480-02,ONS-XC-10G-C,,,,,
CISCO,10-2566-02,SFP Optical 10GB + Fabric Extender Transceiver,€230.0,$0.00,,,
CISCO,10-2625-01,GLC-LH-SMD SFP-GE-Z,,,,,
CISCO,10-2625-02,GLC-LH-SMD,,,,,
CISCO,10000-SIP-600,SPA INTERFACE PROCESSOR,,,,,
CISCO,10720-GE-FE-TX-B,4 PORT 10/100 ETHERNET RJ45,,,,,
CISCO,10720-RPR-SFP,RPR/SRP ,,,,,
CISCO,10GBASE-LR,SFP+ Module SMF DOM CISCO Compatible ,,,,,
CISCO,1200-SIP-601,CISCO 12000 IP Services Engine 12000-SIP-601 Multirate 10G IP Services Engine (Modular),,,,,
CISCO,12000-16-DC-PEM,2400W DC Power Supply,,,,,
CISCO,12000-SIP-501,CISCO Multirate 5G IP Services Engines (Modular),€273.8,$0.00,,,
CISCO,12000-SIP-601,CISCO 12000 Multirate 10G IP Services Engines (Modular),€273.8,$0.00,,,
CISCO,12000/10-DC-PEM,CISCO DC PS 12000 SERIES,,,,,
CISCO,12000/10/16-BLWER,Enhanced 1xBlower for CISCO 12000 10-slot or 16-slot Chassis,,,,,
CISCO,12000/16-DC-PEM,2400W DC Power Supply,,,,,
CISCO,14X10GBE-WL-XFP,800-32837-03 A1,,,,,
CISCO,15-2853-01,CISCO 16MB EDO Module,,,,,
CISCO,15-3291-01,100p-16MB SDRAM,,,,,
CISCO,15-8857-02,CISCO 12000 SERIES PRP-2 2GB MEMORY,,,,,
CISCO,16-1378-01,16-1378-01 32MB FLASH CARD RFQ,,,,,
CISCO,16-2116-01,48MB ATA FLASH CARD,,,,,
CISCO,16-2117-01,128MB ATA Flash,,,,,
CISCO,16-3527-01,CISCO 2GB CompactFlash,,,,,
CISCO,17-7467-02,256MB CF for the CISCO,,,,,
CISCO,1X100GBE,CRS-3 1-Port 100 Gigabit Ethernet Interface Module,,,,,
CISCO,2-10GE-WL-FLEX,2 Port 10 GE Module ,,,,,
CISCO,21CFR1040.10,OC3IR1/STM1 S-1.1,€109.5,$0.00,,,
CISCO,251-00-0043,CISCO ASR 5000 Power Supply  ,,,,,
CISCO,261-00-0074,CISCO ASR 5000 (CRPQABKDAA),,,,,
CISCO,2821,ROUTER 2821 AC 2GE/1NME-X/1,,,,,
CISCO,30-0703-01,1000Base-LX,,,,,
CISCO,30-0703-02,1000Base-LX,,,,,
CISCO,30-0759-02,1000Base-SX,,,,,
CISCO,30-1299-01,GLC-LH-SM ,,,,,
CISCO,30-1299-02,CISCO 1000BASE-LX/LH SFP,€230.0,$0.00,,,
CISCO,30-1299-03,GLC-LH-SM,,,,,
CISCO,30-1410-02,GLC-T 1000BASE-T 1.25GBd,,,,,
CISCO,30-1421-01,SFP-GE-T EXT,€0.0,$0.00,,,
CISCO,30-1421-02,SFP-GE-T,€230.0,$0.00,,,
CISCO,34-0687-04-B0,CISCO 280w Power Supply Unit,€21.9,$0.00,,,
CISCO,34-0687-04B0,34-0687-04-B0,,,,,
CISCO,34-0775-01,PSU for CISCO 7200,,,,,
CISCO,34-0775-02,280W DC PWR SUPPLY,,,,,
CISCO,34-0821-02,CISCO 12008 Power Supply UNIT,,,,,
CISCO,34-0830-01,DC Power Supply WS-CDC-1300W CNP1CD0CAA.,€0.0,$0.00,,,
CISCO,34-0873-01,CATALYST 4000 400W AC PSU,,,,,
CISCO,34-0918-02,1300W AC Power Supply,,,,,
CISCO,34-0934-02,Power Supply,,,,,
CISCO,34-1535-01,CISCO Catalyst 6000 2500W AC Power Supply,€54.8,$0.00,,,
CISCO,34-1535-04,2500W Power Supply,,,,,
CISCO,34-1536-01,CNP1E0HCAA  -  DC Power Supply,,,,,
CISCO,34-1536-04,CNP1E0VCAA  -  DC Power Supply,,,,,
CISCO,34-1536-05,AA23210  -  Power Supply,,,,,
CISCO,34-1547-01,Power Supply,,,,,
CISCO,34-1729-01,PSU  /  Dc Power Supply 7200 Series,,,,,
CISCO,34-1729-02,Power Supply,,,,,
CISCO,34-1729-03,C7200 DC PWR SUP,,,,,
CISCO,34-1751-03,7300 PWR DC,,,,,
CISCO,34-1847-01,CISCO 950-Watt Power Supply,,,,,
CISCO,341-0032-02,Power Supply,,,,,
CISCO,341-0043-02,4500 SERIES 2800 WATT POWER SU,,,,,
CISCO,341-0049-01,150W AC Power Supply,,,,,
CISCO,341-0054-01,60A 2400W DC Power Supply,,,,,
CISCO,341-0068-03,570W PSU,,,,,
CISCO,341-0074-05,4000W DC Power Supply ,,,,,
CISCO,341-0074-06,4000W DC Power Supply,,,,,
CISCO,341-0074-07,4000W DC Power Supply,,,,,
CISCO,341-0077-05,AC Power Supply CATALYST 6500,,,,,
CISCO,341-0123-05,Power Supply,,,,,
CISCO,341-0140-04,PWR-2700-DC/4 FOR CISCO,,,,,
CISCO,341-0186,CISCO 7600 POWER Module,€149.5,$0.00,,,
CISCO,341-0400-04A0,341-0400-04-A0,,,,,
CISCO,341-0400-04.A0,341-0400-04-A0,,,,,
CISCO,341-0400-04-A0,2KW DC Power Module Version 2,€328.6,$0.00,,,
CISCO,341-0496-01,UCSC-PSU-450W,,,,,
CISCO,3G-ANTM1919D,MULTI-BAND SWIVEL MOUNT DIPOLE ANTENNA,,,,,
CISCO,4011537.114.000.AA,P2-EDFA-MOD-1X21.5-SA 1X21.5 O,,,,,
CISCO,40C12X/POS-1-SC-B,OC-12X LN CD,,,,,
CISCO,47-14635-01,MODEL 1600SERIES CISCO ROUTER,,,,,
CISCO,47-1749-02,CISCO 7513,€0.0,$0.00,,,
CISCO,47-2953-01,CISCO 7206 SERIES CHASSIS,,,,,
CISCO,47-5380-02,CISCO 7200 SERIES VXR,,,,,
CISCO,47-5380-03,CISCO 7200 SERIES VXR CHASSIS,,,,,
CISCO,47-5380-04,CISCO Systems 7200 Series VXR Router Chasis,,,,,
CISCO,47-5380-06,CISCO 7200 SERIES VXR,,,,,
CISCO,47-5425-01,CISCO 7204VXR,,,,,
CISCO,4GE-SFP-LC,4 Port GE Line Card for CISCO12000 Service Module,,,,,
CISCO,530-00-0200,CISCO ASR 5000,,,,,
CISCO,68-1065-04,VPN 3000 CONCENTRATOR,,,,,
CISCO,68-1895-04,9-SLOT ROUTER CISCO 7600,,,,,
CISCO,68-2267-01,VPN3020 CHASSIS 2XPSU 2XSEP,,,,,
CISCO,68-2588-04,CISCO Module NPE-G2 Network Procesing Engine,,,,,
CISCO,68-3376-20,CISCO ASR1001 V03 ROUTER ,,,,,
CISCO,68-3834-03,ASR5K-0110G-MM-K9 (CRG2AGBHAB),,,,,
CISCO,68-3837-02,CISCO ASR 5000,,,,,
CISCO,700-02849-01,BLANK PLATE,,,,,
CISCO,700-03104-01,PLANK PLATE,,,,,
CISCO,700-22706-02,BLANK PLATE CISCO,,,,,
CISCO,714470.111.000.AA,P2-OPSW-SA OPTICAL SWITCH,,,,,
CISCO,72-1102-01,CABLE,,,,,
CISCO,72-1428-01,V.35 CABLE DTE 10' ,,,,,
CISCO,72-3489-01,Cable,,,,,
CISCO,72-3490-01,Cable,,,,,
CISCO,72-4099-01,Cable,,,,,
CISCO,72-4100-01,Cable,,,,,
CISCO,72-4245-01,Cable,,,,,
CISCO,7200VXR,CISCO.CISCO 7200 Router,€54.8,$0.00,,,
CISCO,7206VXR/NPE-G1,NPE-G1,€98.6,$0.00,,,
CISCO,7206VXR/NPE-G1,7206VXR with NPE-G1 & 3 GE/FE,,,,,
CISCO,7206VXR/NPE-G2,7206VXR with NPE-G2 includes 3GigE/FE/E Ports and,€284.8,$0.00,,,
CISCO,73-10250-01,,,,,,
CISCO,73-12298-04,C3KX-NM-1G,,,,,
CISCO,73-1580-05,CISCO 7200 Series Board SERIAL V35,€27.4,$0.00,,,
CISCO,73-1580-10,CISCO 7200 Series Board,€21.9,$0.00,,,
CISCO,73-1790-04,Fast Ethernet RJ45 Module,,,,,
CISCO,73-2434-04,Enhanced ATM Module Card - Switch Module,,,,,
CISCO,73-3042-04,VWIC 1MFT-E1,,,,,
CISCO,73-3042-05,VWIC 1MFT-E1,,,,,
CISCO,73-3192-02,CISCO 7200 Series Board PACKET OVER SONET/SDH,€71.2,$0.00,,,
CISCO,73-3193-02,CISCO7200 Series Board PACKET OVER SONET/SDH,€71.2,$0.00,,,
CISCO,73-6988-11,NPE-GI,,,,,
CISCO,73-6988-16,NPE-GI,,,,,
CISCO,73-7237-07,ROUTER SWITCH FEATURE CARD,,,,,
CISCO,73-7549-03,CISCO PA-MC-8TE1+ 73-7549-03 C1 PTC 232/02/020 8-PORT ADAPTOR,€38.3,$0.00,,,
CISCO,73-8388-09,NM-HDV2-2T1/E1 V05,,,,,
CISCO,73-8483-05,CISCO 1-PT MULTIFLEX 1-PT T1/E1 MODULE,,,,,
CISCO,73-8484-05,VWIC2-2MFT-T1/E1 2 Port Serial WAN Interface Card,,,,,
CISCO,73-8733-01,7200 Series Board ENHANCED ATM,€25.2,$0.00,,,
CISCO,73-8812-11,Perfomance Route Processor 2,,,,,
CISCO,73-8857-03,HWIC-1GE-SFP,,,,,
CISCO,73-8875-04,OSM-2-4GE-WAN,,,,,
CISCO,73-8875-05,OSM-2+4GE-WAN,,,,,
CISCO,73-8972-05,16-PORT ASYNC HWIC,,,,,
CISCO,73-9368-01,WIC-1B-S/T-V3,,,,,
CISCO,73-9398-01,WS-F6700-CFC Catalyst 6500 Central Forwarding Card,,,,,
CISCO,73-9630-01,Module Board VTT WS-C6K-VTT-E,,,,,
CISCO,7300-2OC12POS-SMI,C7300 OC-12 LN CD 2-PT,,,,,
CISCO,7300-CC-PA,7300 PA CARRIER,,,,,
CISCO,7300-NSE-100,CISCO 7304 NSE-100 w/512 MB SDRAM 256MB Flsh (2) GE,,,,,
CISCO,7304-MSC-100,CISCO 7304 SPA Modular Services Carrier Card,,,,,
CISCO,734908,P2-PS-M-A-E AC Power Supply,,,,,
CISCO,736727,P2-CH-R-F-28-R-AAE,,,,,
CISCO,737217,P2-15TXF-08-EM-GHZ-SA-5060 155,,,,,
CISCO,74-2991-02,15216-DCU-350,,,,,
CISCO,74-2992-02,15216-DCU-750,,,,,
CISCO,74-2993-02,15216-DCU-1150,,,,,
CISCO,74-3163-01,15216-DCU-100,,,,,
CISCO,74-3164-01,15216-DCU-450,,,,,
CISCO,74-3165-01,15216-DCU-950,,,,,
CISCO,74-3166-01,15216-DCU-550,,,,,
CISCO,74-4513-03,15454-PP-SO-LC,,,,,
CISCO,74-6844-03,MCS-7835-13-CCX1,,,,,
CISCO,74-6880,SECURE ACCESS CNTRL SYSTEM,,,,,
CISCO,74-9932-02,CISCO UCS C220 M3 8SFF SERVER,,,,,
CISCO,74741-0002,CISCO 7600 Series Ethernet Services Plus 4x10GELine Board,€230.0,$0.00,,,
CISCO,76-ES+T-4TG=,ES+ Low Queue 4 port 10GE - 3CXL,,,,,
CISCO,7600-ES+40G3CXL,ETHERNET SERVICE Module ,€9 -775.0,$138 -000.00,,,
CISCO,7600-ES20-GE3CXL,7600 ES20 Line Board - 20xGE SFP with DFC 3CXL,€328.6,$0.00,,,
CISCO,7600-SIP-200,CISCO 7600 Series SPA Interface Processor-200,€82.1,$0.00,,,
CISCO,7600-SIP-400,CISCO 7600 Series SPA Interface Processor - 400,€43.8,$0.00,,,
CISCO,7600-SIP-600,SPA INTERFACE PROCESSOR,,,,,
CISCO,80-10545-S,SERIES 800A CISCO ROUTER,,,,,
CISCO,800-00365-01,CISCO 7200 SERIES BLANK PLATE,,,,,
CISCO,800-00455-01,BLANK PLATE FOR CISCO ,,,,,
CISCO,800-01224-04,NET MOD ASYNC/SYNC 4-PORT,,,,,
CISCO,800-01514-01,CISCO 1-PORT SERIAL WAN INTERFACE CARD MODULE,,,,,
CISCO,800-01836-07,CISCO7000 PT ADAPTER,€98.6,$0.00,,,
CISCO,800-01836-08,CISCO7200 PT ADAPTER,€98.6,$0.00,,,
CISCO,800-01836-10,CISCO7200 PT ADAPTER,€98.6,$0.00,,,
CISCO,800-01838-07,4 Port Serial Port Adapter - Enhanced,,,,,
CISCO,800-02026-03,NETWORK MODULE ETHERNET 1 PORT,,,,,
CISCO,800-02314-02,Serial 4T 4-Port Network MOD,,,,,
CISCO,800-02427-03,GRP-B ROUTE PROCESSOR,,,,,
CISCO,800-02491-02,C3600 VOC NET MOD 2SLT,,,,,
CISCO,800-02503-03,BPX RDNT SUB-Backplane,,,,,
CISCO,800-02578,2E3 SERIAL,,,,,
CISCO,800-02578-01,2-PT E3 PT ADAPTER,,,,,
CISCO,800-02595-04,ENHANCED ATM,,,,,
CISCO,800-02595-05,ENHANCED ATM,,,,,
CISCO,800-02598,ENHANCED ATM,,,,,
CISCO,800-02602,1 PT ATM ENHANCE OC12/STM4 MM,,,,,
CISCO,800-02610-04,NPE 200 NET PROC ENG,,,,,
CISCO,800-02691-02,FAST ETHERNET CARD,,,,,
CISCO,800-02746-04,Power Supply DC,,,,,
CISCO,800-02757-08-BO,Board,€0.0,$0.00,,,
CISCO,800-02888-01,1-PT E3 PT ADAPTER,,,,,
CISCO,800-02888-02,7200 Series,€0.0,$0.00,,,
CISCO,800-02985-03,C7500 E1 PT ADPTR,,,,,
CISCO,800-03085-02, FAN  9 SLOT,,,,,
CISCO,800-03145-09,MGX 8850 CHASIS,,,,,
CISCO,800-03181-03,HS SER WAN INTFC,,,,,
CISCO,800-03191-01,BLANK PLATE Catalyst 6000,,,,,
CISCO,800-03347-06,Fast Ethernet Input/Output,,,,,
CISCO,800-03347-08,FAST ETHERNET INPUT/OUTPUT CONTROLLER,,,,,
CISCO,800-03490-02G0,NM 32A 32 PORT ASYNC MODULE 2,,,,,
CISCO,800-03567-01,VWIC-2MFT-E1,,,,,
CISCO,800-03704-02,ATM 1A-OC3SMI,,,,,
CISCO,800-03708-03, INTFC PROCR MHRBD,,,,,
CISCO,800-03708-04,INTFC PROCR MHRBD,,,,,
CISCO,800-03797,PACKET OVER SONET/SDH,,,,,
CISCO,800-03839-05,GIGABIT ETHERNET,,,,,
CISCO,800-03894-01,CISCO AX-DC BAPUPN0EAC,,,,,
CISCO,800-03959-06,CISCO C7200 NETWORK PROCESSING ENGINE 300,,,,,
CISCO,800-03959-07,CISCO NETWORK PROCESSING ENGINE 300,,,,,
CISCO,800-03959-10,CISCO Network Processing Engine for C7200 Router,,,,,
CISCO,800-04669-04,GIGABIT ETHERNET,,,,,
CISCO,800-04670-02, ETHERNET MODULE,,,,,
CISCO,800-04670-03, GIGABIT ETHERNET INTERFACE,,,,,
CISCO,800-04797-01,2 Port Ethernet Module,,,,,
CISCO,800-04799-01,2W-W1,,,,,
CISCO,800-04920-01,Catalyst 6500 ,,,,,
CISCO,800-04920-02,CATALYST 6500,,,,,
CISCO,800-04920-03,CATALYST 6500,,,,,
CISCO,800-04949-03,CISCO 2610 ROUTER,,,,,
CISCO,800-04959-03,2600 Series CISCO 2621,,,,,
CISCO,800-04959-08,CISCO2600 ROUTER,,,,,
CISCO,800-04960-06,Router CISCO 2600 Series,,,,,
CISCO,800-04965-03,CATALYST 6500 CHASSIS,,,,,
CISCO,800-05052-04,PXM-HD 1PT OC3 BK CD,,,,,
CISCO,800-05052-05,PXM-HD 1PT OC3 BK CD,,,,,
CISCO,800-05052-06,PXM-HD  /  MGX8850 1PT OC3 BK CD / BA7IADYAAB,,,,,
CISCO,800-05176-01,8PRI Module,€0.0,$0.00,,,
CISCO,800-05509-01,3600 SERIES ROUTER,,,,,
CISCO,800-05512-01,CISCO 3600 SERIES ROUTER,,,,,
CISCO,800-05548-05,CISCO 10000,,,,,
CISCO,800-05548-06,CISCO 10000 GIGABIT ETHERNET,,,,,
CISCO,800-05548-07,CISCO 10000,,,,,
CISCO,800-05548-08,CISCO 10000 GIGABIT ETHERNET,,,,,
CISCO,800-05565-05,CNP2J60BAB - ROUTE SWITCH PROCESSOR 8,,,,,
CISCO,800-05565-07,CNP2J60BAD- ROUTE SWITCH PROCESSOR 8,,,,,
CISCO,800-05570-02,C12000 ALARM CARD,,,,,
CISCO,800-05574-01,GSR12000 Blower/Fan Tray,,,,,
CISCO,800-05574-03,GSR16-BLOWER,,,,,
CISCO,800-05597-01,CISCO GSR16-SFC80 - CNFCXT0DAA 73-4196-01,,,,,
CISCO,800-06117-05,C7200-I-O-GE+E,,,,,
CISCO,800-06117-06,ETHERNET/GIG ETHERNET IN-OUTPUT,,,,,
CISCO,800-06117-07,C7200-I/O-GE+E,,,,,
CISCO,800-06117-08,C7200-I/O-GE+E,,,,,
CISCO,800-06138-01A1,ATM 1A-E3,,,,,
CISCO,800-06346-01,FAN TRAY,,,,,
CISCO,800-06558-04,AIM ATM CISCO high performance ADVANCED integration module,,,,,
CISCO,800-06575-04,ADSL WIC CARD,,,,,
CISCO,800-06773-03,SFC-320,,,,,
CISCO,800-07114-04,C7200 I/O ETHRNT CONTR,,,,,
CISCO,800-07114-05,C7200 I/O ETHRNT CONTR RFQ,,,,,
CISCO,800-07114-07,CISCO 7200 Dual Ethernet Fast Input/Output Controller,,,,,
CISCO,800-07904-01,NP60 MODULE,,,,,
CISCO,800-07991-02,MGX-VISM-PR-8E1 Mgx8850,,,,,
CISCO,800-07991-03,MGX-VISM-PR-8E1 BA2ANTHCAA CISCO Voice Interworking Service Module PR 8 E1 port,,,,,
CISCO,800-07991-04,VISM 8 PT E1 / BAUIAEVAAA,,,,,
CISCO,800-08136-07,C7200 NET PROCR ENGINE,,,,,
CISCO,800-08136-08,NETWORK PROCESSING ENGINE,,,,,
CISCO,800-08136-09,NETWORK PROCESSING ENGINE-400,,,,,
CISCO,800-08136-10,NETWORK PROCESSING ENGIRE - 400,,,,,
CISCO,800-08350-06,PA-2FE-TX  /  2 PORT FAST ETHERNET MODULE,,,,,
CISCO,800-08350-07,2-Port Fast Ethernet Adapter,,,,,
CISCO,800-08432-04,15454-MIC-CTP,,,,,
CISCO,800-08432-05,15454-MIC-CTP,,,,,
CISCO,800-08433-04,15454E-AP-MIC48V,,,,,
CISCO,800-08433-05,15454E-AP-MIC48V,,,,,
CISCO,800-08469-01,ENHANCED GIGABIT ETHERNET,,,,,
CISCO,800-08478-05,ROUTE SWITCH PROCESSOR,,,,,
CISCO,800-08748-02,ROUTE SWITCH PROCESSOR 4+,,,,,
CISCO,800-08932-02,PXM-UI-S3 Mgx8800 User Intfc,,,,,
CISCO,800-09266-07,MGX8850 PROCR SW MOD  / BA6AY22FAA,,,,,
CISCO,800-09266-08,MGX8850 PROCR SW MOD /   BA6AY22FAB,,,,,
CISCO,800-09307-10,CISCO MGX-RPM-XF-512 - BAUCAARCAA MGX 8850 ,,,,,
CISCO,800-09492-02,MGX-XF-UI / BA5ASRYFAA  /   MGX8850 2-PT FE BK CD,,,,,
CISCO,800-10496,SA-VAM,,,,,
CISCO,800-14224-02,CISCO MGX-SRME  /  BA3AFH0CAA,,,,,
CISCO,800-14479-02,MGX-STM1-EL-1 Mgx 8850 ,,,,,
CISCO,800-14725-06,15454E-FTA-48V,,,,,
CISCO,800-16773-02,4XOC-3/STM-1 ATM SM-1R,,,,,
CISCO,800-18420-03,CISCO MGX-1GE  /  MGX8850 ETHRNT BK CD MGX 8850 /BAEIAH0AAA,,,,,
CISCO,800-18896-06,NPE-GI,,,,,
CISCO,800-18896-12,NET PROCR ENG CD CISCO 7206VXR,,,,,
CISCO,800-18896-14,800-18896-14 NET PROCR ENG CD,,,,,
CISCO,800-18896-16,NPE- G1 NETWORK PROCESSING ENGINE,,,,,
CISCO,800-19199-01,BLANK PLATE,,,,,
CISCO,800-19676-03,WS-C2950G-24-EI-DC,,,,,
CISCO,800-19899-01,CISCO 1721 MODULAR ROUTER,,,,,
CISCO,800-20045-02,CISCO 2600 XM,,,,,
CISCO,800-20053-01,CISCO 2600 XM Series,,,,,
CISCO,800-20059-01,CISCO2651XM,,,,,
CISCO,800-20363-03,HDD Integral to CRS-16-RP-B V08,,,,,
CISCO,800-20779-02,PA-A6-OC3SMI,,,,,
CISCO,800-21693-04,NM-CUE,,,,,
CISCO,800-21754-10,CISCO7301,,,,,
CISCO,800-22164-02,UBR7200-NPE-G1,,,,,
CISCO,800-22243-02,15454-OPT-PRE 73-8323-06,,,,,
CISCO,800-22243-04,15454-OPT-PRE,,,,,
CISCO,800-22243-05,15454-OPT-PRE,,,,,
CISCO,800-22243-06,15454-OPT-PRE,,,,,
CISCO,800-22244-04,15454-OPT-BST,,,,,
CISCO,800-22244-05,15454-OPT-BST,,,,,
CISCO,800-22244-06,15454-OPT-BST,,,,,
CISCO,800-22340-01,15454-OSC-CSM,,,,,
CISCO,800-22340-03,15454-OSC-CSM,,,,,
CISCO,800-22340-06,15454-OSC-CSM,,,,,
CISCO,800-22341-02,15454-OSCM,,,,,
CISCO,800-22341-03,15454-OSCM 73-8322-05,,,,,
CISCO,800-22992-03,EVM-HD,,,,,
CISCO,800-23026-03,15454-MR-L1-58.1,,,,,
CISCO,800-23434-05,CISCO1841 MODULAR ACCESS ROUTER,,,,,
CISCO,800-23434-06,CISCO1841 MODULAR ACCESS ROUTER,,,,,
CISCO,800-23435-06,CISCO 1700 MODULAR ACCESS ROUTER,,,,,
CISCO,800-23469-03,CNP6CO3AAC  -  PERFORMANCE ROUTE PROCESSOR 2,,,,,
CISCO,800-23469-05,PRP-2,,,,,
CISCO,800-23797-01, 48-Port Ethernet Switch Module,,,,,
CISCO,800-23857-02,1000Base-SX,,,,,
CISCO,800-24281-04,15454-10ME-58.1 15454-4X2.5G-10E-MXPC 15454-4X2.5G-10MXP,,,,,
CISCO,800-24678-02,15454-DM-L1-54.1,,,,,
CISCO,800-24766-02,15454-TCC2P-K9,,,,,
CISCO,800-24766-04,15454-TCC2P-K9,,,,,
CISCO,800-24766-05,15454-TCC2P-K9,,,,,
CISCO,800-24766-09,15454-TCC2P-K9,,,,,
CISCO,800-24766-10,15454-TCC2P-K9,,,,,
CISCO,800-24891-02,15454-AIC-I,,,,,
CISCO,800-24891-03,15454-AIC-I,,,,,
CISCO,800-24891-04,15454-AIC-I,,,,,
CISCO,800-24973-01,WIC-1B S/T-V3,,,,,
CISCO,800-24991-05,CISCO 1811 ADSL/POTS RTR,,,,,
CISCO,800-25224-05,WS-X6148A-RJ-45,,,,,
CISCO,800-25757-01,FAN-MOD-4HS,,,,,
CISCO,800-26078-01,PXM1-UI-S3 User Intfc,,,,,
CISCO,800-26452-04,CISCO 1811 ADSL/POTS RTR,,,,,
CISCO,800-26520-02,BA2ANT9CAB / VISM 8 PT E1 CD,,,,,
CISCO,800-26571-02,CISCO 800-26571-02 - 1 port G.shdsl WIC with 4-wire ,€21.9,$0.00,,,
CISCO,800-26598-01,DC Power Supply,,,,,
CISCO,800-26732-01,15454-OPT-BST-E,,,,,
CISCO,800-26732-02,15454-OPT-BST-E,,,,,
CISCO,800-26772-03,10E-MR-TXP-C 15454-10E-L1-C 15454-10E-MR-TXP-C,,,,,
CISCO,800-26921-04,CISCO 2821 SERVICES ROUTER,,,,,
CISCO,800-27026-01,DC Power Supply,,,,,
CISCO,800-27058-11, PRFRMC RTR PROCR-2,,,,,
CISCO,800-27202-03,PROCESSOR SWITCH MOD MGX 8850,,,,,
CISCO,800-27310-01,WIC-1SHDSL-V3 1 Port WAN Board,€0.0,$0.00,,,
CISCO,800-27426-01,15454-GE-XP ,,,,,
CISCO,800-27426-03,15454-GE-XP,,,,,
CISCO,800-27427-01,15454-10GE-XP,,,,,
CISCO,800-27454-01,15454-40-WSS-C,,,,,
CISCO,800-27454-03,15454-40-WSS-C,,,,,
CISCO,800-27455-01,15454-40-DMX-C,,,,,
CISCO,800-27455-02,15454-40-DMX-C,,,,,
CISCO,800-27645-02,CISCO TwinGig Converter Module CVR-X2-SFP,,,,,
CISCO,800-28294-04,CISCO 1801 INTGRD SRV RTR,,,,,
CISCO,800-29414-02,15454-OTU2-XP,,,,,
CISCO,800-31664-02,15216-MD-40-ODD,,,,,
CISCO,800-33781-02,ASR9K AC Power Entry Module (RACKMOUNT),€1 -095.2,$0.00,,,
CISCO,800-33781-03,ASR9K AC Power Entry Module (RACKMOUNT),€1 -095.2,$0.00,,,
CISCO,800-33910-02,15454-OTU2-XP 73-13107-02,,,,,
CISCO,800-36333-01,CISCO ASR 5000 LOWER FANTRAY (CRPQABKDAA),,,,,
CISCO,800-4950-01,CISCO 2600,,,,,
CISCO,800-541-3478,CMSS 00 BACK SHELF 2 FILTERS,,,,,
CISCO,800-5570-01,CNFCZV0DAA,,,,,
CISCO,8OC3X/POS-IR-LC-B,8-Port OC-3/STM-1 Packet-over-SONET line Card Service Module,€0.0,$0.00,,,
CISCO,A900-IMA8S1Z,ASR 900 Combo 8 port SFP GE and 1 port 10GE IM,,,,,
CISCO,A900-PWR1200-D,ASR 900 1200W DC Power Supply,,,,,
CISCO,A900-RSP3C-400-S,A900-RSP3C-400-S ASR 903 Router Switching Processor Controller,,,,,
CISCO,A903-FAN-E,ASR 903 FAN Tray With Filter Slot,,,,,
CISCO,A99-RP2-SE,CISCO ASR 9000 Board,€1 -642.9,$106 -459.65,,,
CISCO,A99-SFC2,The CISCO ASR 9900 Switch Fabric Board ,€262.9,$0.00,,,
CISCO,A9K-1.5KW-DC,DC Power Module,€224.5,$0.00,,,
CISCO,A9K-2KW-DC,CISCO ASR 9000  2KW DC POWER Module,€120.5,$0.00,,,
CISCO,A9K-2KW-DC-V03,CISCO ASR 9000  2KW DC POWER Module,€136.9,$0.00,,,
CISCO,A9K-2T20GE-B,ASR9K 2-PORT ASR9000 Series,€328.6,$0.00,,,
CISCO,A9K-2T20GE-L,CISCO A9K-2T20GE-L 2-Port 10GE 20-Port GE Low Queue Combo Line Board Requires XFP-,€273.8,$0.00,,,
CISCO,A9K-36X10GE-SE,ASR 9000 36-port 10GE  Service Edge Optimized LC,€1 -314.3,$0.00,,,
CISCO,A9K-3KW-ACV01,A9K-3KW-AC-V01,€0.0,$0.00,,,
CISCO,A9K-3KW-AC-V01,3kW AC Power Module,€197.1,$0.00,,,
,A9K-3KW-AC V01,A9K-3KW-AC-V01,,,,,
CISCO,A9K-40GE-B,ASR 9000 40-Port GE Line Board - Requires SFPs,€287.5,$0.00,,,
CISCO,A9K-40GE-L,CISCO ASR 9000 40-Port GE Low Queue Line Board,€287.5,$0.00,,,
CISCO,A9K-4T-B,CISCO 9000 4-PORT 10GE LINE Board - REQUIRES XFPS,€1 -533.3,$0.00,,,
CISCO,A9K-4T-L,CISCO ASR 4-PORT 10GE LOW QUEUE LINE Board,€153.3,$0.00,,,
CISCO,A9K-4T16GE-SE,CISCO A9K-4T16GE-SE 16x 1GB SFP 4x 10GB SFP+ (Service Edge) Router Line Board,€1 -916.7,$0.00,,,
CISCO,A9K-8T-L,8-Port 10GE Low Queue,€273.8,$0.00,,,
CISCO,A9K-MOD160-TR,160G MODULAR LINE CARD,,,,,
CISCO,A9K-MOD400-TR,.400G Modular Linecard - Packet Transport Optimized,€0.0,$188 -724.00,,,
CISCO,A9K-MOD80-TR,80G Modular LineBoard - Packet Transport Optimized,€383.3,$0.00,,,
CISCO,A9K-MPA-1X100GE,ASR 9000 1-port 100GE Modular Port Adapter,,,,,
CISCO,A9K-MPA-20X10GE,ASR 9000 20-PORTS 10 GE,€0.0,$0.00,,,
CISCO,A9K-MPA-20X1GE,ASR 9000 20-PORTs 1 GE,€109.5,$0.00,,,
CISCO,A9K-MPA-2X10GE,ASR 9000 2-port 10GE Modular Port Adapter,€383.3,$0.00,,,
CISCO,A9K-MPA-4X10GE,ASR 9000 4-port 10GE Modular Port Adapter,€164.3,$0.00,,,
CISCO,A9K-MPA-8X10GE,8port 10GE Modular Port Adapter,,,,,
CISCO,A9K-RSP-4G,ASR9K Fabric - Controller 4G memory,€43.8,$0.00,,,
CISCO,A9K-RSP440-SE,CISCO A9K-RSP440-SE Route Switch Processor-Line Board ASR 9000,€328.6,$0.00,,,
CISCO,A9K-RSP440-TR,CISCO ASR9K Route Switch Processor with 440G/slot ,€164.3,$0.00,,,
CISCO,A9K-SIP-700,CISCO ASR 9000 Series SPA Interface Processor-700,€328.6,$0.00,,,
CISCO,ACE20-MOD-K9,APPLICATION Control ENGINE SERVICE Module,€87.6,$0.00,,,
CISCO,AIR-AP1120B-E-K9,CISCO 802.11b Wireless Access Point,€54.8,$0.00,,,
CISCO,AIR-AP1231G-E-K9,CISCO AIRONET 1200,,,,,
CISCO,AIR-CAP1552C-E-K9,802.11N OUTDOOR MESH ACCESS POINT,,,,,
CISCO,AIR-CAP2702I-E-K9,AIRNET 2700 Series 802.11ac Dual Band Point,,,,,
CISCO,AIR-WLC2106-K9,2100 Series WLAN Controller ,,,,,
CISCO,AIR-WLC2125-K9,2100 Series WLAN Controller ,,,,,
CISCO,AIR-WLC4402-25-K9,AIRONET 4400 25AP WIRELESS LAN CONTROLLER,,,,,
CISCO,ANT-2-WLAN-D-O,5.875GHz 7DBI RP-TNC Outdoor Dual Band Omni Antenna,€0.0,$0.00,,,
CISCO,ANT-3-4G2G1-O,GPS 3 in 1 Antenna,€0.0,$0.00,,,
CISCO,AS535XM-2E1-60-D,AS5300 SERIES,,,,,
CISCO,AS5X-FC,AS5000 FEATURE CARD W/SIX PVDM DSP MODULE SLOTS,,,,,
CISCO,ASA5505-BUN-K9,SECURITY FIREWALL ASA5505,€71.2,$0.00,,,
CISCO,ASA5505V11,CISCO ASA5505 ADAPTIVE SECURITY APPLIANCE MODEM,€18.6,$0.00,,,
CISCO,ASA5512-X,ADAPTIVE SECURITY APPLIANCE ,,,,,
CISCO,ASA5550-BUN-K9,SSM-4GE ASA 5500 Firewall 3DES/AES.,€164.3,$0.00,,,
CISCO,ASR-9000V-DC,ASR 9000 44x 1GB,€821.4,$0.00,,,
CISCO,ASR-9006-AC,ASR-9006 AC Chassis Chassis,€1 -314.3,$0.00,,,
CISCO,ASR-9006-DC,ASR-9006 DC Chassis,€1 -040.5,$0.00,,,
CISCO,ASR-9006-FAN,ASR-9006 FAN Tray,€49.3,$0.00,,,
CISCO,ASR-9010-DC,CISCO ASR-9010 DC Chassis,€1 -369.0,$0.00,,,
CISCO,ASR-9010-FAN,CISCO ASR-9010 FAN Tray,€65.7,$0.00,,,
CISCO,ASR-9010-ROUTER,CISCO ASR 90010 ROUTER Chassis,€2 -190.5,$0.00,,,
CISCO,ASR-9900-RP-TR,ASR 99xx Route Processor 6GB for Packet Transport,,,,,
CISCO,ASR-9912-SFC110,Shared Forwarding Card (SFC) used in Cisco ASR 9912 router,,,,,
CISCO,ASR-9922-RP-TR,ASR 9922 ROUTE PROCESSOR 6 GB,€328.6,$0.00,,,
CISCO,ASR-9922-SFC110,Switch Fabric Board/110G,€109.5,$0.00,,,
CISCO,ASR1000-ESP100,CISCO ASR 1000 100Gbps Embedded Services Processor,,,,,
CISCO,ASR1000-ESP20,CISCO ASR1000 Embedded Services Processor - 20G,€142.4,$0.00,,,
CISCO,ASR1000-ESP40,Embedded Services Processor,,,,,
CISCO,ASR1000-RP1,CISCO ASR1000 Route Processor 1 -4GB DRAM,€32.9,$0.00,,,
CISCO,ASR1000-SIP10,CISCO ASR1000 SPA Interface Processor 10,€136.9,$0.00,,,
CISCO,ASR1001-X-PWR-AC,CISCO ASR1001-X AC Power Supply ,,,,,
CISCO,ASR1002,ASR1002 Chassis -4 built-in GE - Dual P,€164.3,$0.00,,,
CISCO,ASR1002-PWR-AC,CISCO ASR1002-PWR-AC AC Power Supply ,€65.7,$0.00,,,
CISCO,ASR1002-PWR-DC,DC Power Supply -Spare,€356.0,$0.00,,,
CISCO,ASR1004-PWR-AC,ASR1004 AC Power Supply,€301.2,$0.00,,,
CISCO,ASR1006-PWR-DC,Power Supply for CISCO ASR1006 ,,,,,
CISCO,ASR1013/06-PWR-DC,CISCO ASR1013/06-PWR-DC ASR1000 1600w DC Power Supply,,,,,
CISCO,ASR5000-CHS-SYS-K9,ASR-5000 MULTIMEDIA CORE PLATFORM COMPLETE Chassis,€4 -928.6,$0.00,,,
CISCO,ASR5K-0110G-MM-K9,XGLC 1-Port 10 Gigabit Ethernet Line Board w/MM SFP,€356.0,$0.00,,,
CISCO,ASR5K-041GE-SX-K9,68-3826-01  (CRG2ABXBAB),,,,,
CISCO,ASR5K-041GE-T-K9,68-3827-01  (CRG2ABYBAB),,,,,
CISCO,ASR5K-042GE-SX-K9,68-4105-02 (CRG2AFWHAB),,,,,
CISCO,ASR5K-042GE-T-K9,QGLC Rev2 4-Port Ethernet 1000 Line Board w/Copper ,€1 -642.9,$0.00,,,
CISCO,ASR5K-C40C3-SM-K9,68-3830-02  (CRG2AB7BAC),,,,,
CISCO,ASR5K-FANT-UP,68-3803-01 (CRPQABJDAA),,,,,
CISCO,ASR5K-PFU,ASR5000 POWER FILTER UNIT - NON-REDUNDANT - SINGLE 1,€0.0,$0.00,,,
CISCO,ASR5K-PSC-32G-K9,Packet Services Board (PSC2) 32GB,€657.1,$0.00,,,
CISCO,ASR5K-PSC-64G-K9,68-4150-02  (CRCCAG1HTB),,,,,
CISCO,ASR5K-RCC-K9,Redundancy Crossbar,€2 -409.5,$0.00,,,
CISCO,ASR5K-SMC-K9,System Management Board 4GB,€1 -642.9,$0.00,,,
CISCO,ASR5K-SPIO-3PN-K9,Switch Processor I/O - 3-Pin BITS,€2 -190.5,$0.00,,,
CISCO,ASR5K-SPIO-BNC-K9,68-3818-03 (CRCCABCDAD),,,,,
CISCO,ASR5K-SPS3-BNC-K9,68-3820-03 (CRCCAEZHAC),,,,,
CISCO,ASR903,ASR903-CHASSIS,,,,,
CISCO,ASR903-CHASSIS,ASR-903 V01 ASR 903 900 Series Router Chassis,,,,,
CISCO,BA3APYUCAA,BPX-SMF-155-4-BC,€0.0,$0.00,,,
CISCO,BAA649SCAA,BPX-BXM-E3-8,€0.0,$0.00,,,
CISCO,BAA65CPCAA,BPX-BXM-155-4DX,€0.0,$0.00,,,
CISCO,BAA6EEBCAA,BPX-BCC-4V/B,€0.0,$0.00,,,
CISCO,BAAUDD03AB,BPX-ASM-BC,€0.0,$0.00,,,
CISCO,BAL48DOHAA,BCC-3BC CISCO Board(73-2671-01 D1).   BAL48DOHAA,€1 -150.0,$0.00,,,
CISCO,BAL8DPODAB,BPX T3/E3 CISCO Board FOR 8600 CISCO 73-2759-02-BO,€115.0,$0.00,,,
CISCO,BAMAMHOERD,CISCO BPX8600 Series BAMAMHOERD SWITCH Chassis,€547.6,$0.00,,,
CISCO,BLWR-RPS2300,REFUNDANT POWER SYSTEM 2300,,,,,
CISCO,BPX-BCC-4V/B,Broandband Controller Board - 20 GBPS - W/128MB DRAM - 4MB BRAM BPX-BCC-4V/B,€54.8,$0.00,,,
CISCO,BPX-BXM-155-4DX,8600 4-Port OC-3/STM-1 Module.,€164.3,$0.00,,,
CISCO,BPX-BXM-E3-8E,Bpx ATM E3 Switch Module BAA649SCAA,€54.8,$0.00,,,
CISCO,BPX-SMF-155-4-BC,8600 Series BPX 4 port OC3 Board Single Mode BA3APYUCAA,€104.0,$0.00,,,
CISCO,BPX8600SERIES,BAMAMHOERD,€0.0,$0.00,,,
CISCO,C104848,DCPEM,,,,,
CISCO,C170,CISCO C170 EMAIL SECURITY APPLIANCE,,,,,
CISCO,C3KX-FAN-23CFM,CATALYST 3K-X FAN MODULE,,,,,
CISCO,C3KX-NM-1G,Catalyst 3K-X 1G Network Module option PID,€27.4,$0.00,,,
CISCO,C3KX-PWR-1100WAC,Catalyst 3K-X 1100W AC Power Supply,€191.7,$0.00,,,
CISCO,C3KX-PWR-715WAC,CATALYST 3K-X 715W Power Supply,€71.2,$0.00,,,
CISCO,C6506-E-FAN,WS-C6506-E-FAN,€0.0,$0.00,,,
CISCO,C6509-E-FAN,WS-C6509-E-FAN,€0.0,$0.00,,,
CISCO,C7200-I/O-GE+E,CISCO 7200 Input/Output Controller with GE and Eth,,,,,
CISCO,C881-K9,CISCO 880 SERIES INTEGRATED SERVICE ROUTERS      ,,,,,
CISCO,C897VA-K9,CISCO C897VA Integrated Services Router,,,,,
CISCO,CAB-SPWR-30CM,CISCO CAB-SPWR-30CM,,,,,
CISCO,CATALYST4506SWITCH,Campus LAN Switches - Access,€766.7,$0.00,,,
CISCO,CATALYST4507RSWITCH,WRONG PN- not enough PN for CATALYST 4507R SWITCH,€273.8,$0.00,,,
CISCO,CATALYST4507R-ESWITCH,WS-4507R-E,€0.0,$0.00,,,
CISCO,CDE250,CONTEND DELIVERY SYSTEM,,,,,
CISCO,CFP-100G-LR4,100GBASE-LR4 CFP Module,€0.0,$0.00,,,
CISCO,CFP-100G-SR10,100GBASE-SR10 CFP transceiver - 100m OM3 MMF,€575.0,$16 -000.00,,,
CISCO,CFP2-100G-LR4,CFP2-100G-LR4-SFP MODULE,€0.0,$0.00,,,
CISCO,CFP2-100G-SR10,CFP2-100G-SR10-SFP MODULE 850nm MMF 150m MTP/MPO DDM,€0.0,$0.00,,,
CISCO,CISC01921/K9,Modular Router,,,,,
CISCO,CISCO1721,MODULAR ACCESS ROUTER,,,,,
CISCO,CISCO806,ROUTER,,,,,
CISCO,CISCO857,ROUTER,,,,,
CISCO,CISCO867VAE-K9,Ethernet ADSL2+ Negro - Router,,,,,
CISCO,CISCO10720,CISCO 10700 SERIES,,,,,
CISCO,CISCO1701,1700 SERIES,,,,,
CISCO,CISCO1801,CISCO 1800 SERIES,,,,,
CISCO,CISCO1841,CISCO Modular Router w/2xFE - 2 WAN slots - 32 FL/12,€32.9,$0.00,,,
CISCO,CISCO1921-K9,CISCO ISR 1900 Series - CISCO 1921 Modular Router - ,€143.8,$0.00,,,
CISCO,CISCO1941,1900 Series,€164.3,$0.00,,,
CISCO,CISCO1941-K9,CISCO 1941 Integrated Services Router,€87.6,$0.00,,,
CISCO,CISCO2600,CISCO 2600 ROUTER /CNM3L70BRA ,,,,,
CISCO,CISCO2610,800-04949-02 / CISCO 2600 ROUTER,,,,,
CISCO,CISCO2611,CISCO 2611 2600 Series Dual Ethernet 10/100Mb,,,,,
CISCO,CISCO2620XM,10/100 Ethernet Router w/ CISCO IOS IP,,,,,
CISCO,CISCO2801,CISCO 2800 SERIES,,,,,
CISCO,CISCO2811-DC,CISCO2811-DC,,,,,
CISCO,CISCO2821,CISCO 2821 8-SLOT ETHERNET ROUTER,,,,,
CISCO,CISCO2851,CISCO 2851 router with 2 GE -4 HWIC -,,,,,
CISCO,CISCO2901-K9,CISCO 2901 w/2 GE -4 EHWIC -2 DSP -256MB CF -512MB DRA,,,,,
CISCO,CISCO2911-K9,CISCO2911/K9 Cisco 2911 Router ISR G2,,,,,
CISCO,CISCO2921-K9,SWITCH,,,,,
CISCO,CISCO2901/K9,CISCO2901-K9,€109.5,$0.00,,,
CISCO,CISCO2911/K9,CISCO2911-K9,€136.9,$0.00,,,
CISCO,CISCO2921/K9,CISCO2921-K9,€104.0,$0.00,,,
CISCO,CISCO3825,3825 INTEGRATED SERVICE ROUTER,,,,,
CISCO,CISCO3845,3845 CISCO Router Mother Board,€109.5,$0.00,,,
CISCO,CISCO3845-DC,CISCO 3845 w/DC PWR - 2GE -1 SFP - 4 NME - 4HWIC - IP B,€109.5,$0.00,,,
CISCO,CISCO3845-MB,CISCO 3845 Router,€54.8,$0.00,,,
CISCO,CISCO7206VXR,7206VXR,€219.0,$0.00,,,
CISCO,CISCO7206VXR/NPE-G2,CISCO 7206VXR Router with NPE-G2 includes 3GigE/FE,€164.3,$0.00,,,
CISCO,CISCO7604,CISCO 7604 Chassis,,,,,
CISCO,CISCO7606-S,CISCO 7600 Series,€547.6,$0.00,,,
CISCO,CISCO7609-S,CISCO Router,€438.1,$0.00,,,
CISCO,CISCO7613,CISCO 7613  Chassis,€328.6,$0.00,,,
CISCO,CISCO801,CISCO 801 1-Port 10Mb/s Wireless Router,,,,,
CISCO,CISCO826,CISCO 826 ADSL over ISDN Router 1 x 10Base-T LAN,,,,,
CISCO,CISCO836,CISCO 836 - Router - DSL modem,,,,,
CISCO,CISCO851,CISCO851,,,,,
CISCO,CISCO851W-G-E-K9,CISCO 851W-G-E-K9 ,,,,,
CISCO,CISCO867VAE,CISCO 860 Series,€38.3,$0.00,,,
CISCO,CISCO867VAE-K9,CISCO 867VAE SECURE ROUTER WITH VDSL2/ADSL2+ OVER,€38.3,$0.00,,,
CISCO,CISCO878,CISCO 878 ROUTER,€38.3,$0.00,,,
CISCO,CISCO881-K9,CISCO 881 Ethernet Security Router,,,,,
CISCO,CISCO881G-K9,CISCO 881,,,,,
CISCO,CISCO887-K9,CISCO.CISCO 887 ADSL Integrated Services Router,€38.3,$0.00,,,
CISCO,CISCO887G-K9,SWITCH,€38.3,$0.00,,,
CISCO,CISCO887VA,Integrated Services Router,€38.3,$0.00,,,
CISCO,CISCO888-K9,Router,€38.3,$0.00,,,
CISCO,CISCO888G-K9,CISCO 888 G.SHDSL Router configurable with a,€38.3,$0.00,,,
CISCO,CISCO892-K9,CISCO 892 GIGAE SEC ROUTER ,,,,,
CISCO,CISCO897VA-K9,Gigabit Ethernet Security Router with SFP and VDSL,,,,,
CISCO,CISCOP/N341-0186,341-0186,€0.0,$0.00,,,
CISCO,CNP5EE1AAB,GIGABIT ETHERNET NPE-GI,,,,,
CISCO,CPAK-100G-SR10,CISCO SFP 800-41495-03G0,€383.3,$0.00,,,
CISCO,CRS-16-ALARM-B,ALARM BOARD,,,,,
CISCO,CRS-16-FC/S,800-18560-13 a1,,,,,
CISCO,CRS-16-FC140/S,800-33043-03 e1,,,,,
CISCO,CRS-16-LCC-FAN-CT,800-19837-07 H0,,,,,
CISCO,CRS-16-LCC-PS-DC,CRS-16-LCC-PS-DC:CISCO CRS-1 Series LCC DC Pwr Shelf,,,,,
CISCO,CRS-16-PRP-12G,CISCO CRS 16-Slot Line Card Chassis Performance Route Processor,,,,,
CISCO,CRS-16-RP-B,800-27098-10 D0,,,,,
CISCO,CRS-16FCC-PSH-DC,CRS DC MODULAR POWER,,,,,
CISCO,CRS-8-FC140/S,CRS 8 SLOT FABRIC CARD 140G,,,,,
CISCO,CRS-8-RP,Board ,€273.8,$0.00,,,
CISCO,CRS-FCC-FAN-TR,CRS-1 24-SLOT FABRIC CHASSIS FAN TRAY,,,,,
CISCO,CRS-FCC-LED,CISCO CRS-1 Series Fabric Card Chassis Fiber Module LED,,,,,
CISCO,CRS-FCC-PS-DC,PWR SUPPLY,,,,,
CISCO,CRS-FLASH-DISK-4G,PCMCIA Integral to CRS-16-RP-B V08,,,,,
CISCO,CRS-FP40,CRS Forwarding Processor Boards,€711.9,$0.00,,,
CISCO,CRS-MSC-40G-B,CISCO CRS-1 Series Modular Services Board revision,€2 -738.1,$0.00,,,
CISCO,CRS-MSC-B,800-27067-03 d0,,,,,
CISCO,CRS-PM-AC,CRS Modular AC Power Module,,,,,
CISCO,CRS-PM-DC,CISCO CRS Modular DC Power Module 2100W,,,,,
CISCO,CRS1-SIP-800,CISCO SPA Interface Processor 800,,,,,
CISCO,CSS11503-AC,CISCO 11500 Cont Services,,,,,
CISCO,CVR-CFP-4SFP10G,CFP to SFP10G Adapter Module,€230.0,$0.00,,,
CISCO,CVR-QSFP-SFP10G,SFP Adapter Module,€230.0,$0.00,,,
CISCO,CVR-X2-SFP,CISCO 10GBASE-SR X2 Module,€230.0,$0.00,,,
CISCO,DCK40004-01,4000W PSU for Server Computer,,,,,
CISCO,DHF-2DC-2100W-V,Router DC power Module,€175.2,$0.00,,,
CISCO,DS-C24-300AC,Power Supply,,,,,
CISCO,DS-C9124-K9,CISCO MDS 9124 24-PORT MULTILAYER FABRIC SWITCH,,,,,
CISCO,DS-SFP-FC4G-SW,4 Gbps Fibre Channel-SW SFP - LC,€230.0,$0.00,,,
CISCO,DS-SFP-FC8G-LW,SFP,€230.0,$0.00,,,
CISCO,DS-SFP-FC8G-SW,8 Gbps Fibre Channel SW SFP+ - LC.,€17.3,$323.00,,,
CISCO,DS-X9530-SF2-K9,CISCO MDS 9500 Series Supervisor-2 Module,€0.0,$0.00,,,
CISCO,EHWIC-4ESG,4 Port Enhanced High-Speed WAN,,,,,
CISCO,EHWIC-4SHDSL,,,,,,
CISCO,EHWIC-4SHDSL-EA,Multi mode  4 pair G.SHDSL EFM And ATM mode,€32.9,$0.00,,,
CISCO,EHWIC-VA-DSL-M,MULTI MODE VDSL2 ADSL 2 EHWIC ANNEX Module,€0.0,$0.00,,,
CISCO,ES+4TG3CXL,Cisco 7600 Series Ethernet Services Plus 20G Line Card - 4-port 10 GE XFP and DFC-3CXL,€711.9,$0.00,,,
CISCO,ESR-6OC3/P-SMI,6 Port  POS Line,,,,,
CISCO,ESR-HH-CARRIER,ESR-HH-1GE CISCO 1-Port Gigabit Ethernet Half-Slot Line Card,,,,,
CISCO,ESR-PRE-MEM-FD128,128MB Flash Disk For 100xx ESR-PRE,,,,,
CISCO,ESR10008-CHASSIS,CISCO 10008 Series Chassis,,,,,
CISCO,FAN-MOD-09,FAN MODULE FOR CISCO7609 AND CATALY,,,,,
CISCO,FAN-MOD-4HS,Fan Tray for CISCO 7604/6504-E Chassis ,€54.8,$0.00,,,
CISCO,FAN-MOD-6SHS,7600 Series FAN,€82.1,$0.00,,,
CISCO,FAN-MOD-9SHS,CISCO FAN,€109.5,$0.00,,,
CISCO,FCZ1003W050,CISCO-2950  switch,€27.4,$0.00,,,
CISCO,FET-10G10-2566-02,10-2566-02,€230.0,$0.00,,,
CISCO,GLC-BX-D-10KM,1000BASE-BX D 10km SFP DOM,,,,,
CISCO,GLC-BX-D-LL,SFP,€230.0,$0.00,,,
CISCO,GLC-BX-U-10KM,1000BASE-BX U 10km SFP DOM,,,,,
CISCO,GLC-LH-SM,SFP,€230.0,$0.00,,,
CISCO,GLC-LH-SMD,1000BASE-LX/LH SFP TRANSCEIVER MODULE -MMF/SMF -1310NM -DOM,€0.0,$0.00,,,
CISCO,GLC-LH-SMD-C,1000BASE-LX/LH SFP Module SMF - 1310-nm - ext,,,,,
CISCO,GLC-LH-SMD-COM,1000Base LX-1310nm 10 Kms ,,,,,
CISCO,GLC-SX-MM,SFP,€230.0,$0.00,,,
CISCO,GLC-SX-MM-C-UL,1000Base-SX,,,,,
CISCO,GLC-SX-MM-COM,SFP,€230.0,$0.00,,,
CISCO,GLC-SX-MMD,GE SFP - LC connector SX Transceiver,€230.0,$0.00,,,
CISCO,GLC-SX-MMD-C,1000BASE-SX 850nm,,,,,
CISCO,GLC-SX-MMD=,1000BASE-SX SFP transceiver ,,,,,
CISCO,GLC-T,1000BASE-T SFP transceiver module,,,,,
CISCO,GLC-T-COM,1000Base RJ45 100m.   ,,,,,
CISCO,GLC-TE,SFP 30.1475-01  RJ45,€230.0,$0.00,,,
CISCO,GLC-ZX-SM-C,GLC-ZX-SM CISCO Compatible Transceiver,,,,,
CISCO,GSR16/320-CSC,GSR16/320-CSC,,,,,
CISCO,GSR16/320-SFC,GSR16/320-SFC,,,,,
CISCO,HWIC-16A,16-Port Async HWIC,,,,,
CISCO,HWIC-1ADSL,1-Port ADSL0POTS HWIC,,,,,
CISCO,HWIC-1FE,1P Fast Ethernet WAN Interface,,,,,
CISCO,HWIC-1SER,1 PORT  High-Speed WAN Interface Cards for CISCO 1861,,,,,
CISCO,HWIC-1T,HWIC 1T,,,,,
CISCO,HWIC-2SHDSL,73-10248-01,€54.8,$0.00,,,
CISCO,HWIC-2TV04,NO REFERENCEBoard,€21.9,$0.00,,,
CISCO,HWIC-4ESW,4 PORT 10/100 ETHERNET SWITCH INTERFACE CARD,,,,,
CISCO,LONGLineGLC-T-LL,SFP,€230.0,$0.00,,,
CISCO,MAS-7500CI,MAS-7500CI,,,,,
CISCO,MCS-7845-H2,MCS 7845 2x DC 2.33 4GB 4 x 146 SAS P400/256,,,,,
CISCO,ME-3400-24TS-A,24-Port Metro Ethernet Access Switch,€54.8,$0.00,,,
CISCO,ME-3400-24TS-D,CISCO ME 3400 Switch - 24 10/100 + 2 SFP - DC PS,€136.9,$0.00,,,
CISCO,ME-3400EG-12CS-M,CISCO ME3400E 2Combo + 2 SFP Eth Access Switch,€164.3,$0.00,,,
CISCO,ME-3600X-24FS-M,Ethernet Access Switch,,,,,
CISCO,ME-C3750-24TE-M,CATALYST 3750 METRO SERIES SWITCH,,,,,
CISCO,ME34X-PWR-DC-R,CISCO Systems ME3400E Redundant DC P/S,€197.1,$0.00,,,
CISCO,MEM-4300-8G,Memory - Module - 8 GB,€164.3,$0.00,,,
CISCO,MEM-C6K-ATA-1-64M,Cat6500 Sup 2 ATA T 1Flash Mem c,,,,,
CISCO,MEM-C6K-CPTFL128M,128MB COMPACT FLASH FOR CISCO 6000/6500,,,,,
CISCO,MEM-C6K-FLC24M,Catalyst 6000 Supervisor PCMCIA Flash Mem Card - 24MB,,,,,
CISCO,MEM-C6K-WAN-128M,CATALYST 6000 WAN MODULE MEMORY,,,,,
CISCO,MEM-NPE-G1-1GB,2 * 512Mb mem modules,,,,,
CISCO,MEM-NPE-G1-512MB,CISCO 512MB MEMORY,,,,,
CISCO,MEM-NPE-G1-FLD256,CISCO 7200 COMPACT FLASH DISK FOR NPE-G1,,,,,
CISCO,MEM-NPE-G1-FLD64,CISCO Flash memory card - 64 MB,,,,,
CISCO,MEM-NPE-G2-2GB, NPE-G2 2GB Memory,,,,,
CISCO,MEM-OSM-512M,512 MB ECC MEMORY,,,,,
CISCO,MEM-S2UMSFC2-512MB,Memory module 512MB,,,,,
CISCO,MEM-XCEF720-1GB, Catalyst 6500 1GB DRAM Memory Module,,,,,
CISCO,MEM-XCEF720-512M,CISCO 6500 CATALYST 512MB DDR MEMORY,,,,,
CISCO,MEM1700-16D,16 MB DRAM MEMORY SYNCH. 100MHZ ,,,,,
CISCO,MEM2600XM-64D,64MB DIMM DRAM for the CISCO 2600XM,,,,,
CISCO,MEM3600-16FC,16 MBFLASH CARD,,,,,
CISCO,MLTP-C38-01,FRONT PANEL,€1 -150.0,$0.00,,,
CISCO,N2K-C2248TP,CISCO 48*100/1000-T+4X10GE SWITCH,€356.0,$0.00,,,
CISCO,N7K-AC-6.0KW,NEXUS 7000 - 6.0KW AC Power Supply Module,€208.1,$0.00,,,
CISCO,N7K-C7009,CISCO Nexus 7009 Chassis -,€1 -533.3,$0.00,,,
CISCO,N7K-C7009-FAB-2,CISCO Nexus 7000 Switches Fabric-2 Modules,€49.3,$0.00,,,
CISCO,N7K-C7009-FAN,Nexus 7000 - 9 Slot Fan,€383.3,$0.00,,,
CISCO,N7K-C7010V3,N7K-C7010,€1 -095.2,$0.00,,,
CISCO,N7K-C7010,CISCO Nexus 7010 Chassis (ver. : v3 - ),€1 -095.2,,,,
CISCO,N7K-C7018-FAB-1,NEXUS 7000 - 18 SLOT Chassis - 46GBPS/SLOT FABRIC,€71.2,$0.00,,,
CISCO,N7K-C7018-FAN,CISCO N7k-c7018-fan Nexus 7k Fan Unit,€273.8,$0.00,,,
CISCO,N7K-DC-6.0KW,CISCO Nexus 7000 6.0kW DC Power Supply,€2 -738.1,$0.00,,,
CISCO,N7K-F132XP-15,NEXUS 7000 - 32 PORT 1G/10G ETHERNET Module - SFP/S,€492.9,$0.00,,,
CISCO,N7K-F248XP-25E,CISCO Nexus F2 Module - 48 Port Fiber 1 ve 10 Gigab,€438.1,$0.00,,,
CISCO,N7K-F312FQ-25,CISCO Nexus 7000 F3-Series 12-Port 40 Gigabit Ethernet Module,€1 -095.2,$0.00,,,
CISCO,N7K-M108X2-12L,Nexus 7000 - 8-Port 10GbE with XL Option (requires X2),€54.8,$0.00,,,
CISCO,N7K-M148GT-11, Nexus 7000 - 48-Port 10/100/1000 - RJ-45 - 40G Fabric Module,€82.1,$0.00,,,
CISCO,N7K-M148GT-11L,CISCO Nexus 7000 M1-Series 48-Port Gigabit Ethernet Modules with XL Option,€120.5,$0.00,,,
CISCO,N7K-M148GT-11L.,NEXUS 7000 - 48 PORT 10/100/1000 Module WITH XL OP,€0.0,$0.00,,,
CISCO,N7K-M202CF-22L,CISCO Nexus 7000 M2-Series 2-Port 100GbE Board,€1 -095.2,$0.00,,,
CISCO,N7K-M206FQ-23L,CISCO 7009 Series Board,€328.6,$0.00,,,
CISCO,N7K-SUP1, Nexus 7000 - Supervisor Module - Includes External 8GB Log,€21.9,$0.00,,,
CISCO,N7K-SUP2,CISCO NEXUS 7000 2 ENGINE Module,€71.2,$0.00,,,
CISCO,N7K-SUP2-E,CISCO NEXUS 7000 2 ENGINE Module,€164.3,$0.00,,,
CISCO,NM-16A,NM-16A Asynchrones 16-port-Modul,,,,,
CISCO,NM-1A-OC3-POM,ATM OC3 module with single POM (SFP) slot,,,,,
CISCO,NM-1E1R2W,1 ETHERNET 1 TOKEN RING 2 WAN CARD,,,,,
CISCO,NM-1T3/E3,ONE PORT T3/E3 NETWORK MODULE,,,,,
CISCO,NM-2CE1T1-PRI,2-PORT CHANNELIZED E1/T1/ISDN-PRI,,,,,
CISCO,NM-32A,32 PORT,,,,,
CISCO,NM-4A/S,NETWORK MODULE,,,,,
CISCO,NM-HD-2V,NETWORK MODULE,,,,,
CISCO,NPE-G1,7200 Network Processing Engine with 3 GE/FE/E ports,,,,,
CISCO,NPE-G2,7200 series NPE-G2,,,,,
CISCO,OC192E/POS-IR-SC,1 Port OC192c/STM64c POS Edge Card. 1550nm IR - SC,,,,,
CISCO,OPB-SCE8K-SM,Optical Bypass SM,,,,,
CISCO,OSM-10C-48-POS-SL, 1-PORT OC-48 POS SM LR+,,,,,
CISCO,OSM-40C12-POS-SI,4 PORT OC 12 POS SM IR+,,,,,
CISCO,PA-2FE-TX=,2-PORT FAST ETHERNET 100base TX Port Adapter,,,,,
CISCO,PA-2PE-TX,800-08350-07  -  2-Port Fast Ethernet Adapter ,,,,,
CISCO,PA-MC-8TE1,8 port multichannel T1/E1 8PRI port adapter,€49.3,$0.00,,,
CISCO,PEM-20A-AC,PWRENTRYMOD USE W/1400W AC P/S FOR CISCO7603  WS-C,€32.9,$0.00,,,
CISCO,PRP-2,CISCO 12000 Performance Router Processor 2 (PRP-2),,,,,
CISCO,PRP-2V06,CISCO,€0.0,$0.00,,,
CISCO,PVDM2-16,16-channel packet fax and voice DSP module,,,,,
CISCO,PVDM2-64,64-channel packet fax and voice DSP module,,,,,
CISCO,PWR-1400-AC,1400W AC pwr/sup for CISCO7603 And Catalyst WS-C65,€32.9,$0.00,,,
CISCO,PWR-1900-DC,Power Supply,,,,,
CISCO,PWR-2700-AC,2700W AC Power Supply for CISCO 7604/6504-E,€54.8,$0.00,,,
CISCO,PWR-2700-AC/4,2700W AC Power Supply for CISCO 7604/6504-E,€54.8,$0.00,,,
CISCO,PWR-2911-DC,CISCO 2911 DC Power Supply,,,,,
CISCO,PWR-2KW-DC-V2,2KW DC Power Module Version 2,€49.3,$0.00,,,
CISCO,PWR-3KW-AC,ASR 9000 Power Module,€202.6,$0.00,,,
CISCO,PWR-4000-DC,CISCO Catalyst 6500 4000W DC PowerSupply,€126.0,$0.00,,,
CISCO,PWR-4000-DC=,4000 ROUTER Power Supply,,,,,
CISCO,PWR-44KW-DC-V3,4.4KW DC Power Module Version 3,€876.2,$0.00,,,
CISCO,PWR-6000-DC,6000W DC PS for CISCO7609/7609-S/13 - Cat6506/09/13,€438.1,$0.00,,,
CISCO,PWR-820-WW2,SOH076 - 77 - 826 - 827 - 4V AC POWER ADAPTER,,,,,
CISCO,PWR-C45-1400AC,Power Supply 1400 AC,,,,,
CISCO,PWR-C45-1400DC,C4500 1400W DC TRIPLE INPUT SP,,,,,
CISCO,PWR-C45-1400DC-P,PWR-C45-1400DC-P,,,,,
CISCO,PWR-C45-2800ACV,Catalyst 4500 Series 2800W Power Supply,,,,,
CISCO,PWR-C45-4200ACV,CISCO FAN 4510 Series Chassis purpose,€21.9,$0.00,,,
CISCO,PWR-C49-300AC,Catalyst 4948 300-Watt AC Power Supply,€201.3,$500.00,,,
CISCO,PWR-C49-300DC,CISCO  Catalyst 4900 300-Watt DC Power Supply,€219.0,$0.00,,,
CISCO,PWR-C49M-1000AC,CISCO 4900M AC Power Supply 1000 watts,,,,,
CISCO,PWR-C49M-1000DC,CISCO 4900M DC Power Supply 1000 watts,€273.8,$0.00,,,
CISCO,PWR-ME3KX-AC,Power Supply for ME3600X - ME3800X,€109.5,$0.00,,,
CISCO,PWS-902-1R,REDUNDANT MODULE SWITCHING Power Supply,,,,,
CISCO,PXM45/C,PROCESSOR SWITCH MOD,,,,,
CISCO,QSFP-100G-ER4L-S,QSFP-100G-ER4L-S,,,,,
CISCO,QSFP-100G-LR4-S,100GBASE LR4 QSFP Transceiver - LC - 10km over SM,,,,,
CISCO,QSFP-40GB-SR-BD,SFP,€230.0,$0.00,,,
CISCO,RSP720-3C-GE,CISCO 7600 Router,€219.0,$0.00,,,
CISCO,RSP720-3CXL,Route Switch Processor,,,,,
CISCO,RSP720-3CXL-10GE,7600 Route Switch Processor 720Gbps - P,€711.9,$0.00,,,
CISCO,RSP720-3CXL-GE,CISCO 7600 Route Switch Processor 720Gbps fabric -P,€186.2,$0.00,,,
CISCO,SA-ISA,800-05508-05 CISCO PA-SA-ISA Encryption module,,,,,
CISCO,SCE8000-FAN,CISCO SCE8000 FAN TRAY,,,,,
CISCO,SCE8000-SIP,CISCO SCE8000 SPA INTERFACE PROCESSOR,€547.6,$0.00,,,
CISCO,SDP3B-64-AA010,64MB ATA Flas,,,,,
CISCO,SF110D-16-EU,CISCO SF110D 16-Port 10 100 RJ-45 Desktop Switch,,,,,
CISCO,SF300-24,SWITCH  24 PORT,€54.8,$0.00,,,
CISCO,SFP-10G-LR,CISCO SFP 10-2457-02 ,€230.0,$0.00,,,
CISCO,SFP-10G-LR-X,10Gbase-Lr X Sfp+ Transceiver Mod - Smf 1310Nm,€230.0,$0.00,,,
CISCO,SFP-10G-SR,10GBASE-SR SFP Module,€230.0,$0.00,,,
CISCO,SFP-1G-LX,1.25G SFP 1310mm 10KM ,,,,,
CISCO,SFP-GE-L10-2144-01,10-2144-01,€230.0,$0.00,,,
CISCO,SFP-GE-S,CISCO 1000BASE-SX SFP (DOM),€230.0,$0.00,,,
CISCO,SFP-GE-TEXT,30-1421-01,€230.0,$0.00,,,
CISCO,SFP-OC12-IR1,SFP,€230.0,$0.00,,,
CISCO,SFP-OC12-SR,SFP,€230.0,$0.00,,,
CISCO,SFP-OC3-IR1,OC3/STM1 SFP - Single-mode fiber - Intermediate Reac,€230.0,$0.00,,,
CISCO,SFP-OC3-MM,OC-3-SR SFP Transceiver (MMF - 1310nm - 2km - LC),,,,,
CISCO,SFP-OC3-SR,CISCO OC3/STM1 SFP - Single-mode fiber - Short Reach,€230.0,$0.00,,,
CISCO,SM-NM-ADPTR,Network Module Adapter for SM Slot,,,,,
CISCO,SMFIR-2-622/B,SMFIR-2-622/B,,,,,
CISCO,SPA-10X1GE-V2,CISCO 10-Port Gigabit Ethernet,,,,,
CISCO,SPA-1X10GE-L,CISCO 1-PORT 10GIGABIT ETHERNET SHARED PORT ADAPTE,€143.8,$0.00,,,
CISCO,SPA-1X10GE-L-V2,CISCO 1-PORT 10GIGABIT ETHERNET SHARED PORT ADAPTE,€155.3,$0.00,,,
CISCO,SPA-1X10GE-L-V2.V02,CISCO 1-Port 10 Gigabit Ethernet Shared Port Adapter - Version 2,€109.5,$0.00,,,
CISCO,SPA-1XCHSTM1/OC3,1-PORT CHANNELIZED STM-1/OC-3C TO DS0 SHARED PORT,€328.6,$0.00,,,
CISCO,SPA-1XOC12-POS,CISCO 1-Port OC-12c/STM-4c POS Shared Port Adapter,,,,,
CISCO,SPA-1XOC48POS/RPR,ADAPTER 1-PORT OC48/STM16 POS/RPR SHARED,,,,,
CISCO,SPA-1XTENGE-XFP,1-PORT 10G ETHERNET XFP PORT ADAPT,,,,,
CISCO,SPA-2GE-7304,2-port Half-Height Gigabit Ethernet Shared Port Adapter,,,,,
CISCO,spa-2x1gev02,CISCO 2-Port Gigabit Ethernet Shared Port Adapter Version 2,€273.8,$0.00,,,
CISCO,SPA-2XOC12-POS,OC12/STM4 POS Shared Port Adapter,€438.1,$0.00,,,
CISCO,SPA-2XOC3-POS,CISCO 6500 Catalyst switch,€21.9,$0.00,,,
CISCO,SPA-2XOC48POS/RPR,CISCO 2-port OC48/STM16 POS/RPR Shared Port Adapte,€547.6,$0.00,,,
CISCO,SPA-2XT3/E3,CISCO 1-Port Channelized STM-1/OC-3c - 2- And 4-Port Clear Channel T3/E3 - And 2- And 4-Port Channelized T3 to DS0 Shared Port Adapter,€82.1,$0.00,,,
CISCO,SPA-3XOC3-ATM-V2,3 port OC-3c/STM-1 ATM,,,,,
CISCO,SPA-4XOC3-ATM,4-port OC-3c/STM-1 ATM Shared Port Adapter,,,,,
CISCO,SPA-4XOC3-PO,4-port OC3/STM1 POS Shared Port,,,,,
CISCO,SPA-4XOC3-POS-V2V01,CISCO 4-Port OC,€0.0,$0.00,,,
CISCO,SPA-4XT3/E3V02,CISCO,€0.0,$0.00,,,
CISCO,SPA-5X1GE,CNUIAHSAAB -  5pt Gigabit Ethernet Shared Port Adapter,,,,,
CISCO,SPA-5X1GE-V2,5-PORT GIGABIT ETHERNET,,,,,
CISCO,SPA-5X1GE-V2-,CISCO 5-port Gigabit Ethernet Shared Port Adapter,€54.8,$0.00,,,
CISCO,SPA-8XCHT1/E1,CISCO 8-port Channelized T1/E1 to DS0 Shared Port ,€306.7,$0.00,,,
CISCO,SPA-OC192POS-LR,1-port OC192/STM64 POS/RPR SMLR ,,,,,
CISCO,SRW208-K9,SF300-08,,,,,
CISCO,SRW224G4,SWITCH LINKSYS 24 PORT,€57.5,$0.00,,,
CISCO,SRW224G4P-K9,SF300-24P 24-PORT 10/100 POE M,,,,,
CISCO,STACK-T1-50CM,CISCO STACK-T1-50CM,,,,,
CISCO,TN7K-M148GT-11L,NEXUS 7000-48 PORT,€0.0,$0.00,,,
CISCO,UBR10-MC5X20H-D,UBR10K HIGH-PERFORMANCE CARD - 5DS W,,,,,
CISCO,UCSB420M4,CISCO UCS B420 M4Blade Server,€219.0,$0.00,,,
CISCO,UCSC-PSU-930WDC,930W -48V DC Common Slot Power Supply for c-Series,€104.0,$0.00,,,
CISCO,VIC-4FXS/DID,4 PORT FXS OR DID VIC,,,,,
CISCO,VIC2-4FXO,4 PORT VOICE INTERFACE CARD ,,,,,
CISCO,VIC3-2E/M,2 PORT INTERFACE CARD. V3. E AND M,,,,,
CISCO,VS-S720-10G,Catalyst 6500 Supervisor 720 with 2 10GbE ports  ,€65.7,$0.00,,,
CISCO,VS-SUP2T-10G,Catalyst 6500 Series Supervisor Engine 2T,€76.7,$0.00,,,
CISCO,VWIC2-1MFT-T1,1-PORT 2ND GEN MULTIFLEX TRUNK,,,,,
CISCO,VWIC2-2MFT-T1/E1,2-Port 2nd Gen Multiflex Trunk Voice/WAN  Int. Car,€32.9,$0.00,,,
CISCO,WIC-1ADSL,1 PORT ISDN WAN INTERFACE CARD,,,,,
CISCO,WIC-1B-S/T-V3,1PORT ISDN WAN INTERFACE CARD,,,,,
CISCO,WIC-1ENET,SINGLE-PORT ETHERNET WAN INTERFACE,,,,,
CISCO,WS-4507R-E,Cat4500 E-Series 7-Slot Chassis - fan - no ps - Red Sup Capable (WS-C4507R+E Replacement Product),€1 -725.0,$10 -000.00,,,
CISCO,WS-C2924-XL-EN,24-PORT SWITCH 10/100BASE-TX FAST ETHERNET,,,,,
CISCO,WS-C2924C-XL-EN,CATALYST 2900,,,,,
CISCO,WS-C2940-8TT-S,8 PORT 10100 ETHERNET PORT ETHERNET SWITCH,,,,,
CISCO,WS-C2950-24,SWITCH,€21.9,$0.00,,,
CISCO,WS-C2950G-24,CISCO 2950,,,,,
CISCO,WS-C2950G-24-EI,CISCO CATALYST 2950 SERIES,,,,,
CISCO,WS-C2950G-48-EI,CISCO 48 PORT SWITCH,,,,,
CISCO,WS-C2960-8TC-L,CISCO Catalyst 2960 8 Port 10/100 + 1 T/SFP Switch - WS-C2960-8TC-L,€164.3,$0.00,,,
CISCO,WS-C2960+48PST-S,Catalyst 2960 Plus 48 Port Switch,,,,,
CISCO,WS-C2970G-24TS-E,CISCO CATALYST 2970 24PORTS,,,,,
CISCO,WS-C3524-XL-EN,24-Ports Rack Mountable Switch,,,,,
CISCO,WS-C3548-XL-EN,CISCO 48-PORT 10/100 XL SWITCH,,,,,
CISCO,WS-C3550-24-DC-SMI,CISCO C3550 24-Port Ethernet Switch DC Powered,,,,,
CISCO,WS-C3550-24-SMI,CISCO Catalyst 3550 24Port EN Switch,,,,,
CISCO,WS-C3550-48-SMI,CATALSTY 3550 SWITCH,€0.0,$0.00,,,
CISCO,WS-C3560-24TS-S,SWITCH,€21.9,$0.00,,,
CISCO,WS-C3560-48PS-S,CISCO WS-C3560-48PS-S o 48 Port PoE Ethernet Switch,,,,,
CISCO,WS-C3560-48TS-S,SWITCH,€21.9,$0.00,,,
CISCO,WS-C3560-8PC-S,3560 Compact 8 Port 10/100 PoE + 1,€21.9,$0.00,,,
CISCO,WS-C3560G-24TS-E,CISCO Catalyst 3560,,,,,
CISCO,WS-C3560G-48TS-S,Catalyst 3560 48 10/100/1000T + 4 SFP Standard Ima,€131.4,$0.00,,,
CISCO,WS-C3560X-48P-S,Catalyst 3560X 48 Port PoE IP Base Switch,€76.7,$0.00,,,
CISCO,WS-C3560X-48T-L,48 Gigabit Ethernet POE+ ports standalone switch,€164.3,$0.00,,,
CISCO,WS-C3650-48TS,SWITCH IP BASE CISCO,€460.0,$0.00,,,
CISCO,WS-C3750-48TS-S,CISCO Catalyst 3750 Series C3750-48T 48 x RJ-45 Ports 10/100Base-TX,,,,,
CISCO,WS-C3750G-12S-S,CISCO 3750 12 SFP + IPB IMAGE,,,,,
CISCO,WS-C3750G-24T-S,CISCO Catalyst 3750 24 10/100/1000T + IPB Image,€27.4,$0.00,,,
CISCO,WS-C3750G-24TS-S1U,Catalyst 3750 24 10/100/1000 + 4 SFP Std Multilaye,,,,,
CISCO,WS-C3750G-48TS-S,CISCO CATALYST 3750 48 PORT,,,,,
CISCO,WS-C3750X-24T-L,Catalyst 3750X 24 Port Data LAN Base,,,,,
CISCO,WS-C3850-48T-S,48-Port RJ-45 Stackable GE Switch + C3850-NM-4-10G 1x PSU,€219.0,$0.00,,,
CISCO,WS-C4003,CATALYST 4000 CHASSIS (3-SLOT),,,,,
CISCO,WS-C4006,CATALYST 4006 CHASSIS (6-SLOT),,,,,
CISCO,WS-C4503E,Cat4500 E-Series 3-Slot Chassis,,,,,
CISCO,WS-C4506-E,CISCO CATALYST 4506 CHASSIS,,,,,
CISCO,WS-C4900M,CISCO 4900M Switch Base System with 8 X2 ports and,€54.8,$0.00,,,
CISCO,WS-C4948,CISCO Catalyst 4948 - optnl sw - 48-Port 10/100/1000,€109.5,$0.00,,,
CISCO,WS-C4948-S,CATALYST 4984 SWITCH,€219.0,$0.00,,,
CISCO,WS-C4948E,CATALYST 48-PT ETHERNET SWITCH COMPLETE-AC,,,,,
CISCO,WS-C5000,CATALYST 5000 SERIES,,,,,
CISCO,WS-C6500-SFM,Switch Fabric Module,,,,,
CISCO,WS-C6503-E-FAN,CATALYST 6503-E Chassis FAN Tray,€71.2,$0.00,,,
CISCO,WS-C6504-E,Catalyst 6500 Enhanced 4-slot chassis -5RU -no PS -no Fan Tray,€287.5,$7 -156.00,,,
CISCO,WS-C6504-E-S32-GE,6504-E Chasis  Fan Tray  Sup32-GE,€65.7,$0.00,,,
CISCO,WS-C6506-E-FAN,Catalyst 6506-E Chassis Fan Tray,€54.8,$0.00,,,
CISCO,WS-C6509,C6509,€383.3,$0.00,,,
CISCO,WS-C6509-E,CISCO CATALYST 6509E 9-SLOT ENHANCED CHASSIS,,,,,
CISCO,WS-C6509-E-FAN,Catalyst 6509-E Chassis Fan Tray,€65.7,$0.00,,,
CISCO,WS-C6K-13-SLOT-FAN,CATALYST 6000 C6500 13-SLOT FAN TRAY,,,,,
CISCO,WS-C6K-13SLOT-FAN2,High Speed Fan Tray for Catalyst 6513 / CISCO 7612,€59.1,$0.00,,,
CISCO,WS-C6K-13SLT-FAN2,WS-C6K-13SLOT-FAN2,€59.1,$0.00,,,
CISCO,WS-C6K-9SLOT-FAN2=,  CATALYST 6509 HIGH-SPEED FAN TRAY,,,,,
CISCO,WS-CAC-3000W,Catalyst 6500 3000W AC Power Supply,€21.9,$0.00,,,
CISCO,WS-CAC-4000W-INT,4000W AC Power Supply - International ( cable),€5 -750.0,$0.00,,,
CISCO,WS-CAC-6000W,Cat6500 6000W AC Power Supply,€27.4,$0.00,,,
CISCO,WS-CDC-2500W,CISCO Catalyst 6000 2500W DC Power Supply,€219.0,$0.00,,,
CISCO,WS-CE500-24TT,CATALYST EXPRESS 500 SERIES,,,,,
CISCO,WS-CE520-24TT-K9,24 PORT 10/100 + 2 UPLINK,,,,,
CISCO,WS-F6700-CFC,CISCO CENTRALIZED FORWARD Board FOR WS-X67xx BoardS,€71.2,$0.00,,,
CISCO,WS-F6700-DFC3B,Catalyst 6500 Policy Ftr Board/Dist Fwrd Board,€188.4,$0.00,,,
CISCO,WS-F6700-DFC3BXL,CISCO Catalyst 6500 Dist Fwd Board- 3BXL - for WS-X6,€287.5,$0.00,,,
CISCO,WS-F6700-DFC3C,CISCO Catalyst 6500 Dist Fwd Board- 3CXL - for WS-X6,€438.1,$0.00,,,
CISCO,WS-F6700-DFC3CXL,CISCO Catalyst 6500 Dist Fwd Board- 3CXL - for WS-X6,€57.5,$0.00,,,
CISCO,WS-F6K-PFC3B,CISCO Catalyst WS-SUP720-3B,€32.9,$0.00,,,
CISCO,WS-F6K-PFC3BXL,SUP720 PFC-3BXL,€186.2,$0.00,,,
CISCO,WS-G5484,1000BASE-SX,,,,,
CISCO,WS-G5486,1000BASE-LX/LH long haul GBI ,,,,,
CISCO,WS-G5487,CISCO-1000Base-ZX Extended Reach GBIC,,,,,
CISCO,WS-IPSEC-3,WS-SSC-600 Board ,€547.6,$0.00,,,
CISCO,WS-S720-10G,68-2978-04  -  SUPERVISOR 720 INTEGRATED SWITCH FABRIC/PFC3,,,,,
CISCO,WS-SSC-600,CISCO 6513 SERVICE CARRIER,€164.3,$0.00,,,
CISCO,WS-SUP32-GE-3B,WS-SUP32-GE-3B,€109.5,$0.00,,,
CISCO,WS-SUP720-3B,CISCO Catalyst 6500/CISCO 7600 Supervisor 720 Fabr,€54.8,$0.00,,,
CISCO,WS-SUP720-3BXL,Catalyst 6500/CISCO 7600 Supervisor 720 Fabric MSF,€109.5,$0.00,,,
CISCO,WS-SVC-AGM-1-K9,ANOMALY GUARD Module FOR CISCO 6500/7200 Series,€1 -369.0,$0.00,,,
CISCO,WS-SVC-FWM-1,CISCO Firewall blade for 6500 And 7600,€1 -095.2,$0.00,,,
CISCO,WS-SVC-SAMI-BB-K9,CISCO Service Application Module for IP ( 6 x PPC ,€1 -095.2,$0.00,,,
CISCO,WS-X4012,CISCO 6513 Series Chassis Board SUPERVISOR ENGINE,€54.8,$0.00,,,
CISCO,WS-X4013,SUPERVISOR II ENGINE,,,,,
CISCO,WS-X4013+10GE,SUPERVISOR ENGINE II - PLUS - 10GE,,,,,
CISCO,WS-X4148-RJ,Catalyst 4000 Series 48-Port 10/100 Switching Module,,,,,
CISCO,WS-X4148-RJ45V,48 PORT IN LINE POWER 10/100 B,,,,,
CISCO,WS-X4232-GB-RJ,10/100BASE-TX SWITCHING MODULE W/2GBIC SLOTS,,,,,
CISCO,WS-X4248-RJ45V,CATALYST 4503 48-PT ETHERNET CARD,,,,,
CISCO,WS-X4306-GB,CISCO CATALYST 4500 6PORT GIGABIT ETH MODULE,,,,,
CISCO,WS-X4448-GB-RJ45,CISCO Catalyst 4500 Series 48-Port 10/100/1000-Mbps,€32.9,$0.00,,,
CISCO,WS-X45-SUP6L-E,Catalyst 4500 E-Series Sup 6-E,,,,,
CISCO,WS-X45-SUP8-E,CISCO 4510 Series Board,€76.7,$0.00,,,
CISCO,WS-X4503-FILTER,WS-X4503-FILTER= CISCO Catalyst 4503 Center Mount 23 In,,,,,
CISCO,WS-X4506-GB-T,Board,€32.9,$0.00,,,
CISCO,WS-X4507,Air Filter Kit for WS-X4507,,,,,
CISCO,WS-X4515,SUPERVISOR ENGINE,€0.0,$0.00,,,
CISCO,WS-X4516,SUPERVISOR ENGINE,€0.0,$0.00,,,
CISCO,WS-X4516-10GE, Catalyst 4500 Supervisor V-10GE - 2x10GE (X2) and 4x1GE,€164.3,$0.00,,,
CISCO,WS-X4516-6-E,WS-X4516-10GE,€0.0,$0.00,,,
CISCO,WS-X4548-GB-RJ45,Cisco Catalyst 4500 Enhanced 48-Port,€16.4,$0.00,,,
CISCO,WS-X4582+E,CISCO 4510 Series FAN,€164.3,$0.00,,,
CISCO,WS-X4593-E,CATALYST 4503-E FAN,,,,,
CISCO,WS-X4596-E,CATALYST 4506-E FAN TRAY,,,,,
CISCO,WS-X4648-RJ45V+E,CAT 4500 E-Series 48-P PoE+,,,,,
CISCO,WS-X4712-SFP+E,CISCO Catalyst 4500E Series 12-Port 10 Gigabit Ethernet SFP,,,,,
CISCO,WS-X4748-RJ45+E,CISCO Catalyst 4510 Series Line Board,€49.3,$0.00,,,
CISCO,WS-X4908-10GE,CISCO 4900M  8 port 2:1 10 GE Board,€164.3,$0.00,,,
CISCO,WS-X4920-GB-RJ45,CISCO 4900M 20 port 10/100/1000 RJ45,€27.4,$0.00,,,
CISCO,WS-X4991V04,CISCO CATALYST FAN TRAY,€27.4,$0.00,,,
CISCO,WS-X6066-SLB-S-K9,CISCO CAT6500 SWITCHING MODULE,,,,,
CISCO,WS-X6148-FE-SFP,WS-X6148-FE-SFP,,,,,
CISCO,WS-X6148-GE-45AF,CISCO C6509-E,€54.8,$0.00,,,
CISCO,WS-X6148-GE-TX,CISCO 6500 48-port 10/100/1000 GE Mod. RJ-45,€54.8,$0.00,,,
CISCO,WS-X6148-RJ-45,CISCO 48-port 10/100 switch Module,€32.9,$0.00,,,
CISCO,WS-X6148A-45AF,CISCO Catalyst 6500 48-Port PoE 802.3af 10/100 -car,€82.1,$0.00,,,
CISCO,WS-X6148A-GE-45AF,Catalyst 6500 48 Port Gigabit Module,€54.8,$0.00,,,
CISCO,WS-X6148A-GE-TX,CISCO Catalyst 6500 48-port 10/100/1000 w/Jumbo Fr,€32.9,$0.00,,,
CISCO,WS-X6248A-TEL,Catalyst 6000 48-port 10/100 Enhanced Q,,,,,
CISCO,WS-X6324-100FX-SM,Catalyst 6000 24-port 100FX  /  WS-X6324-100FX-SM,,,,,
CISCO,WS-X6348,Cisco Catalyst 6500 48 port 10/100 module,€27.4,$0.00,,,
CISCO,WS-X6408-GBIC,8 PORT GIGABIT ETHERNET  / 68-0727-04 ,,,,,
CISCO,WS-X6408A-GBIC,Gigabit Ethernet Optical Interface Module - 8 ports; 1000BASE-SX - ‑LX/LH - ‑ZX - -T; 1000BASE-CWDM - ‑DWDM; SC connecter,€54.8,$0.00,,,
CISCO,WS-X6416-GBIC,Gigabit Ethernet Optical Interface Module 16 port,€54.8,$0.00,,,
CISCO,WS-X6500-SFM2,CISCO 6500 Series SFM2 module,,,,,
CISCO,WS-X6516-GBIC,16 PORT GIGABIT ETHERNET,,,,,
CISCO,WS-X6516-GE-TX,16 PORT  1000BASE-T GE,,,,,
CISCO,WS-X6516A-GBIC,800-22110-02   -   16 PORT GIGABIT ETHERNET,,,,,
CISCO,WS-X6582-2PA,CISCO Catalyst 6500 Flex WAN Switch Module,,,,,
CISCO,N5696-M12Q,Nexus 5696Q Chassis Module 12Q 40GE Ethernet/FCoE.,,,,,
CISCO,WS-X6704-10GE,  CISCO Catalyst 6500 04-port 10 Gigabit Ethernet fiber Module,€54.8,$0.00,,,
CISCO,WS-X6708-10GE,  CISCO Catalyst 6500 08-port 10 Gigabit Ethernet fiber Module,€82.1,$0.00,,,
CISCO,WS-X6716-10GE,  CISCO Catalyst 6500 16-port 10 Gigabit Ethernet fiber Module,€109.5,$0.00,,,
CISCO,WS-X6724-SFP,CISCO Catalyst 6500 24-port GigE Mod: fabric-enabl,€54.8,$0.00,,,
CISCO,WS-X6748-GE-TX,48-port 10/100/1000BASE-T switching Module. ,€54.8,$0.00,,,
CISCO,WS-X6748-SFP,CISCO Catalyst 6500 48-port GigE Mod: fabric-enabl,€98.6,$0.00,,,
CISCO,WS-X6904-40G,Catalyst 6900 Series 4-Port 40 Gigabit Ethernet Module,€383.3,$0.00,,,
CISCO,WS-X6K-S2U-MSFC2,SUPERVISOR 2 ,,,,,
CISCO,WS-X6K-SUP1A-2GE,WS-X6K-SUP1A-2GE,€54.8,$0.00,,,
CISCO,WX-X6408A-GBIC,CATALYST 6000  8-port GE,,,,,
CISCO,X2-10GB-ER,10GBASE-ER X2 MODULE,,,,,
CISCO,X2-10GB-LR,CISCO 10GBASE-LR X2 Transceiver Module for SMF - 13,€230.0,$0.00,,,
CISCO,X2-10GB-SR,CISCO 10GBASE-SR X2 Module,€230.0,$0.00,,,
CISCO,XENPAK-10GB-ER,CISCO 10GBBASE ER WENPAK,,,,,
CISCO,XENPAK-10GB-LX4,CISCO 10GBASE-LX4 XENPAK MODULE,,,,,
CISCO,XENPAK-10GBASE-SR,10GBASE-SR XENPAK Module,,,,,
CISCO,XFP-10G-MM-SR,10GBASE-SR XFP Module,€230.0,$0.00,,,
CISCO,XFP-10GER-192IR+,XFP Module,,,,,
CISCO,XFP-10GER-OC192IR-C,100BASE-ER-EW,,,,,
CISCO,XFP-10GLR-OC192SR,CISCO Multirate XFP Module for 10GBASE-LR And OC19,€230.0,$0.00,,,
CISCO,XFP-10GLR-OC192SR_2014,Multirate XFP Module for 10GBASE-LR And OC19,€230.0,$0.00,,,
CISCO,XFP10GLR-192SR-L,10-2542-01,€230.0,$0.00,,,
CITRIX,CITRIX12000,Netscaler 8 port SFP Application Firewall,€547.6,$0.00,,,
CITRIX,FTLX8571D3BCVCTX,SFP 10G/1G DUAL MODE SR,€230.0,$0.00,,,
CITRIX,MPX7500/9500,NETSCALER MPX 7500/9500 Load Balancer - w/o HDD,€2 -738.1,$0.00,,,
CITRIX,MPX17000-15000,QUAD CORE CPU - 32GB RAM 2 AC ; MPN: MPX 17000/1500,€3 -285.7,$0.00,,,
CITRIX,MPX9700/10500/12500,MPX 9700/10500/12500/15500,€1 -642.9,$0.00,,,
COFITEL,FC/APC-SC/APC,Fibre Cable,,,,,
COFITEL,FC/PC-SC/APC,Fibre Cable,,,,,
COFITEL,FC/UPC-LC/PC,Fibre Cable,,,,,
COFITEL,FC/UPC-LC/UPC,Fibre Cable,,,,,
COFITEL,LC/APC-FC/PC,Fibre Cable,€0.0,$0.00,,,
COFITEL,LC/APC-SC/APC,Fibre Cable,€0.0,$0.00,,,
COFITEL,LC/PC-FC/PC,Fibre Cable,€0.0,$0.00,,,
COFITEL,LC/PC-LC/PC,Fibre Cable,€0.0,$0.00,,,
COFITEL,LC/PC-SC/SPC,Fibre Cable,€0.0,$0.00,,,
COFITEL,LC/UPC-LC/UPC,Fibre Cable,€0.0,$0.00,,,
COFITEL,LC/UPC-SC/APC,Fibre Cable,€0.0,$0.00,,,
COFITEL,MU/PC-MU/PC,Fibre Cable,,,,,
COFITEL,MU/PC-MU/PC-0.5M,JUMPER CABLE 0.5M MM MU/PC-MU/PC 0.5M Optical Cable,,,,,
COFITEL,MU/PC-MU/PC-1M,JUMPER CABLE 1M MM MU/PC-MU/PC 1M Optical Cable,,,,,
COFITEL,MU/PC-SC/APC,Fibre Cable,,,,,
COFITEL,MU/UPC-MU/UPC-5M,JUMPER CABLE 5M MM MU/UPC-MU/UPC 5M Optical Cable,,,,,
COFITEL,SC/APC,Fibre Cable,,,,,
COFITEL,SC/APC-LC/PC,Fibre Cable,,,,,
COFITEL,SC/APC-LC/PC-10M,JUMPER CABLE 10M MM SC/APC-LC/PC 10M,,,,,
COFITEL,SC/APC-MU/PC-10M,JUMPER CABLE 10M MM SC/APC-MU/PC 10M Optical Cable,,,,,
COFITEL,SC/APC-SC/APC,Fibre Cable,,,,,
COFITEL,SC/APC-SC/APC-15M,JUMPER CABLE 15M MONOMODE SC/APC-SC/APC-15 M Optical Cable,,,,,
COFITEL,SC/APC-SC/APC-2M,JUMPER CABLE 2M MM SC/APC-SC/APC 2M Optical Cable,,,,,
COFITEL,SC/APC-SC/PC-10M,JUMPER CABLE 10M MM SC/APC-SC/PC 10M Optical Cable,,,,,
COFITEL,SC/APC-SC/SPC,Fibre Cable,,,,,
COFITEL,SC/APC-SC/UPC,Fibre Cable,,,,,
COFITEL,SC/APC-SC/UPC-10M,JUMPER CABLE 10M MM SC/APC-SC/UPC-10M Optical Cable,,,,,
COFITEL,SC/APC-SMA,Fibre Cable,,,,,
COFITEL,SC/PC-FC/PC,Fibre Cable,,,,,
COFITEL,SC/PC-LC/PC,Fibre Cable,,,,,
COFITEL,SC/PC-SC/APC,Fibre Cable,,,,,
COFITEL,SC/SPC-FC/PC,Fibre Cable,,,,,
COFITEL,SC/SPC-LC/PC,Fibre Cable,,,,,
COFITEL,SC/SPC-SC/SPC,Fibre Cable,,,,,
COFITEL,SC/UPC-FC/UPC,Fibre Cable,,,,,
COFITEL,SC/UPC-LC/PC,Fibre Cable,,,,,
COFITEL,SC/UPC-LC/UPC,Fibre Cable,,,,,
COFITEL,SC/UPC-SC/APC,Fibre Cable,,,,,
COFITEL,SC/UPC-SC/UPC,Fibre Cable,,,,,
COLT,3.3072.011,COLT SUBRACK,,,,,
COLT,3.3072.109,COLT SUBRACK,,,,,
COMBA,CM-BK2D-ON1,Combiner UNIT,€0.0,$0.00,,,
COMBA,CM-DW2D-OA2I,OTHER,€0.0,$0.00,,,
COMBA,CM-KY2D-OA2D,Outdoor Dual-band Combiner,€0.0,$0.00,,,
COMBA,COMBASN-5200,800MHz+900MHz+2100MHz Tri-Band Digital Pico Repeat,€0.0,$0.00,,,
,COMBASP-2110,SP2110,,,,,
COMBA,SP2110,REPEATER 2100MHZ 3G ,€0.0,$0.00,,,
COMBA,MBDA-2133,COMBA 2100MHz Digital Band Selective Repeater 3G,€0.0,$0.00,,,
COMBA,MBDA2133,MBDA-2133,€0.0,$0.00,,,
COMBA,MP-100(T21),DIGIGTAL 3G PICO REPEATER,€0.0,$0.00,,,
COMBA,MP-100(T52),DIGITAL PICO REPEATER 4G  INPUT DC12V,€0.0,$0.00,,,
COMBA,MP-100(T7V),COMBA PICO REPEATER 4G,€0.0,$0.00,,,
COMBA,RD9132,GSM Digitally Adjustable Band Selective Repeater 3,€0.0,$0.00,,,
COMBA,RX9123,Digital Channel Selective Repeater 3G,€0.0,$0.00,,,
COMBA,RX2123,Pico repeater COMBA RX 2123,€0.0,$0.00,,,
COMBA,SBC-21,SAME BAND COMBINER 2100MHZ,€57.5,$0.00,,,
COMMSCOPE,108167,FLANGE HARDWARE KIT (SHORT) PBR/UDR 220,,,,,
COMMSCOPE,113814,PBR/UBR FLANGE HARDWARE KIT,,,,,
COMMSCOPE,7562493-01,DCM AF 936,,,,,
COMMSCOPE,7562495-01,DCM AF 1835 (1710 - 1725 / 1805 - 1880 MHZ),,,,,
COMMSCOPE,7577517,2-WAY COMB,,,,,
COMMSCOPE,7612781-01,698-960-MHZ SPLITTER REAR MOUNT,,,,,
COMMSCOPE,7615788-00,SPL 1:2 1710 - 2170,,,,,
COMMSCOPE,7627636-01,BBU DRAWER,,,,,
COMMSCOPE,7645044-2,FLANGE HDW KITS (PBR220) STD/SHORT,,,,,
COMMSCOPE,7645044-4,FLANGE HDW KITS (PBR 120) STD/SHORT,,,,,
COMMSCOPE,7652214,MOUNT KIT ,,,,,
COMMSCOPE,7660119-5,FLANGE HDW KIT PBR220,,,,,
COMMSCOPE,7660119-6,FLANGE HDW KITS PBR120,,,,,
COMMSCOPE,8-1933796-2,RACK MOUNT PATCH PANEL,,,,,
COMMSCOPE,CMAX-DMF-CPUSEI53,Low PIM Directional MIMO In-Building Antenna - 698–,€27.4,$0.00,,,
COMMSCOPE,CMAX-OMF1-CPUSEI53,LOW PIM Omni MIMO IN-BUILDING Antenna,€74.8,$0.00,,,
COMMSCOPE,E15S08P71,Tower Mounted Amplifier - Dual UMTS 2100 with AISG,€54.8,$0.00,,,
COMMSCOPE,E15S08P98,Tower Mounted Amplifier - Dual UMTS 2100 with AISG,€54.8,$0.00,,,
COMMSCOPE,F075KKS3-HU,Cable,,,,,
COMMSCOPE,VHLP1-26-HW1B,ANTENNA DIA 0.3m  26GHz  5psi(35kPa),,,,,
COMMSCOPE,VHLP2-80-HW2,Microwave Antenna.A80S06HAC.80G.600mm.HP.Single Polarization.Compact Mount.50.5dBi.0.5deg.25dB.With bracket,€219.0,$0.00,,,
COMMSCOPE,VHLPX2-11W-HW1A,Microwave Antenna -A10D06HAC -10&11G -600mm -HP -dual polarization -Direct(XMC)/Separate(All RTN ODU) Mount -34.5dBi -3.3deg -30dB,€0.0,$0.00,,,
COMPAQ,PS-6301-1,Power Supply,€219.0,$0.00,,,
COMPEL,3AG26014AA,OADM LINE CABLING KIT - 356.402.040 SMF C 44/09,,,,,
COMPEL,3AL94758AB,356.402.017 SMF C41/09 Optical Cable,,,,,
COMPEL,3AL94759BA,INTER SHELF CABLING 3RD,,,,,
COMPEL,3AL94759CA,356.402.042 SMF C44/09 Optical Cable,,,,,
CONDITION,MANUFACTURER,Q-TY,,,,,
CORIANT,C50117-A29-B431,AIR FLOW GUIDE II,,,,,
CORIANT,C50117-A29-B503,AIR FLOW GUIDE III,,,,,
CORIANT,S42023-L5060-A1,hiT 7020 2xSTM-1,,,,,
CORIANT,S42023-L5082-A110,SRS-2 SURPASS HIT 7300,,,,,
CORIANT,S42024-L5347-A1,Surpass Hit 7030 Power Supply,,,,,
CORIANT,S42024-L5428-A402,LASBC-1 ,,,,,
CORIANT,S42024-L5430-A130,F04MDU-1 C05,,,,,
CORIANT,S42024-L5432-A2,O08VA-1,,,,,
CORIANT,S42024-L5432-A82,O08VA-1,,,,,
CORIANT,S42024-L5445-A30,D0510DCF,,,,,
CORIANT,S42024-L5445-C40,D0680DCF-2,,,,,
CORIANT,S42024-L5447-A1,AIR FILTER - 10PACK - HIT 7035,,,,,
CORIANT,S42024-L5448-A1,DC Power Supply,,,,,
CORIANT,S42024-L5633-A100,I04TQ10G-1,,,,,
CORIANT,S42024-L5633-A200,I04TQ10G,,,,,
CORIANT,S42024-L5661-A1,SCE plus,,,,,
CORIANT,S42024-L5692-A100,I10T100G-1/CQP,,,,,
CORIANT,S42024-L5858-A200,I04T40G-2/CQP,,,,,
CORIANT,S42024-L5858-A203,I04T40G-2/CQP,,,,,
CORIANT,S42024-L5881-A100,I08AD10G-1,,,,,
CORIANT,V50017-U332-K500,STM-4 Module L-4.2/3,,,,,
CORIANT,V50017-U333-K500,STM-4 (V4.2 120KM - 1550NM),,,,,
CORIANT,V50017-U463-K500,SFP,,,,,
CSA,60950-1,UL-60950-1,,,,,
CSA,UL-60950-1,UL-60950-1 Probe,€460.0,$0.00,,,
CUBITEL,CBT-PANEL16-75120,CBT-PANEL16-75120,,,,,
CURVATURE,GLC-LH-SM-CURV,TRANSCEIVER 125 G1310 NM10KM,,,,,
DATAKOM,D500-GPRS-COMM,Control UNIT,€0.0,$0.00,,,
DELL,0235G7MQ,SERVER,€0.0,$0.00,,,
DELL,0YF1JW,2U Cable Management Arm -Customer Kit,€5 -750.0,$0.00,,,
DELL,9FJ066-051,146Gb SAS 10k 2.5 Hard Drive,,,,,
DELL,9FJ066-150,DELL 146GB 10K 2.5 6G SAS HDD,,,,,
DELL,PC3200U-30331-B1,DELL G2671 1GB DDR 400 CL3 RAM SERVER MEMORY DIMM,,,,,
DELL,POWERCONNECT,PowerConnect5324,,,,,
DELL,PowerConnect5324,24 Port Gigabit Ethernet Managed Switch,€109.5,$0.00,,,
DELTA,23-0000067-01, BROCADE Power Supply 2000W  (481552-001),,,,,
DELTA,46M6416,60MM HOT-SWAP FAN ,,,,,
DELTA,52020BER,DELTA Rectifier Purpose Control Unit Screen,€0.0,$0.00,,,
DELTA,52020BES,DELTA Rectifier UNIT 2700 Watt,€0.0,$0.00,,,
DELTA,52020BFL,DELTA Control UNIT Board,€0.0,$0.00,,,
DELTA,52020BFM,DELTA Rectifier UNIT 2700 Watt (-48V/24V),€0.0,$0.00,,,
DELTA,52020BFN,DELTA Rectifier ,€0.0,$0.00,,,
DELTA,52020BFO,DELTA CONVERTER UNIT 1000 Watt (-48V/24V),€0.0,$0.00,,,
DELTA,52020BGG,DELTA Rectifier 6U-5U,€0.0,$0.00,,,
DELTA,52020BIZ,DELTA HE Rectifier UNIT 2900 Watt (-48V/24V),€0.0,$0.00,,,
DELTA,52020BJL,DELTA HE PLUGIN Control UNIT(-48V/24V),€0.0,$0.00,,,
DELTA,52020BJM,DELTA Rectifier Access Board,€0.0,$0.00,,,
DELTA,52020BJN,DELTA Rectifier 2U Chassis,€0.0,$0.00,,,
DELTA,52020BKJ,DELTA ALARM Control Unit Version 2,€0.0,$0.00,,,
DELTA,52020BLR,DELTA Rectifier UNIT DPR 600B-48,€0.0,$0.00,,,
DELTA,52100AKB,Rectifier 220V 48V with Battery Back-Up for SMALCELL,€328.6,$0.00,,,
DELTA,73-15494-05,Board,€109.3,$0.00,,,
DELTA,CB210002,OUTDOOR Chassis DPS 2900 48 4 220AC VDC,€0.0,$0.00,,,
DELTA,d0105128, FR 48V - 2000 W-E Rectifier POWER,€301.2,$0.00,,,
DELTA,DCS-24/20AA,DC-DC CONVERTER 48V TO 24V20A,,,,,
DELTA,DE-060629-1,DELTA ELETTRONICA REPLACEMENT FILTER,,,,,
DELTA,DHF-2DC-4400W,SWITCHING Power Supply DELTA,€191.7,$0.00,,,
DELTA,DPS-400AB-10,SWITCHING POWER SUPLY,,,,,
DELTA,DPS-450KB,SWITCHING Power Supply,,,,,
DELTA,DPS-600RB,Power Supply,€54.8,$0.00,,,
DELTA,DPS-72,POWER,€0.0,$0.00,,,
DELTA,ESR-48/56BF,DPR-2900 B 48 INPUT 17A OUTPUT 53.7 AMP,€136.9,$0.00,,,
DELTA,FC95705200,1000BASE-LX10 SFP,,,,,
DELTA,FR48V-2000W-E,d0105128,€0.0,$0.00,,,
DELTA,FR48V-2000W-EREV20,d0105128,€0.0,$0.00,,,
DELTA,LCP-1250A4FDR,850NM 1.25GBD SFP,€0.0,$0.00,,,
DELTA,LCP-1250B4QDR,1310NM 1.25GBD,€0.0,$0.00,,,
DELTA,RTXM139-400,SFP,€230.0,$0.00,,,
DELTA,TPS1020025A,DELTA ORION Control Board,€82.1,$0.00,,,
DIALOGIC,85-0603-006,0603006A1A924K,,,,,
DIALOGIC,DIALOGIC,Dialogic MEDIA-GATEWAY ,€1 -150.0,$0.00,,,
DIALOGIC,IGATE-4000-EDGE-4E1,4 port Dialogic I-Gate 4000 EDGE TDM Media Gateway,€383.3,$0.00,,,
DIGI,50001350-01,16 INTEGRATED CONSOLE SERVER,,,,,
DIGITAL MC,840-301025-101,MGMT 1 - VT 100,,,,,
DIGITAL MC,A00-212262-I21,ALTIUM O.D.U PROTECTED HH ,,,,,
DITECH,002-0203-01, 4-port FAST ETHNT,,,,,
DITECH,002-0257-00,Gateway Shelf (DITECH),,,,,
DITECH,002-0266-00,QUAD SHELF BNC REAR ACCESS,,,,,
DITECH,002-0293-08,QUAD 2 E1 ECHO CANCELLER,,,,,
DITECH,002-0293-09,QUAD 2 E1 ECHO CANCELLER,,,,,
DITECH,002-0300-08,QUAD 2 E1 ECHO CANCELLER,,,,,
DITECH,010-0261-00,4E1 CONNECTOR PANEL,,,,,
DITECH,88401011,ECO CANCEL QUAD 2E1 MODULE,,,,,
DOT HILL,FRUKA06-01,FRUKA06-01 Dot Hill Chassis,€273.8,$0.00,,,
DYCEC,80027417,ADAPTADOR DE INTERFACE G.703,,,,,
DYCEC,80027425,ADI-S ADAP INTERFACE G.703 2 MB NX64 V.35,,,,,
DYCEC,80031001,ADI-SG SOBREMESA NX64KB/2MB-G I,,,,,
EATON,66028,PULSAR STS 16,,,,,
EATON,APR48-3G,Rectifier 1800W AC-DC,,,,,
EATON,EL650IEC,Eaton Ellipse ECO 650 IEC - UPS,,,,,
EATON,PULSARSTS16,Transfer Switch,€0.0,$0.00,,,
ECI,1132993F39,ECI 'X14250' ODU KT,,,,,
ECI,1132993F40,ECI X14250 ODU KT,,,,,
ECI,1132993F41,ECI X14250 ODU KT,,,,,
ECI,1132993F42,ECI X14250 ODU KT,,,,,
ECI,3234590,SMM622-2,,,,,
ECI,3234591,SMM622-3,,,,,
ECI,780448,BGW-10 SHELF ASSY,,,,,
ECI,780449,BGW-10 SHELF ASSY,,,,,
ECI,780450,BGW-10 SHELF ASSY,,,,,
ECI,780454,MIF_10 CARD ASSY,,,,,
ECI,780455,MIF_10 CARD ASSY,,,,,
ECI,AS313701-O,1.25G/1530NM 80KM,,,,,
ECI,AS313704-O,1.25G/1590NM 80KM,,,,,
ECI,AS313705-O,1.25G/1610NM  80KM,,,,,
ECI,AUX_2I,,,,,,
ECI,CHTR,ECI TELECOM XDM SHELF LINECARD,,,,,
ECI,DI01,,,,,,
ECI,DW16MDB,,,,,,
ECI,DW16MDRE,,,,,,
ECI,DW16VMDB,,,,,,
ECI,DW16VMDRE,,,,,,
ECI,ECI,AS214202-O,,,,,
ECI,ECM40,,,,,,
ECI,EIS,,,,,,
ECI,HLXC,,,,,,
ECI,HLXC384,,,,,,
ECI,M0_DW16MDRE-GG,,,,,,
ECI,M2_84B,,,,,,
ECI,M2_84P,,,,,,
ECI,M345_16,,,,,,
ECI,M345_8,,,,,,
ECI,MECP,,,,,,
ECI,MECP_OSC5,,,,,,
ECI,OADMAB,,,,,,
ECI,OADMEW,,,,,,
ECI,OBL-B3,BLANK,,,,,
ECI,OFA2,,,,,,
ECI,OM_2RB,,,,,,
ECI,OM01-4S3,,,,,,
ECI,OM04-1L5,,,,,,
ECI,OM04-1L5LC,,,,,,
ECI,OM04-1S3,,,,,,
ECI,OM04-1S3LC,,,,,,
ECI,OM16_1,,,,,,
ECI,OM16_1PI3,,,,,,
ECI,OM16_1PI3M,,,,,,
ECI,OM16_1PS3M,,,,,,
ECI,OMS01_4,,,,,,
ECI,OMS04_1,,,,,,
ECI,OMSC16_4,,,,,,
ECI,OMTX10,,,,,,
ECI,OMTX10_S,,,,,,
ECI,OMTX10-LAN,,,,,,
ECI,OTGBE_LX,1310NM 10KM,,,,,
ECI,OTR1_S3,1310NM,,,,,
ECI,OTR10_AL49,Multiprotocol 10Gb/s DWDM XFP Optical Transceiver,,,,,
ECI,OTR10_AL50,Multiprotocol 10Gb/s DWDM XFP Optical Transceiver,,,,,
ECI,OTR103_LR,XFP - SMF - 1310nm - 10km - LC - DOM,,,,,
ECI,OTR4_S3,,,,,,
ECI,OTR64_AL5,,,,,,
ECI,P7007,OMD1,,,,,
ECI,PIM2_21,Module  PIM2_21 add/ drop interfaces Е1,,,,,
ECI,PIO2,,,,,,
ECI,PIO2_84H,,,,,,
ECI,PIO345M,,,,,,
ECI,PSFU,,,,,,
ECI,SIO1&4,,,,,,
ECI,SIO1&4M,,,,,,
ECI,SIO16,,,,,,
ECI,SIO16_2D,,,,,,
ECI,SIO164,XDM MODULE,,,,,
ECI,SIO16M,,,,,,
ECI,SIO64M,,,,,,
ECI,SIO64MF,,,,,,
ECI,SOADM,,,,,,
ECI,TRP10_4M,XDM-1000 SHELF LINECARD,,,,,
ECI,TRP25C,,,,,,
ECI,X12540,MCS5,,,,,
ECI,X20373,PIO2_84 CARD,,,,,
ECI,X20756,XINF CARD ENG AS,,,,,
ECI,X20786,MECP CARD E,,,,,
ECI,X21782,DRAWER XFCU,,,,,
ECI,X22169,OM16_1AB22,,,,,
ECI,X22177,OM16_1AB30,,,,,
ECI,X30020,UADM1E 120R OPT S3_FC SA,,,,,
ECI,X30825,UADM1E 120R,,,,,
ECI,X30826,UADM1E 120R ELEC AS,,,,,
ECI,X31329,UADM1E 120R OPT L5_FC AS,,,,,
ECI,X31386,ATO MODEL *S,,,,,
ECI,X31732,ATO UDXC MODEL,,,,,
ECI,X3179,XSUBRACK-50,,,,,
ECI,X3188,CABLE PWR16 RAP L2.7 DT SK,,,,,
ECI,X32800,OM04_1S3LC,,,,,
ECI,X32821,OM04_1L5LC CARD ASSY AS,,,,,
ECI,X33007,XDM100 SUBRACK_100 GENERAL,,,,,
ECI,X33008,ECU_F CARD ASSY,,,,,
ECI,X33014,SAM4_2 CARD ASSY AS,,,,,
ECI,X33019,XCM100 CARD ASSY AS,,,,,
ECI,X33027,SIM1_4/O CARD ASSY AS,,,,,
ECI,X33039,PIM_21,,,,,
ECI,X33101,EISM_208 C,,,,,
ECI,X33661,NVM XDM V30.48 (V3.2) SAND 128 SW,,,,,
ECI,X33725,UADM1 120R,,,,,
ECI,X34120,BG40 SHELF,,,,,
ECI,X34121,INF_4XDC,,,,,
ECI,X34124,MXC4X,,,,,
ECI,X34126,ADP_MXC4X_V,,,,,
ECI,X34139,MET_L1,,,,,
ECI,X34145,ADP 32UB,,,,,
ECI,X34150,SM10UB,,,,,
ECI,X34157,SM_EM_24W6,,,,,
ECI,X34158,SM_FE_A,,,,,
ECI,X34162,MXC4X,,,,,
ECI,X34163,SM10UB,,,,,
ECI,X34243,ESW_2G_8F,,,,,
ECI,X34519,SM_C0DIR_4,,,,,
ECI,X34529,OTR1_EL CARD ASSY AS,,,,,
ECI,X34542,OTR1_S3 CARD ASSY,,,,,
ECI,X34547,OTR4_L5 CARD ASSY AS,,,,,
ECI,X34558,MXC20,,,,,
ECI,X34560,AC-CONV-20B,,,,,
ECI,X34561,M345_3,,,,,
ECI,X34697,BG-20B L1,,,,,
ECI,X34924,NVM XDM100/200 V50.52 (V5.5),,,,,
ECI,X3542,OTR1_S3,,,,,
ECI,X36022,SM_10E,,,,,
ECI,X36067,INF-20E,,,,,
ECI,X36068,AC_CONV_20E,,,,,
ECI,X36075,SM_V35E,,,,,
ECI,X36077,SM_EOP,,,,,
ECI,X36081,BG-20E SHELF,,,,,
ECI,X36120,ICP-V35 ASSY TK,,,,,
ECI,X36171,ETSI MOUNTING INST. FOR BG-20B,,,,,
ECI,X36245,SMD1B ASSY TK,,,,,
ECI,X36247,DMEOP_4,,,,,
ECI,X36254,FCU_30B,,,,,
ECI,X36258,OTR16_S3,,,,,
ECI,X36703,FANTRAY-9710,,,,,
ECI,X37180,MPS_2G_8F,,,,,
ECI,X37561,BG-30 EMB. V10.1 SD NVM KIT,,,,,
ECI,X37707,BG-30 EMB. V11 SD NVM KIT,,,,,
ECI,X3784,HANDSET KIT PL,,,,,
ECI,X38948,NVM XDM V081.120 (V8.12 R4.1),,,,,
ECI,X70876,OM04_1S3 CARD ENG (SC) AS,,,,,
ECI,X71018,OM16_1PS3 C,,,,,
ECI,X71143,OM16_AL5 CARD ASSY,,,,,
ECI,X71366,XIO192 CARD,,,,,
ECI,X71415,OM16_1PS3MSFP CARD ASSY (LC),,,,,
ECI,X71753,SIO1&4M,,,,,
ECI,X72166,XMCP_R_N CA,,,,,
ECI,X72651,OTGBE_SX CARD ASSY AS,,,,,
ECI,X72678,OTR1_S3 CARD ASSY,,,,,
ECI,X72680,OTR4_S3,,,,,
ECI,X72766,OTR1_L5 CARD ASSY,,,,,
ECI,X91055,SPAFC512M-HACSCN-UF,,,,,
ECI,XDM-1000,Chassis,,,,,
ECI,XDM-2000,Chassis,,,,,
ECI,XDM-40,,,,,,
ECI,XDM-400,Chassis,,,,,
ECI,XECB4,,,,,,
ECI,XFCU,,,,,,
ECI,XFCU-H,Fan Unit,,,,,
ECI,XFCU4,FAN UNIT,,,,,
ECI,XINF,XPRF/XINF Power Supply Filter,,,,,
ECI,XINF-H,XDM MODULE,,,,,
ECI,XINF4,,,,,,
ECI,XINF40,,,,,,
ECI,XIO192,,,,,,
ECI,XMCP-B,,,,,,
ECI,XMCP-R,,,,,,
ECI,Y62741N,ATU-C64 HIGH FOCUS,,,,,
ELTEK,241115.105,FLATPACK2 48/2000 High Efficiency Power Supply,€0.0,$0.00,,,
ELTEK,241114.111,FLATPACK 1500 48V MIBBU RoHS,,,,,
ELTEK,241117.130,MiniPack 48/800,,,,,
ELTEK,241119.105,ELTEK FLATPACK2 48/3000 HE 52020BIU Rectifier UNIT,€547.6,$0.00,,,
ELTEK,241122.125,FLATPACK S 48/1800 HE Rectifier,€219.0,$0.00,,,
ELTEK,241123.102,Converter 230VAC-1500VA 48VDC-0W,€1 -095.2,$0.00,,,
ELTEK,242100.110,ELTEK Smartpack Advanced G2 242100.110SC dene,€54.8,$0.00,,,
ELTEK,242100.114,Smartpack GB RS232,€328.6,$0.00,,,
ELTEK,242100.118,Smartpack WEB/SNMP 6+6,,,,,
ELTEK,242100.200,Smartnode RS232_RS485,€21.9,$0.00,,,
ELTEK,242100.410,SMARTPACK S Controller,€328.6,$0.00,,,
ELTEK,52020BFH,ELTEK FLATPACK2 Control UNIT (-48V/24V),€54.8,$0.00,,,
ELTEK,52020BFK,ELTEK FLATPACK CONVERTER UNIT 1100 Watt (-48V/24V),€0.0,$0.00,,,
ELTEK,52020BIU,ELTEK FLATPACK2 HE Rectifier UNIT 3000 Watt (-48V,€219.0,$0.00,,,
ELTEK,CT0M0402.1193,MP 48V 3.2KW  1X230VAC BD,,,,,
ELTEK,DB8938.1000,Eltek Dist.cab FPC bce 4x dist MCB (SP1),€0.0,$0.00,,,
ELTEK,FLATPACK48/1500,Rectifier Module,€109.5,$0.00,,,
ELTEK,V2500A-VV,V2500A-VV 48VDC RECTIFIER RFQ,,,,,
EMACS,26C1050847,PDU,,,,,
EMC,100-562-716,AX4 NX4 Storage Processor Module,€32.9,$0.00,,,
EMERSON,02590920,Rectifier Access Module EMERSON,€109.3,$0.00,,,
EMERSON,027529702,SCHEDA MICROFACE E.24V BEI,,,,,
EMERSON,7001567-J000,IBM 675-Watts Power Supply ,,,,,
EMERSON,740-043832,AC Power Supply ,,,,,
EMERSON,BH51012185,,,,,,
EMERSON,BMG701016/1,,,,,,
EMERSON,BML403111/1,ENERGY SYSTEM,,,,,
EMERSON,BML440032/1,RECTIFIER R48-2000E,,,,,
EMERSON,BML440051/1,Rectifier,€383.3,$0.00,,,
EMERSON,BML440062/1,Rectifier R48-3200,,,,,
EMERSON,BMP903043/2,,,,,,
EMERSON,BMP903080/1,Alarm Module EMERSON M521B,,,,,
EMERSON,BMP903090/4,Control UNIT,€0.0,$0.00,,,
EMERSON,BMP903100/1,M830B,,,,,
EMERSON,C24/48-1200,Rectifier Module,,,,,
EMERSON,C48/24-1000,Rectifier Module,,,,,
EMERSON,CS7000001.01,RECTIFIER (ERMERSON AA25000L),,,,,
EMERSON,CS7000001.02,RECTIFIER (EMERSON AA25000L) ,,,,,
EMERSON,CS7000021.00,RECTIFIER (EMERSON AA25000L),,,,,
EMERSON,R48-2000E,Rectifier Module,,,,,
EMERSON,R48-3000E3,Rectifier Module,,,,,
EMERSON,R48-3500E,Rectifier Module,,,,,
EMERSON,R48-5800E,Rectifier Module,,,,,
EMERSON,SMIO,MONITORING UNIT INPUT&OUTPUT,,,,,
EMERSON,WEC008,IPC GICC 1.0 STM-1 Single Mode Fiber Car,,,,,
ENTERASYS,1G-2MGBIC,2 Port Mini-GBIC Option Card,,,,,
ENTERASYS,7K-2XFP-6MGBIC,Gigabit-Module,,,,,
ENTERASYS,B3G124-48P,48 PORT SWITCH,,,,,
ENTERASYS,B5K125-48,B5K 48-port stackable - 2x 10GB,,,,,
ENTERASYS,C2RPS-POE,C2 SERIES POE REDUNDANT Power Supply,,,,,
ENTERASYS,P0973BJ,SWITCH - 24PRT FX,,,,,
ENTERASYS,RBT-8400,ROAMABOUT  SWITCH,,,,,
ENTERASYS,VH-2402S,HORIZON FAST ETHERNET SWITCH,,,,,
EPM PAPST,52060ADJ,EPM PAPST Free Cooling Fan -48V DC,€0.0,$0.00,,,
EPM PAPST,52060ADK,EPM PAPST Free Cooling Fan 24V DC,€0.0,$0.00,,,
EPM PAPST ,52060ADI,FCS3 Free Cooling Unit,€0.0,$0.00,,,
ERAT,014130276,Optical Cable SC-LC-30MT-SINGLE MODE ,,,,,
ERAT,014130276,Optical Cable SC-LC-30MT-SINGLE MODE ,€5 -750.0,$0.00,,,
ERAT,FC-SC-20MT-SM,Optical Cable FC-SC-20MT SINGLE MODE ,€5 -750.0,$0.00,,,
ERAT,FC-SC-25MT-SM,Optical Cable FC-SC-25MT SINGLE MODE ,€5 -750.0,$0.00,,,
ERAT,FC-SC-30MT-SM,Optical Cable FC-SC-30M SINGLE MODE ,€5 -750.0,$0.00,,,
ERAT,FC-SC-5MT-SM,Optical Cable FC-SC-5MT SINGLE MODE ,€5 -750.0,$0.00,,,
ERAT,LC-LC-10MT-SM,OPTICAL CABLKE LC-LC-10MT SINGLE MODE ,€5 -750.0,$0.00,,,
ERAT,LC-LC-150MT-SM-Armoured,Optical Cable  150MT On-Reel Armored LC-LC-SINGLE MOD,€5 -750.0,$0.00,,,
ERAT,LC-LC-200MT-SM,Optical Cable Armoured 200MT LC-LC-SINGLE MODE,€5 -750.0,$0.00,,,
ERAT,LC-LC-2MT-SM,Optical Cable LC-LC-2MT SINGLE MODE ,€5 -750.0,$0.00,,,
ERAT,LC-LC-3MT-SM,Optical Cable LC-LC-3MT SINGLE MODE ,€5 -750.0,$0.00,,,
ERAT,LC-LC-SM-50MT-52020BIG,Optical Cable 50MT SINGLE MODE LC-LC,€0.0,$0.00,,,
ERAT,LC-SC-10MT-SM,Optical Cable LC-SC-10MT SINGLE MODE ,€5 -750.0,$0.00,,,
ERAT,LC-SC-15MT-SM,Optical Cable LC-SC-15MT SINGLE MODE ,€5 -750.0,$0.00,,,
ERAT,LC-SC-25MT-SM,Optical Cable LC-SC-25MT SINGLE MODE ,€5 -750.0,$0.00,,,
ERAT,LC-SC-3MT-SM,Optical Cable LC-SC-3MT-SINGLE MODE ,€5 -750.0,$0.00,,,
ERAT,LC-SC-50MT-SM,Optical Cable LC-SC-50MT SINGLE MODE ,€5 -750.0,$0.00,,,
ERAT,LC-SC-5MT-SM,Optical Cable LC-SC-5MT SINGLE MODE ,€5 -750.0,$0.00,,,
ERAT,SC-LC-10MT-SM,Optical Cable SC-LC-10MT SINGLE MODE ,€5 -750.0,$0.00,,,
ERAT,SC-LC-5MT-SM,Optical Cable SC-LC-5MT SINGLE MODE ,€5 -750.0,$0.00,,,
ERAT,SC-LC-7MT-SM,Optical Cable SC-LC-7MT SINGLE MODE ,€5 -750.0,$0.00,,,
ERAT,SC-SC-10MT-SM,Optical Cable SC-SC-10MT SINGLE MODE ,€5 -750.0,$0.00,,,
ERAT,SC-SC-15MT-SM,Optical Cable SC-SC-15MT SINGLE MODE ,€5 -750.0,$0.00,,,
ERAT,SC-SC-20MT-SM,Optical Cable SC-SC-20MT SINGLE MODE ,€5 -750.0,$0.00,,,
ERAT,SC-SC-25MT-SM,Optical Cable SC-SC-25MT SINGLE MODE ,€5 -750.0,$0.00,,,
ERAT,SC-SC-2MT-SM,Optical Cable SC-SC-2MT SINGLE MODE CIFT KILLI,€5 -750.0,$0.00,,,
ERAT,SC-SC-3MT-SM,Optical Cable SC-SC-3MT SINGLE MODE ,€5 -750.0,$0.00,,,
ERAT,SC-SC-40MT-SM,Optical Cable SC-SC-40MT SINGLE MODE ,€5 -750.0,$0.00,,,
ERAT,SC-SC-50MT-SM,Optical Cable SC-SC-50MT SINGLE MODE ,,,,,
ERAT,SC-SC-5MT-SM,Optical Cable SC-SC-5MT SINGLE MODE ,€5 -750.0,$0.00,,,
ERAT,ST-ST-MM-10MT,Optical Cable Patchcord ST-ST Multimode 10mt x1,€5 -750.0,$0.00,,,
ERAT,ST-ST-MM-5MT,Optical Cable PATCHCORD-ST-ST 5MT multimode x2,€5 -750.0,$0.00,,,
ERIC-AAS,BFD76105/1,Aastra LBP16 magazine,,,,,
ERIC-AAS,MM0012202/01,MINI LINK MMU 2*2,,,,,
ERIC-AAS,ROF1314414/4,DSU,,,,,
ERIC-AAS,UKY22049/SC15,ANT2 0.6 38GHz HP VHLPX2-38-E2,,,,,
ERICSSON,02HAT00029AAB,GMU8 MASTER,,,,,
ERICSSON,02HAT00058AAU,CPE ACTIVE LTU,,,,,
ERICSSON,02HAT00059AAW,CPE PASSIVE LTU,,,,,
ERICSSON,02HAT00103ACY,INTERFACE PRNCD,,,,,
ERICSSON,02HAT00115ABB,MH DUAL STAGE AMP 29/20,,,,,
ERICSSON,02HAT00116AAL,SSA 22/20,,,,,
ERICSSON,02HAT00116ABD,MH SINGLE STAGE AMP 29/20,,,,,
ERICSSON,02HAT00118AAO,LTU PSU I/F,,,,,
ERICSSON,02HAT00151AAL,DSA M22/18,,,,,
ERICSSON,02HAT00162AAD,,,,,,
ERICSSON,02HAT00198AAM,64XPOTS VOIP DUAL SLIC,,,,,
ERICSSON,02HEA00032AHE,DCM 160 KM TW-RS C-BAND,,,,,
ERICSSON,03030541,BBU3900,,,,,
ERICSSON,032/BFY1120421,TS4B,,,,,
ERICSSON,032/BFY113,Dummy Unit,,,,,
ERICSSON,032/BFY1130421,TS4B,,,,,
ERICSSON,032/BFY1130821,SKORM 265X17,,,,,
ERICSSON,033/BFY,Dummy Unit,,,,,
ERICSSON,03HAK00003ABF,LU97BG,,,,,
ERICSSON,03HAK00004AAQ,GIU-C (P),,,,,
ERICSSON,03HAK0006AAU,PASSIVE 3 PORT ADD/DROP UNIT C-BAND,,,,,
ERICSSON,03HAN00008AAK,LU28AD,,,,,
ERICSSON,03HAQ00002ADX,DSPRN COMPN MOD-30KM,,,,,
ERICSSON,03HAQ00002AFH,DCM SMF C-50KM,,,,,
ERICSSON,03HAQ00002AHS,DSPRN COMPN MOD-70KM,,,,,
ERICSSON,03HAQ00002AJK,LU20XL MODULE DSPRN COMPN MOD-80KM,,,,,
ERICSSON,03HAQ00002AKC,MULTIHAUL 3000 90KM DCM,,,,,
ERICSSON,03HAQ00002ALU,DCM SMF C-100KM,,,,,
ERICSSON,03HAT00021AAK,STM-16,,,,,
ERICSSON,03HAT00025AAT,STM-64,,,,,
ERICSSON,03HAT00083AAF,MHL LTU (Power/1394 Bridge/Comms,,,,,
ERICSSON,03HAT00084AAH,AUX ALM LN TERMN UN,,,,,
ERICSSON,03HAT00107BAV,MHL 3000,,,,,
ERICSSON,03HAT00115ZAK,OLU-8C,,,,,
ERICSSON,03HAU00023AAB,Cable,,,,,
ERICSSON,03HGC00123AAT,Flash Card,,,,,
ERICSSON,03HGC00128AAE,System Software,,,,,
ERICSSON,03MBB00013AAK,ERICSSON KIT,,,,,
ERICSSON,04040497,CAB-E1-120ohm-2,,,,,
ERICSSON,04050100VF,Cable (28AWG-0.3m),,,,,
ERICSSON,051/BFY1140631,Dummy unit,,,,,
ERICSSON,051/BPY1120601,Shield Screen 115x30,,,,,
ERICSSON,051/BPY1121001,Shield Screen 115x50,,,,,
ERICSSON,051/BPY1140631,Shield Screen 415x225x30,,,,,
ERICSSON,1/BFD7422017,INTEG MAIN,,,,,
ERICSSON,1/BFD7422018,INTEG MAIN,,,,,
ERICSSON,1/BFE4011018,DC Chassis,,,,,
ERICSSON,C22PSup6601,BFL901009/4,,,,,
ERICSSON,BFL901009/4,C22P Sup 6601,,,,,
ERICSSON,1/BFL901009/4,BFL901009/4,€0.0,$0.00,,,
ERICSSON,1/BFZ102111/42,GEM4C -EXP,,,,,
ERICSSON,1/BMG663014/30,PDU,,,,,
ERICSSON,1/BMG663014/31,PDU MAX 2 x 2000W,,,,,
ERICSSON,1/BMG704001,FUSE PANEL,,,,,
ERICSSON,1/BMG704002,FUSE PANEL,,,,,
ERICSSON,1/BMG980347/2,PDU-14,,,,,
ERICSSON,1/BMG980347/3,PDU-HC,,,,,
ERICSSON,1/BYB501180,Chassis,,,,,
ERICSSON,1/TSR26337/25M,CABLE,,,,,
ERICSSON,1/TSR48421/1000,CABLE,,,,,
ERICSSON,1/TSR4900901/1,CABLE,,,,,
ERICSSON,1/TSR4900901/2,CABLE,,,,,
ERICSSON,1/TSR4900901/3,CABLE,,,,,
ERICSSON,1/TSR4900901/4,CABLE,,,,,
ERICSSON,10094,PWR CORD -10A - CEE7 -C15,,,,,
ERICSSON,103/BFL901009,RBS 6601 WCDMA,,,,,
ERICSSON,103/BFM901292,RBS6102,,,,,
ERICSSON,103BFL901009,ER_MISC-GABIN_WCDMA_6601_103BFL901009,,,,,
ERICSSON,11/COH1092081,RBS3518,,,,,
ERICSSON,11/COH1092086,RBS3216,,,,,
ERICSSON,12/FAB102614,Equipped Subrack,,,,,
ERICSSON,131-8747/01,POWER UNIT,,,,,
ERICSSON,133-1256/01,,,,,,
ERICSSON,133-1555/01,AXH600E,,,,,
ERICSSON,1400800-0011,100 BASE/FX OPTICAL SFP,,,,,
ERICSSON,1400876-0077,2ch OADM R1B 193.3-193.4 THz,,,,,
ERICSSON,1400876-0085,Pass Add/Drop Opti R1BB LGX 2SKIP0 OADM LGX(118MM PIN S PITCH)SINGLE_WIDE,,,,,
ERICSSON,1400876-0093,PASS ADD/DROP OPTI C0RR LGX 2SKIP0 OADM LGX(118MM PIN S PITCH)SINGLE_WIDE,,,,,
ERICSSON,1400876-0101,C0R OADM-193.9&194.0 THz,,,,,
ERICSSON,1400876-0135,B1RR OADM-194.5&194.6 THz,,,,,
ERICSSON,1400876-0143,Pass Add/Drop Opti B1R LGX 2SKIP0 OADM LGX(118MM PIN S PITCH)SINGLE_WIDE,,,,,
ERICSSON,1400876-0150,Pass Add/Drop Opti B1B LGX 2SKIP0 OADM LGX(118MM PIN S PITCH)SINGLE_WIDE,,,,,
ERICSSON,1400876-0176,B2 RR OADM-195.3&195.4,,,,,
ERICSSON,1400876-0192,B2B OADM-195.7&195.8THz,,,,,
ERICSSON,1400876-0200,2ch OADM B2BB 195.9-196.0 THz ,,,,,
ERICSSON,1400886-0034,DCM 30KM,,,,,
ERICSSON,1400886-0042,DMC 40km,,,,,
ERICSSON,1400886-0067,DCMX-C0100-060k-B0802,,,,,
ERICSSON,1400886-0083,DCMX-C0100-080k-B0802,,,,,
ERICSSON,151-2364/03,,,,,,
ERICSSON,151-2554/25,STM64/OC192,,,,,
ERICSSON,151-2554/26,STM64/OC192,,,,,
ERICSSON,151-2975/01,Power Supply,,,,,
ERICSSON,151-3111/01,MULTIDATA,,,,,
ERICSSON,151-3111/21,MULTIDATA 10G PORT,,,,,
ERICSSON,151-3134/01,16 SKT MULTI-RATE CARD,,,,,
ERICSSON,151-3134/21,4 SKT MULTI-RATE CARD,,,,,
ERICSSON,1AB215120041,FIBRA MULTIMODO OM3 EN Y (5M),,,,,
ERICSSON,1HAG60596AAT,CHASIS,,,,,
ERICSSON,1HAL60515AAS,DCM,,,,,
ERICSSON,1HAM61134AAC,MAINS IN LINE POWER UNIT,,,,,
ERICSSON,1HAM61222AAP,MULTIHAUL 3000 AUX ALM INTFC UNIT,,,,,
ERICSSON,1HAM61228AAC,2 X STM-1/140M LTU,,,,,
ERICSSON,1HAM61230AAA,ALM-E-Bw7R,,,,,
ERICSSON,1HAT60852ACK,HUB CARD,,,,,
ERICSSON,1HAT61121ACM,EXTENDED ADD DROP,,,,,
ERICSSON,1HAU20073ADR,LA90D,,,,,
ERICSSON,1HAU61926ABU,Cable,,,,,
ERICSSON,1HAU62025AAM,CABLE MULTIWIRE WITH CONNECTOR,,,,,
ERICSSON,1HAU62508AAV,Cable,,,,,
ERICSSON,1MBA61103ABS,1200 EMC GENERIC TRIB COVER,,,,,
ERICSSON,1MBA62251AAY,1200 EMC GENERIC LTU COVER,,,,,
ERICSSON,1MBA62252AAB,1240 EMC 2M LTU COVER,,,,,
ERICSSON,1MBA62253AAD,BLANK PLATE,,,,,
ERICSSON,1MBB60891AAU,,,,,,
ERICSSON,1MBB60982AAN,,,,,,
ERICSSON,1MBB61101AAH,SUPPORT,,,,,
ERICSSON,1MBB61107BBK,,,,,,
ERICSSON,1MBB61334ABO,,,,,,
ERICSSON,1MBB61426AAT,EQUIPMENT KIT,,,,,
ERICSSON,1MBB61470AAG,,,,,,
ERICSSON,1MBD60712AAS,FIBRE MANAGEMENT TRAY,,,,,
ERICSSON,1MBD60712ACC,FIBER MGMT ASSY,,,,,
ERICSSON,1MBH61068AAE,MHL3000 - FIBRE TRAY SINGLE UNIT,,,,,
ERICSSON,1MMB60861AAY,,,,,,
ERICSSON,2/BFE4011018,AC Chassis,,,,,
ERICSSON,2/ROFNB15706,CPU,,,,,
ERICSSON,2/ROFNB15713/1,,,,,,
ERICSSON,2/TSR4900901/1,Cable,,,,,
ERICSSON,2/TSR4900901/2,CABLE,,,,,
ERICSSON,2/TSR4900901/3,CABLE,,,,,
ERICSSON,2/TSR4900901/4,CABLE,,,,,
ERICSSON,20-00-00635-03-R,CBL FLAT_ENET 28AWG CAT6 BLK 3FT SN,,,,,
ERICSSON,20/BFF90118/371,2203-B4-KRC1615531+KRE10122491+KRY901345,,,,,
ERICSSON,20/BFF90118/393,| 2203-B2-KRC1614891+KRE10122491+KRY901345,,,,,
ERICSSON,20/BFF90118/415,2203-B5-KRC1615081+KRE10121991+KRY901345,,,,,
ERICSSON,23030065,2 WAY SPLITTER,€0.0,$0.00,,,
ERICSSON,3.3072.028,SUCO2,,,,,
ERICSSON,3.3072.039,SUCO2,,,,,
ERICSSON,3.3072.047,LECA2,,,,,
ERICSSON,3.3072.053,LECA2,,,,,
ERICSSON,3.3072.105,Colt2,,,,,
ERICSSON,3/ROF1371897/3,AXE10,,,,,
ERICSSON,3/ROF1377587/1,SSU,,,,,
ERICSSON,307/BFF90116,RBS 6302 - -48 V MAX 9 -6 AM BFF 901 16/1,€0.0,$0.00,,,
ERICSSON,38CBRET000465,Optical Cable 4Core,,,,,
ERICSSON,3EH73015AE,MIX0/8/4,,,,,
ERICSSON,3EH73047AB,LANX16-1,,,,,
NOKIA,3HE07943AAA,3HE07943AA,€0.0,$0.00,,,
ERICSSON,3XCHSTM1/E1SMF-IR,SN03MXBDAA,,,,,
ERICSSON,4/FAP1990074,APZ21255 MAGAZINE,,,,,
ERICSSON,42-23N60037,CABLE ASSEMBLY,,,,,
ERICSSON,48003-23AA02,0,,,,,
ERICSSON,48003-24AB01,0,,,,,
ERICSSON,4800943-0017SU65AA,0,,,,,
ERICSSON,5/BFJBN101001/3,Ethernet Adaption Set Pair,,,,,
ERICSSON,5/BFY1010066/1,Fan Cable Set,,,,,
ERICSSON,5/FAM901268,RXI 820 P5,,,,,
ERICSSON,5/SXK12334/1,Demi panel RET,,,,,
ERICSSON,501/BYB40501,BASE FRAME/INSTAL.INTERF,,,,,
ERICSSON,501B901542,ER_RBS_6121_501B901542,,,,,
ERICSSON,5105275-0018,0,,,,,
ERICSSON,543269304G,BANDA BASE UNIV. 3U. 4X2 Mbits/s IDU 9400UL,,,,,
ERICSSON,59/BYB501/11,DUST FILTER,,,,,
ERICSSON,8006202B,ALT202,,,,,
ERICSSON,8008128B,PSB128,,,,,
ERICSSON,8008460C,AGMM460,,,,,
ERICSSON,8008461B,AGMS461,,,,,
ERICSSON,8008576B,DSU576,,,,,
ERICSSON,8008935A,CTU935,,,,,
ERICSSON,8008949C,ALT949,,,,,
ERICSSON,8009080B,CSB 080,,,,,
ERICSSON,8009097B,PSU097,,,,,
ERICSSON,8009560C,DSU560,,,,,
ERICSSON,8009950C,SDU950,,,,,
ERICSSON,8009983B,DSU983,,,,,
ERICSSON,8009995B,AXE 10 AMU995/DIAMUX120/500,,,,,
ERICSSON,8009999D,ALT999,,,,,
ERICSSON,804/BYB202,Fan Unit,,,,,
ERICSSON,80990,ONE100-2B-4V-1O,,,,,
ERICSSON,85388-0002SU65AB,0,,,,,
ERICSSON,85391-0001SU56AD,0,,,,,
ERICSSON,88-003-61325,NTBA RDSI 2B1Q,,,,,
ERICSSON,8DG81002AA,OCC10EC,,,,,
ERICSSON,90023181,Cable - Patch cords 35m red,,,,,
ERICSSON,90023182,Patch cords 35m yellow,,,,,
ERICSSON,908-0332,Redback OC3/STM1/SMF-IR,,,,,
ERICSSON,908-0423,XFP-10GE-SR,,,,,
ERICSSON,9500743-0028,0,,,,,
ERICSSON,993857C4704,CABLE,,,,,
ERICSSON,993857C5304,CABLE,,,,,
ERICSSON,993857D1010,CABLE,,,,,
ERICSSON,994081B1705,CABLE,,,,,
ERICSSON,994081B4404,CABLE,,,,,
ERICSSON,AM0010203,MINI-LINK E AMM 2U-3,,,,,
ERICSSON,AM0010401,MINI-LINK E AMM 4U-1,,,,,
ERICSSON,AN00045416,0,,,,,
ERICSSON,AN00231463,0,,,,,
ERICSSON,AN00231472,0,,,,,
ERICSSON,AN00231473,0,,,,,
ERICSSON,an00231477,1600 128X128 STM-1 SWITCH,€0.0,$0.00,,,
ERICSSON,AN00231488,0,,,,,
ERICSSON,AN00231497(SK66CC),0,,,,,
ERICSSON,AN00233403,STM-16,,,,,
ERICSSON,BFB100009/4,BFB100009/4,,,,,
ERICSSON,BFB101001/1,POU5V,,,,,
ERICSSON,BFB101001/1B,POU5V,,,,,
ERICSSON,BFB101001/3,POU12V,,,,,
ERICSSON,BFB101004/2,POU48V48V40V,,,,,
ERICSSON,BFB102103/1,FAU4 Cooling Fan Unit,,,,,
ERICSSON,BFB109002/1,DCN LAN SWITCH,,,,,
ERICSSON,BFB109012/1,IFB01,,,,,
ERICSSON,BFB10951/2,LARGE NODE IPNA 768MB BFB 109 51/2 W03 BFB10951/2 LBB/AM RAID CPCI-730 APG40C/2 node,€876.2,$0.00,,,
ERICSSON,BFB10984/A11,FE-E1 CONVERTER,,,,,
ERICSSON,BFB10987/1,LBB/LN/C24,€2 -738.1,$0.00,,,
ERICSSON,BFB1110024-1R1A,0,,,,,
ERICSSON,BFB1110024/1,,,,,,
ERICSSON,BFB1110025/2,2xGE-2xSMAP-SFP,,,,,
ERICSSON,BFB1110032/1,Service Module-SFP-4xSTM4,,,,,
ERICSSON,BFB1110033/1,,,,,,
ERICSSON,BFB14004/1,PLUG-IN,,,,,
ERICSSON,BFB14004/2,PLUG IN,,,,,
ERICSSON,BFB14004/4,PLUG-IN UNIT/FAN UNIT,,,,,
ERICSSON,BFB14012/1,FAN UNIT,€290.2,$0.00,,,
ERICSSON,BFB14013/1,FAN UNIT,€290.2,$0.00,,,
ERICSSON,BFB14013/2,FAN UNIT,€290.2,$0.00,,,
ERICSSON,BFB40113/B11,EDN612i,,,,,
ERICSSON,BFBBN101/01,PLUG IN UNIT,,,,,
ERICSSON,BFBBN10101/1,PLUG IN UNIT,,,,,
ERICSSON,BFBN10101/1,PLUGIN,,,,,
ERICSSON,BFC101102,SUBRACK,€1 -314.3,$0.00,,,
ERICSSON,BFC90194/1,0,,,,,
ERICSSON,BFD101061/1BAMS-1001243376,0,,,,,
ERICSSON,BFD101062/1BAMS-1001243378,0,,,,,
ERICSSON,BFD101068/1BAMS-1001243371,0,,,,,
ERICSSON,BFD101078/1,0,,,,,
ERICSSON,BFD101080/2D,SSR 8010,,,,,
ERICSSON,BFD101109/2,CPSB,,,,,
ERICSSON,BFD101109/3,CPSB,€2 -464.3,$0.00,,,
ERICSSON,BFD101109/5,CPSB 12GW,€1 -916.7,$0.00,,,
ERICSSON,BFD10151/3,LBB/LC/C15,,,,,
ERICSSON,BFD10151/33,LBB/LC/C13,,,,,
ERICSSON,BFD10176/4,,,,,,
ERICSSON,BFD10193/2,LBB/LC/C24,€136.9,$0.00,,,
ERICSSON,BFD10193/22,APG40C/4,,,,,
ERICSSON,BFD112015/2,ICM,,,,,
ERICSSON,BFD113502/3,RGSU-DISTR,,,,,
ERICSSON,BFD113510/3,TG1,,,,,
ERICSSON,BFD114010/2,,,,,,
ERICSSON,BFD114508/2,EM-CANS,,,,,
ERICSSON,BFD114508/3,EM-CANS,,,,,
ERICSSON,BFD115010/2,BFD115010/2,,,,,
ERICSSON,BFD115010/3,BFD115010/3,,,,,
ERICSSON,BFD115532/2,TCD6,,,,,
ERICSSON,BFD116503/6,EM-KR,,,,,
ERICSSON,BFD117034/30,CLM64,,,,,
ERICSSON,BFD123502/2,RCM,,,,,
ERICSSON,BFD123503/7,PCD DL2,,,,,
ERICSSON,BFD123503/8,PCD-D DL2,,,,,
ERICSSON,BFD124502/12,PCD-1 DL2,,,,,
ERICSSON,BFD129518/7,EM-BL,,,,,
ERICSSON,BFD199006/5,CHASIS,,,,,
ERICSSON,BFD210001,,,,,,
ERICSSON,BFD321002/4,RPM6,,,,,
ERICSSON,BFD321011/3,RPBCM,,,,,
ERICSSON,BFD321011/4,MAGAZINE,,,,,
ERICSSON,BFD321515/2,BNAM,,,,,
ERICSSON,BFD321522/4,T08,,,,,
ERICSSON,BFD321522/7,TTON,,,,,
ERICSSON,BFD321539/2,C7G7,,,,,
ERICSSON,BFD321544/2,RTUM,,,,,
ERICSSON,BFD321558/3,CSK-D,,,,,
ERICSSON,BFD322020/3,RPAM-2,,,,,
ERICSSON,BFD322543/4,,,,,,
ERICSSON,BFD322566/3,SEPRM,,,,,
ERICSSON,BFD323516/4,CSR-D,,,,,
ERICSSON,BFD323531/2,A6 CCD,,,,,
ERICSSON,BFD324504/15,BMAS,,,,,
ERICSSON,BFD324526/2,MTM,,,,,
ERICSSON,BFD324550/3,AST-DP,,,,,
ERICSSON,BFD324562/5,IOEXT2,,,,,
ERICSSON,BFD324575/2,MSM,,,,,
ERICSSON,BFD324575/5,MSM,,,,,
ERICSSON,BFD324592/18,SPSM-RMS,,,,,
ERICSSON,BFD324592/2,SPSM-2,,,,,
ERICSSON,BFD324607/11,RMSM,,,,,
ERICSSON,BFD326513/47,UPDT LSM,,,,,
ERICSSON,BFD328522/4,SPM,,,,,
ERICSSON,BFD328522/4E,SPM86,,,,,
ERICSSON,BFD328523,LSM,,,,,
ERICSSON,BFD328524,SE-PRM(256),,,,,
ERICSSON,BFD328546/68,LSM,,,,,
ERICSSON,BFD3991008/13,MAGAZINE,,,,,
ERICSSON,BFD3991009/2,MAUM,,,,,
ERICSSON,BFD3991014/5,APZ Magazine,,,,,
ERICSSON,BFD501020/1,,,,,,
ERICSSON,BFD501030/1,MAGAZINE,,,,,
ERICSSON,BFD508001/1,MAGAZINE,,,,,
ERICSSON,BFD508002/1,GEM,€230.0,$0.00,,,
ERICSSON,BFD508005/38,GEM,,,,,
ERICSSON,BFD508005/47,GEM,,,,,
ERICSSON,BFD508005/52,GEM,,,,,
ERICSSON,BFD508005/602,BESTYCKAT MAG,,,,,
ERICSSON,BFD508005/701,GEM,,,,,
ERICSSON,BFD508005/78,,,,,,
ERICSSON,BFD508005/81,MAGAZINE,,,,,
ERICSSON,BFD508005/9,GEM,,,,,
ERICSSON,BFD508006/4,CPUM,,,,,
ERICSSON,BFD508006/6,CPUM,,,,,
ERICSSON,BFD50801/33,SUBRACK,,,,,
ERICSSON,BFD508012/305,GARP - 2SCB - RP4B,,,,,
ERICSSON,BFD508012/601,GARP - 2SCB - RP4B,,,,,
ERICSSON,BFD508013/4,NNRP4 32K+,,,,,
ERICSSON,BFD508019/2,SUB.GEM,,,,,
ERICSSON,BFD508019/3,DYN.GEM.SUB,,,,,
ERICSSON,BFD508020/1,SUBRACK,,,,,
ERICSSON,BFD508022/231,EQUIPPED SUBRACK,,,,,
ERICSSON,BFD508022/4,Equipped Magazine,,,,,
ERICSSON,BFD50904/2,FAN UNIT,,,,,
ERICSSON,BFD50904/5,FAN,,,,,
ERICSSON,BFD50904/8,FAN UNIT,,,,,
ERICSSON,BFD50906/22,FAN 3X 3WIREH=75MM BLUE,,,,,
ERICSSON,BFD50908/1,FAN,,,,,
ERICSSON,BFD50908/3,FAN,,,,,
ERICSSON,BFD50908/4,FAN,€131.4,$0.00,,,
ERICSSON,BFD50908/6,Fan Unit - PS 95F800,€290.2,$0.00,,,
ERICSSON,BFD50909/1,FAN,,,,,
ERICSSON,BFD50910/1,01W10,,,,,
ERICSSON,BFD50910/3,S763284362,,,,,
ERICSSON,BFD50912/2,FAN UNIT,,,,,
ERICSSON,BFD50913/1,Fan Unit,,,,,
ERICSSON,BFD50914/1,FAU1 (20p fan unit) .,€87.6,$0.00,,,
ERICSSON,BFD5110002/3,RPHM,,,,,
ERICSSON,BFD5110004/3,RPHM,,,,,
ERICSSON,BFD5110006/2,CPAM,,,,,
ERICSSON,BFD5110006/3,CPAM,,,,,
ERICSSON,BFD511002/3,MAGAZINE,,,,,
ERICSSON,BFD511011/1,MAGAZINE,,,,,
ERICSSON,BFD511011/2,GS16M-64,,,,,
ERICSSON,BFD511012/5,GS4M,,,,,
ERICSSON,BFD511017/1,SUBRACK,,,,,
ERICSSON,BFD511017/2,ET155-27-0,,,,,
ERICSSON,BFD511018/2,GS16M-CLM-A,,,,,
ERICSSON,BFD511018/3,GS16M-CLM-B,,,,,
ERICSSON,BFD51104/4,SPVCM,,,,,
ERICSSON,BFD51104/7,SPVCM,,,,,
ERICSSON,BFD51104/8,SPVCM,,,,,
ERICSSON,BFD51106/5,GDM-F,,,,,
ERICSSON,BFD511100/3,ECP 404,,,,,
ERICSSON,BFD5130003/5,CPUM-A,,,,,
ERICSSON,BFD5130003/6,CPUM-A,,,,,
ERICSSON,BFD5130004/3,CPUM-B/MAU,,,,,
ERICSSON,BFD5130004/5,CPUM-B/MAU,,,,,
ERICSSON,BFD5130004/6,CPUM-B/MAU,,,,,
ERICSSON,BFD5130008/2,CPUM-A,,,,,
ERICSSON,BFD5130009/2,CPUM-B/MAU,,,,,
ERICSSON,BFD51603/1,GDM-H,,,,,
ERICSSON,BFD51604/15,GDM-H,,,,,
ERICSSON,BFD51604/25,,,,,,
ERICSSON,BFD51604/26,GDM-H,,,,,
ERICSSON,BFD51604/3,GDM-H,,,,,
ERICSSON,BFD51604/309,GDM-H,,,,,
ERICSSON,BFD51604/5,GDM-H,,,,,
ERICSSON,BFD51604/62,GDM-H,,,,,
ERICSSON,BFD51604/63,GDM-H,,,,,
ERICSSON,BFD51604/8,GDM-H,,,,,
ERICSSON,BFD51604/9,GDM-H,,,,,
ERICSSON,BFD51605/5,MAGAZINE,,,,,
ERICSSON,BFD51607/1,SUBRACK,,,,,
ERICSSON,BFD51607/15,GDM2-H,,,,,
ERICSSON,BFD51607/5,GDDM-H,,,,,
ERICSSON,BFD51609/11,MAGAZINE,,,,,
ERICSSON,BFD51612/305,GDM-H,,,,,
ERICSSON,BFD51612/306,GDM-H,,,,,
ERICSSON,BFD51612/317,GDM-H,,,,,
ERICSSON,BFD51613/302,GDDM-H,,,,,
ERICSSON,BFD51613/352,GDDM-H,,,,,
ERICSSON,BFD518001/1,AXE10 Subrack,,,,,
ERICSSON,BFD518001/2,MUS 1 AUS,,,,,
ERICSSON,BFD518001/5,MUS 6 AUS,,,,,
ERICSSON,BFD518003/1,AXE10 Subrack,,,,,
ERICSSON,BFD518003/10,MUA75ISDN,,,,,
ERICSSON,BFD518003/23,MUA 420 PSTN,,,,,
ERICSSON,BFD518003/7,MUA 450 PSTN,,,,,
ERICSSON,BFD52801/3,HCS v3 ,,,,,
ERICSSON,BFD538002/1,EGEM2 Subrack - backpane,€273.8,$0.00,,,
ERICSSON,BFD561001/2,CMAG-64-2A,,,,,
ERICSSON,BFD561002/112,SMAG-4 1ROM,,,,,
ERICSSON,BFD561004/2,CL128M LEFT,,,,,
ERICSSON,BFD561009/2,CL128M RIGHT,,,,,
ERICSSON,BFD561021/5,SRSM2-LEFT,,,,,
ERICSSON,BFD561022/5,SRSM2,,,,,
ERICSSON,BFD599006/1,SUBRACK,,,,,
ERICSSON,BFD599017/2,AXD301 ,,,,,
ERICSSON,BFD599018/2,SUB RACK,,,,,
ERICSSON,BFD599028/1,20P TN B ,€164.3,$0.00,,,
ERICSSON,BFD599028/1R3A,0,,,,,
ERICSSON,BFD599030/2,,,,,,
ERICSSON,BFD599030/3,6P TN B,€164.3,$0.00,,,
ERICSSON,BFD599030/4,0,,,,,
ERICSSON,BFD599031/2,AMM 2P B,€164.3,$0.00,,,
ERICSSON,BFD599035/1,0,,,,,
ERICSSON,BFD7422019/15,SUBRACK,,,,,
ERICSSON,BFD7422019/21,SUBRACK,,,,,
ERICSSON,BFD7422019/3,Main Subrack,,,,,
ERICSSON,BFD7422019/4,EXTENTION SUBRACK,,,,,
ERICSSON,BFD7422019/51,BEST MAG P7MD,,,,,
ERICSSON,BFD742401/2,RPM6,,,,,
ERICSSON,BFD742503/2,KRDD,,,,,
ERICSSON,BFD742505/2,PCD-D,,,,,
ERICSSON,BFD743101/4,STOCM,,,,,
ERICSSON,BFD744002/2,TSM64C,,,,,
ERICSSON,BFD744002/3,TSM64C,,,,,
ERICSSON,BFD744101/2,RPHM,,,,,
ERICSSON,BFD744104/3,RPHM,,,,,
ERICSSON,BFD744509/12,MTU BACKPLANE,,,,,
ERICSSON,BFD744509/2,MTU,,,,,
ERICSSON,BFD744509/3,MTU BACKPLANE,,,,,
ERICSSON,BFD744509/4,MTU,,,,,
ERICSSON,BFD744509/6,MTU BACKPLANE,,,,,
ERICSSON,BFD744509/7,MTU BACKPLANE,,,,,
ERICSSON,BFD744511/2,ODM,,,,,
ERICSSON,BFD744516/42,LSM,,,,,
ERICSSON,BFD746501/38,8ETC32,,,,,
ERICSSON,BFD748504/6,SPSM-6,,,,,
ERICSSON,BFD748506/3,ASTDR,,,,,
ERICSSON,BFD748507/2,AB5 CMAS,,,,,
ERICSSON,BFD748511/10,LSM,,,,,
ERICSSON,BFD748511/11,LSM,,,,,
ERICSSON,BFD748511/12,LSM/12,,,,,
ERICSSON,BFD748511/13,LSM,,,,,
ERICSSON,BFD748511/15,UPDT-LSM,,,,,
ERICSSON,BFD748511/9,LSM,,,,,
ERICSSON,BFD748513/8,TRHM,,,,,
ERICSSON,BFD748513/9,TRHM,,,,,
ERICSSON,BFD748515/3,LSM,,,,,
ERICSSON,BFD748531/2,EMAS,,,,,
ERICSSON,BFD748531/3,EMAS,,,,,
ERICSSON,BFD748532/3,SPM64C,,,,,
ERICSSON,BFD748533/3,CLM64C,,,,,
ERICSSON,BFD748546/18,ECP00L3,,,,,
ERICSSON,BFD748548/2,LSM,,,,,
ERICSSON,BFD748548/3,LSM,,,,,
ERICSSON,BFD748548/8,LSM,,,,,
ERICSSON,BFD748550/3,ETC32,,,,,
ERICSSON,BFD748554/4,LSM-LIB8,,,,,
ERICSSON,BFD748554/5,LSM LIB8,,,,,
ERICSSON,BFD748554/8,LSM-LIB8,,,,,
ERICSSON,BFD76108/1,CHASIS,,,,,
ERICSSON,BFD76113,BFD76113,,,,,
ERICSSON,BFD784533/3,CLM64C,,,,,
ERICSSON,BFDBE323519,SECWI,,,,,
ERICSSON,BFDBE328507,SE-PMC,,,,,
ERICSSON,BFDBN509/01,FAN UNIT,,,,,
ERICSSON,BFDBN50901/1,FAN UNIT,,,,,
ERICSSON,BFE306400/1081,SGSN-MME,,,,,
ERICSSON,BFF90121/57,BBU 6502,,,,,
ERICSSON,BFL119113/1,CDUC+,,,,,
ERICSSON,BFL119142/1,RBS 2206 CDU G - Combiner Unit,€273.8,$0.00,,,
ERICSSON,BFL119217/1,GGSN M120 BASE UNIT,,,,,
ERICSSON,BFL510102/1,AMM 4U-1,,,,,
ERICSSON,BFL510107/1,AMM,,,,,
ERICSSON,BFL901007/2,BML 1500 R2E OLT - BNDL - 17RU ANSI/ETSI REAR EXHA CHASSIS,€492.9,$0.00,,,
ERICSSON,BFL901009/1,SUP 6601,,,,,
ERICSSON,BFL901009/4,RBS 6601 MU Machine Frame Box,,,,,
ERICSSON,BFL901009/R1A,0,,,,,
ERICSSON,BFL9010091,ER_MISC-SUP_6601_W_FAN_BKV3013312,,,,,
ERICSSON,BFL9010094,SUP 6601 c/fan BKV1061351/ BKV1061352,,,,,
ERICSSON,BFL901031/1,BFL901031/1 SE1200 CHASSIS,,,,,
ERICSSON,BFL901031/2,CHASSIS SE1200H,,,,,
ERICSSON,BFL901064/1,SP 210 BASE PLATFORM,,,,,
ERICSSON,BFL901065/1,0,,,,,
ERICSSON,BFL901078/R1A,0,,,,,
ERICSSON,BFL901079,1460R Sub Rack,,,,,
ERICSSON,BFL901079/R1A,0,,,,,
ERICSSON,BFL901083/2,SSR 8020 CHASSIS,,,,,
ERICSSON,BFL901092/1,0,,,,,
ERICSSON,BFL901107/1,0,,,,,
ERICSSON,BFL901124/1,0,,,,,
ERICSSON,BFL901127/1,0,,,,,
ERICSSON,BFL901127/1BAMS-1001534894,0,,,,,
ERICSSON,BFL901127/1BAMS-1001534900,0,,,,,
ERICSSON,BFL901132,0,,,,,
ERICSSON,BFL901135,0,,,,,
ERICSSON,BFL901135MZ0Z000009,0,,,,,
ERICSSON,BFL90130/1,AMM 2U-4,,,,,
ERICSSON,BFL90194/1,0,,,,,
ERICSSON,BFL90194/2,1410 CHASSIS NEBS,,,,,
ERICSSON,BFL911118,0,,,,,
ERICSSON,BFM101008-1R1A,0,,,,,
ERICSSON,BFM1071006/1,APZ21250 -APG40,,,,,
ERICSSON,BFM1071023/0201,APZ21250.APG40,,,,,
ERICSSON,BFM1071033/01,Chassis,,,,,
ERICSSON,BFM107150/9,GMP V3.0,,,,,
ERICSSON,BFM107158/1,GGSN R5 M120,,,,,
ERICSSON,BFM107165,RBS 2216 V2 MASTER,,,,,
ERICSSON,BFM107178/1F,SSR 8020 FOR BYB,,,,,
ERICSSON,BFM107181/1,EPG 2012A - SSR8020,,,,,
ERICSSON,BFM107191/1, MME MKX MOBILITY MGMT,,,,,
ERICSSON,BFM10801/1,SGSN-MME,,,,,
ERICSSON,BFM901182,RBS 2116 MASTER,,,,,
ERICSSON,BFM901328/20,OMS 860 BM2xSTM1/4-16xE1,,,,,
ERICSSON,BFM901557/1,0,,,,,
ERICSSON,BFP50908/06,FAN,,,,,
ERICSSON,BFX90136/1,Ericsson BFX 901 36/1 BB Subrack ,,,,,
ERICSSON,BFX90102/3,MAIN RNC,,,,,
ERICSSON,BFX90102/4,SUBRACK MAIN,,,,,
ERICSSON,BFX90103/6,EXT RNC,,,,,
ERICSSON,BFYBS10101/1,DIU,,,,,
ERICSSON,BFZ102031/1,CHASSIS,,,,,
ERICSSON,BFZ102115/35,APZ21250 -8GW,,,,,
ERICSSON,BFZ60112/1,CN 510 MINILINK,€328.6,$0.00,,,
ERICSSON,BFZ901140,0,,,,,
ERICSSON,BFZ901140BAMS-1001352384,0,,,,,
ERICSSON,BFZ901141,0,,,,,
ERICSSON,BFZ901142,0,,,,,
ERICSSON,BFZ901142/2,0,,,,,
ERICSSON,BFZ901142BAMS-1001467834,0,,,,,
ERICSSON,BFZ901148,0,,,,,
ERICSSON,BFZ901148/2,0,,,,,
ERICSSON,BFZ901176/1,0,,,,,
ERICSSON,BGA90105/1,SE-600/SM240 ZACH ALARM CARD,,,,,
ERICSSON,BGB95010/100,Ericsson BGB 950 10/10,,,,,
ERICSSON,BGK31107/1,OMS1410_Patch pan 32XE1-LFH-RJ45,,,,,
ERICSSON,BGK31109/1,PATCH PANEL,,,,,
ERICSSON,BGK3411001/1,POWERBOX,,,,,
ERICSSON,BGK90118/2,SHU 0201,€0.0,$0.00,,,
ERICSSON,BGK90143/1,PATCH PANEL 32XE1-LFH,,,,,
ERICSSON,BGM11912/1,FCU-03,,,,,
ERICSSON,BGM1361002/1,Fan,,,,,
ERICSSON,BGM1361006/1,SCU 01 01,€120.5,$0.00,,,
ERICSSON,BGM1361006/2,SCU 02 01,,,,,
ERICSSON,BGM1361006/4,SCU 04 01,€0.0,$0.00,,,
ERICSSON,BKL90101/1,FAN CONTROL BOARD,,,,,
ERICSSON,BKV106020/1,FCU,,,,,
ERICSSON,BKV106054/1,ERICSSON BLM 1500 FRU - FAN Tray,€164.3,$0.00,,,
ERICSSON,BKV106056/1,FAN UNIT/FOR SCS,€273.8,$0.00,,,
ERICSSON,BKV106062/1,SE600 FAN TRAY,,,,,
ERICSSON,BKV106067/1,SE800 FAN TRAY,,,,,
ERICSSON,BKV106078/1,SE1200H FAN TRAY,,,,,
ERICSSON,BKV106083/1,FAN TRAY,,,,,
ERICSSON,BKV106091,Fan unit /FM-AH 1460 Fan Modl,,,,,
ERICSSON,BKV106093/1,BAMS-1001243376,,,,,
ERICSSON,BKV106097/1,FAN TRAY,€0.0,$0.00,,,
ERICSSON,BKV106097/2,FAN TRAY,,,,,
ERICSSON,BKV106098,FAN UNIT/FM-B 1410 Fan Module ,,,,,
ERICSSON,BKV106116,0,,,,,
ERICSSON,BKV106135/1,ERICSSON FAN UNIT,€164.3,$0.00,,,
ERICSSON,BKV106135/2,ERICSSON FAN UNIT,€164.3,$0.00,,,
ERICSSON,BKV106137/1,FAN UNIT -- 4G 800MHZ RRU(KRC161549/1),€164.3,$0.00,,,
ERICSSON,BKV106146,0,,,,,
ERICSSON,BKV106184/1,FAN,,,,,
ERICSSON,BKV106208/1,Fan assembly - Radio 2212,€164.3,$0.00,,,
ERICSSON,BKV106217/1,Fan Unit for BB 6630 (ordered with KDV127821/11(main unit) it is wo  - ordered with KDU137848/11 (front) it is on) ,,,,,
ERICSSON,BKV106236/1,FAN TRAY for Baseband 6648 (KDU 137 0015/11) – 5G digital processing unit,,,,,
ERICSSON,BKV17550/1,MINI-LINK E FAN UNIT KIT,,,,,
ERICSSON,BKV301471/1,FAN UNIT,,,,,
ERICSSON,BKV301487/1,FAN UNIT,,,,,
ERICSSON,BKV301502/1,0,,,,,
ERICSSON,BKV301602/1,0,,,,,
ERICSSON,BKV901124/1,0,,,,,
ERICSSON,BKV90194/2,0,,,,,
ERICSSON,BKZ10264/1,0,,,,,
ERICSSON,BMF630032/1,FUSE/ALARM PANEL,,,,,
ERICSSON,BMF90410,PMP A-D,,,,,
ERICSSON,BMF90479/1,R2A - Ethernet Connector,€547.6,$0.00,,,
ERICSSON,BMF90480/1,CONNECTION FIELD,,,,,
ERICSSON,BMG1361006/1,BGM1361006/1,€0.0,$0.00,,,
ERICSSON,BMG662007,MAIN BOARD,,,,,
ERICSSON,BMG663011/21,POWER DISTRIBUTION UNIT,,,,,
ERICSSON,BMG663013/2,POWER DIST UNIT,,,,,
ERICSSON,BMG663014/21,PDU,,,,,
ERICSSON,BMG663014/31,PDU,,,,,
ERICSSON,BMG664102/1,PDU,,,,,
ERICSSON,BMG701018/1,,,,,,
ERICSSON,BMG701020/1,BFU,,,,,
ERICSSON,BMG701054/11,MCB Panel,,,,,
ERICSSON,BMG907013/4,DDU POS EARTH,,,,,
ERICSSON,BMG907026/1,BFU 31 FOR BBS 2116,€109.5,$0.00,,,
ERICSSON,BMG907027/1,PDU,,,,,
ERICSSON,BMG907031/1,Power Supply SHELF/PDU; POWER DISTRIBUTI,€82.1,$0.00,,,
ERICSSON,BMG907037/1,ACCU BOX,,,,,
ERICSSON,BMG907037/2,DCCU BOX,,,,,
ERICSSON,BMG90751/1,PCU,,,,,
ERICSSON,BMG90766/1,DCCU-12 (INDOOR),€98.6,$0.00,,,
ERICSSON,BMG98013/1,RBS 2206 BFU-21,€120.5,$0.00,,,
ERICSSON,BMG98015/1,CBU,,,,,
ERICSSON,BMG98017/1,POWER SWITCH,,,,,
ERICSSON,BMG98030/1R1A,CIRCUIT BREAKER UNIT,,,,,
ERICSSON,BMG98033/22,PDU02,,,,,
ERICSSON,BMG980336/2,DISTR.EQ/PDU 01/01 -P DISTR,€120.5,$0.00,,,
ERICSSON,BMG980336/4,PDU 02 01; Power Distr. Unit,€0.0,$0.00,,,
ERICSSON,BMG980336/7,PDU 01 04 ,€164.3,$0.00,,,
ERICSSON,BMG980340/1,PCU AC 01,,,,,
ERICSSON,BMG980342/1,PCU DC,,,,,
ERICSSON,BMG980343/2,IDM-13,,,,,
ERICSSON,BMG980344/1,DCCU-14,,,,,
ERICSSON,BMG980346/1,CBU-8,,,,,
ERICSSON,BMG980374/1,EU Service Outlet max 10a Priz,€109.5,$0.00,,,
ERICSSON,BMG980387/1,DISTR. EQUIPMENT/BFU 01 02; BATTERY FUSE; 200A,€115.0,$0.00,,,
ERICSSON,BMG980390/1,PCU AC 06,€191.7,$0.00,,,
ERICSSON,BMG98041/1,IDM-14,,,,,
ERICSSON,BMGE822121/2,Power Supply Unit,,,,,
ERICSSON,BMJ401013/1,RECTIFIER,,,,,
ERICSSON,BMJ401013/3,Rectifier,,,,,
ERICSSON,BMK51532/1,AC INPUT,,,,,
ERICSSON,BMK90582/1,PSU DC 2115W,€273.8,$0.00,,,
ERICSSON,BMK90591/1,POWER SUPPLY SET DC/DC PS - PSU 2715W S,,,,,
ERICSSON,BML161174/1,Rectifier/PSU AC 01; Power Supply UNIT,€120.5,$0.00,,,
ERICSSON,BML161184/1,PSU AC 03 / Power Supply UNIT Rectifier,€115.0,$0.00,,,
ERICSSON,BML211003/1,Rectifier,,,,,
ERICSSON,BML231002/1,RECTIFIER 230V-54V-680W,,,,,
ERICSSON,BML231002/3,RECTIFIER 230V-48V- 680W,,,,,
ERICSSON,BML231201/1,PSU for RBS 2202,€186.2,$0.00,,,
ERICSSON,BML231202/1,RBS 2206 PSU:Power Supply unit,€38.3,$0.00,,,
ERICSSON,BML231204/1,RECTIFIER,,,,,
ERICSSON,BML351013,PSU FOR WALL MOUNTED SYSTEM,,,,,
ERICSSON,BML440010/1,Rectifier,,,,,
ERICSSON,BML440030/1,RECTIFIER,,,,,
ERICSSON,BML901079/A11,Ethernet Power Node,,,,,
ERICSSON,BML901092/1,AC/DC ADAPTER,,,,,
ERICSSON,BML901124/1,Power Supply UNIT/PSU-AC-31,€109.5,$0.00,,,
ERICSSON,BML901146,PSU,,,,,
ERICSSON,BML901239/1,0,,,,,
ERICSSON,BML90128,Power Supply,,,,,
ERICSSON,BMLBS10102/1,PSU 230V STANDARD,,,,,
ERICSSON,BMLBS10102/3,PSU STANDARD+PFC,,,,,
ERICSSON,BMP604009/1,PSU CARD,,,,,
ERICSSON,BMP604013/1,ALARM CONTROLER,,,,,
ERICSSON,BMP65130/1,SUPERVISION UNIT (GENERAL SM I,,,,,
ERICSSON,BMP903050/1,Control Unit,€109.5,$0.00,,,
ERICSSON,BMR910403/2,PSU-DC,,,,,
ERICSSON,BMR910423/2,D.C. CONVERTER/PSU; Power Supply UNIT,€136.9,$0.00,,,
ERICSSON,BMR910424-2R3A,0,,,,,
ERICSSON,BMR91147/1,PSU-DC-31,€180.7,$0.00,,,
ERICSSON,BMR91165/1,0,,,,,
ERICSSON,BMR960014/1,PSU-DC,,,,,
ERICSSON,BOE60202/01,DXU-01,,,,,
ERICSSON,BOE60214/1,RBS 2206 Functional Unit - DXU-21,€191.7,$0.00,,,
ERICSSON,BOE60221/1,FUNCTIONAL UNIT/DXU-23,€191.7,$0.00,,,
ERICSSON,BOE90103/1,Alarm relays back Board for the BPX 8600 BAAUDD03AB-Bpx-Asm-Bc 800-21190-10,€328.6,$0.00,,,
ERICSSON,BPD104101/1,CCU BOARD,,,,,
ERICSSON,CBT-BSBU-HIGH,CABLE HIGH DENSITY ,,,,,
ERICSSON,COH109397/38,PBC 8200S Chassis AC-DC BSKPOWER12 EXT,€438.1,$0.00,,,
ERICSSON,CPCI-744,Controller board PENT/CPCI-744 1G-1100-L1,€1 -916.7,$0.00,,,
ERICSSON,DPANB22003/1,DT4X-BAA1,,,,,
ERICSSON,DPST-160BBABMR91165/1,0,,,,,
ERICSSON,DUW303G,KDU127161/3,€0.0,$0.00,,,
ERICSSON,DUW31,KDU127174/3,€0.0,$0.00,,,
ERICSSON,DUW41,KDU127174/4,€0.0,$0.00,,,
ERICSSON,EN/LZV1010041/1,Cable Label Set for OTM,,,,,
ERICSSON,EN/LZY401044/1,CD Manual ERION - Linear Prot,,,,,
ERICSSON,ENETFX-100,SN4PCTHCAA,,,,,
ERICSSON,FAB102614,RNC 3810 Nod,,,,,
ERICSSON,FAM901144,AGO for RXI 820,,,,,
ERICSSON,FAM901211,AGO for RXI 820,,,,,
ERICSSON,FAM901268,RXI 820 R4.1 ,,,,,
ERICSSON,FAP1304372/7,SERVER D51B-1U,€903.6,$0.00,,,
ERICSSON,FAP1304447,4Caster G6 encoder with Muse V4.00 (UHD) HEVC 4Kp6,€219.0,$0.00,,,
ERICSSON,FAP1990162,GGSN M320 POLEN,,,,,
ERICSSON,FTRX-1411D3-M1SU58BB,0,,,,,
ERICSSON,G27887K60N,Fuse 16 amp.,,,,,
ERICSSON,G80JQ4409Q001LBGA90105/1,0,,,,,
ERICSSON,HRY10201/3,MINI LINK MMU 34+2,,,,,
ERICSSON,HRY10202/3,MINI-LINK E MMU 2X8,,,,,
ERICSSON,HRY10203/1,MMU 4x2/8,,,,,
ERICSSON,HRY10203/3,MMU 4X2/8,,,,,
ERICSSON,HRY10204/3,MMU 2X2,,,,,
ERICSSON,HRY10205/3,MINI LINK SMU 16X2,,,,,
ERICSSON,HRY10206/3,MINI-LINK SMU 8X2,,,,,
ERICSSON,HRY10207/3,SAU BASIC,,,,,
ERICSSON,HRY10209/3,SAU EXP2,,,,,
ERICSSON,HRY10210/3,MINI-LINK SMU SW,,,,,
ERICSSON,HRY10220/1,MMU 2X2 34+2,,,,,
ERICSSON,HRY10222/1,ETU,,,,,
ERICSSON,HRY10226/1,MMU 364+2/16,,,,,
ERICSSON,HRY90102/2,Optical TRU,,,,,
ERICSSON,HRY90103/2,MMU 155/128,,,,,
ERICSSON,HRY90109/1,SAU IP,,,,,
ERICSSON,HRY90109/2,SAU IPEX,,,,,
ERICSSON,HRY90109/3,MINI-LINK SAU IP,,,,,
ERICSSON,HRY90109/4,SAU IPEX,,,,,
ERICSSON,HRY90110/1,ETU155,,,,,
ERICSSON,I019-ERS07-01,0,,,,,
ERICSSON,I019-ERS07-02,0,,,,,
ERICSSON,IP2CX20JAA,SE400 FAN TRAY,,,,,
ERICSSON,IP2CY30JAA,ALARM CARD,,,,,
ERICSSON,IPUANTCAA,0,,,,,
ERICSSON,KDU127161/2,DUW 20 01,,,,,
ERICSSON,KDU127161/3,DUW3001,€0.0,$0.00,,,
ERICSSON,KDU127174/3,DUW3101,€0.0,$0.00,,,
ERICSSON,KDU127174/4,DUW4101 R2 version,€0.0,$0.00,,,
ERICSSON,KDU1271743,DUW 3101 (KDU1271743),,,,,
ERICSSON,KDU1271744,DUW 4101 (KDU1271744),,,,,
ERICSSON,KDU1370015/11,BASEBAND 6648,,,,,
ERICSSON,KDU1370071/11,Baseband 6631,,,,,
ERICSSON,KDU1370093/11,Ran Processor 6651 ,,,,,
ERICSSON,KDU137357,0,,,,,
ERICSSON,KDU137557/4,O/E CONV. 10G - SP,€438.1,$0.00,,,
ERICSSON,KDU137557/5,O/E conv.,€492.9,$0.00,,,
ERICSSON,KDU137569/1,GSM EQUIPMENT,€87.6,$0.00,,,
ERICSSON,KDU1375691,DUG 20 01 (KDU1375691),,,,,
ERICSSON,KDU137580/1,GPON T202G SWITCH SBU,€438.1,$0.00,,,
ERICSSON,KDU137596/2,SIU-02 With Fan Module,€0.0,$0.00,,,
ERICSSON,KDU137624/1,DUS4101,,,,,
ERICSSON,KDU137624/11,ER_MISC_DUS-4102_KDU13762411,,,,,
ERICSSON,KDU137624/3,DUS3101,,,,,
ERICSSON,KDU137624/31,DUS3102 ,,,,,
ERICSSON,KDU1376241,ER_MISC-PLAC_DUS-4101_KDU1376241,,,,,
ERICSSON,KDU13762431,DUS 31 02 (KDU13762431),,,,,
ERICSSON,KDU137848/11,Bsseband 6630 with FAN,,,,,
ERICSSON,KDU137856/1,ER_MISC_PLAC_NRU_KDU137856/1,,,,,
ERICSSON,KDU13786211,ER_MISC_MICR-BB-6502_KDU13786211,,,,,
ERICSSON,KDU137925/31,KDU 137 925/31 Baseband 5216 for GSM LTE UMTS,,,,,
ERICSSON,KDU137925/41,BASEBAND 5212,,,,,
ERICSSON,KDU137944/1,0,,,,,
ERICSSON,KDU137945/1,0,,,,,
ERICSSON,KDU137948/1,0,,,,,
ERICSSON,KDU137949/1,R503 BASE BAND,,,,,
ERICSSON,KDUI37739/1,Transport Connectivity Unit,,,,,
ERICSSON,KDV127617/1,0,,,,,
ERICSSON,KDV12762011,ER_MISC_BB-6620_KDV12762011_w/Fan,,,,,
ERICSSON,KDV127621/11,BASEBAND 6630 WITH FAN,,,,,
ERICSSON,KDV127821/11,Bsseband 6630 without FAN,,,,,
ERICSSON,KET10303/6,CABLE,,,,,
ERICSSON,KFE1011162/2,FILTER UNIT (PFU 02.01),€65.7,$0.00,,,
ERICSSON,KRB11101/02,TRANSMITTER RTX 45W,,,,,
ERICSSON,KRC11816/1,RU21 2130,,,,,
ERICSSON,KRC11842/2,RRUW;01 B1 Radio Unit RBS 3418,€383.3,$0.00,,,
ERICSSON,KRC11842/3,RRUW - 01 B1 Radio Unit RBS 3418,€383.3,$0.00,,,
ERICSSON,KRC118462,ER_RRUW_02_85_60W_KRC118462,,,,,
ERICSSON,KRC11862/2,Transceiver RUS 01 (900 MHZ),€345.0,$0.00,,,
ERICSSON,KRC118703,ER_RRUS_01_B5_80W_KRC118703,,,,,
ERICSSON,KRC11875/1,RUS01B1,,,,,
ERICSSON,KRC11876/1,Transceiver/RRUS 01 B1;Radio UNIT (2100 MHZ),€383.3,$0.00,,,
ERICSSON,KRC11891/2,RRUS11B20 ,€0.0,$0.00,,,
ERICSSON,KRC1311002/1,DTRU-9,,,,,
ERICSSON,KRC1311002/2,EDGE dTRU 900MHz,€383.3,$0.00,,,
ERICSSON,KRC1311003/1,DTRU-18,,,,,
ERICSSON,KRC13147/15,TRU-900,,,,,
ERICSSON,KRC161007/2,RRU (REMOTE Radio UNIT),,,,,
ERICSSON,KRC161118/1,DRU 18p 03,,,,,
ERICSSON,KRC1611345,ER_RRU_22_85_40W_KRC1611345,,,,,
ERICSSON,KRC161149/1,RBS 2216 DRU  -Transceiver-EGSM,€383.3,$0.00,,,
ERICSSON,KRC161149/1-02,RBS 2216 DRU  -Transceiver-EGSM DRU9E-02,€383.3,$0.00,,,
ERICSSON,KRC161149/1-03,RBS 2216 DRU  -Transceiver-EGSM DRU9E-03,€383.3,$0.00,,,
ERICSSON,KRC1611705,RRUN19-22,,,,,
ERICSSON,KRC161241/2,RRUS11B12,,,,,
ERICSSON,KRC161254/2,RRUS 11 B4,,,,,
ERICSSON,KRC161255/1,,,,,,
ERICSSON,KRC161260/1,RUS-02 900 MHZ,€383.3,$0.00,,,
ERICSSON,KRC161262/2,RRUS 12 B8  2G Radio UNIT ,€230.0,$0.00,,,
ERICSSON,KRC161276/2,RRUS 11 B2,,,,,
ERICSSON,KRC161282/2,RRUS12B3 ,,,,,
ERICSSON,KRC161296/1,RUS02B1,,,,,
ERICSSON,KRC161297/2,RRUS 12 B1 3G RRU,€821.4,$0.00,,,
ERICSSON,KRC161326/2,0,,,,,
ERICSSON,KRC161327/2,0,,,,,
ERICSSON,KRC161408/1,RRUS E2 B29,,,,,
ERICSSON,KRC161412/1,RRUS 32 B7 4G,€862.5,$0.00,,,
ERICSSON,KRC161413/1,RRUS B3 4G 1800MHZ ,€383.3,$0.00,,,
ERICSSON,KRC161416/1,ER_RRUS_32_B4_2X40W_KRC1614161,,,,,
ERICSSON,KRC161427/1,Radio 2217 B3,,,,,
ERICSSON,KRC161428/1,Radio 2217 B7,,,,,
ERICSSON,KRC161428/2,2217 B7 2600Mhz,,,,,
ERICSSON,KRC161444/3,IRU2242,,,,,
ERICSSON,KRC161487/1,Radio 2203B1,,,,,
ERICSSON,KRC161488/1,Radio 2203B3,,,,,
ERICSSON,KRC161490/1,Radio 2217 B1,,,,,
ERICSSON,KRC161490/2,Radio2217B1,,,,,
ERICSSON,KRC161495/1,Radio 4415 B7 2600MHZ DD -48VDC - 20W HW,,,,,
ERICSSON,KRC161495/2,Radio 4415 B7 2600MHZ DD -48VDC - 20W HW,,,,,Copy paste yapıldı /1 ile
ERICSSON,KRC161496/1,Radio 2212 B3,,,,,
ERICSSON,KRC161499/1,Radio 2217 B28B,,,,,
ERICSSON,KRC161500/1,Radio 2217 B1/3,,,,,
ERICSSON,KRC161548/1,Radio 2217 B8,,,,,
ERICSSON,KRC161549/1,Radio 2217 B20,,,,,
ERICSSON,KRC161550/2,Radio 2217 B28A,,,,,
ERICSSON,KRC161553/1,Radio 2203 B66A,,,,,
ERICSSON,KRC161558/1,Radio 2216 B40A,,,,,
ERICSSON,KRC161562/1,RUS02B8A,,,,,
ERICSSON,KRC1615661,Radio 2217 B5 80W,,,,,
ERICSSON,KRC161568/2,Radio2217B11,,,,,
ERICSSON,KRC161584/1,Radio 0208 B3,,,,,
ERICSSON,KRC161605/1,RRUS 13 B31,,,,,
ERICSSON,KRC161618/1,Radio 2219B8A,,,,,
ERICSSON,KRC161619/1,Radio 2219B3,,,,,
ERICSSON,KRC161621/1,Radio 2219B3B,,,,,
ERICSSON,KRC161622/1,Radio 2219B1,,,,,
ERICSSON,KRC161623/1,Radio 2219B1,,,,,
ERICSSON,KRC161625/1,Radio 2219 B0A,,,,,
ERICSSON,KRC161626/1,2212 B7 2600Mhz,,,,,
ERICSSON,KRC161626/2,2212 B7 2600Mhz,,,,,
ERICSSON,KRC161627/1,Radio 2219 B2,,,,,
ERICSSON,KRC1616271,Radio 2219 B2,,,,,
ERICSSON,KRC161635/1,Radio 4415 B1,€0.0,$0.00,,,
ERICSSON,KRC161636/1,Radio 4415 B2 B25,,,,,
ERICSSON,KRC161637/1,Radio 4415 B3 -1800mhz RRU,€0.0,$0.00,,,
ERICSSON,KRC1616441,4415 B66A,,,,,
ERICSSON,KRC161647/1,Radio 2218 B42B,,,,,
ERICSSON,KRC161650/1,Radio 2212 B8,,,,,
ERICSSON,KRC161650/2,Radio2212B8,,,,,
ERICSSON,KRC161652/3,Radio 2212 B5,,,,,
ERICSSON,KRC161661/1,Radio4412B40,,,,,
ERICSSON,KRC161662/1,Radio4412B40T,,,,,
ERICSSON,KRC1616661,ER_RRU_8823_B42_KRC1616661,,,,,
ERICSSON,KRC161670/1,Radio 2219B8,,,,,
ERICSSON,KRC161671/1,Radio 2219 B28,,,,,
ERICSSON,KRC161672/1,Radio2488B1,,,,,
ERICSSON,KRC161677/1,Radio 8808 B38A,,,,,
ERICSSON,KRC161678/1,Radio 2219B5,,,,,
ERICSSON,KRC161684/1,Radio 8818B41E,,,,,
ERICSSON,KRC161688/1,2212 B2 B25,,,,,
ERICSSON,KRC161697/1,Radio 4412 B41,,,,,
ERICSSON,KRC161702/1,Radio2468B8A,,,,,
ERICSSON,KRC161703/1,RRU 2217 B66A,,,,,
ERICSSON,KRC161705/1,Radio 4418 B38A,,,,,
ERICSSON,KRC161706/1,Radio 4418 B40T,,,,,
ERICSSON,KRC161713/1,Radio 4428 B3,,,,,
ERICSSON,KRC161721/1,Radio 4428 B3B,,,,,
ERICSSON,KRC161726/1,Radio 2242 B1 B3,,,,,
ERICSSON,KRC161735/1,Radio 4428 B1,,,,,
ERICSSON,KRC161753/1,Radio 4443 B1 B3 KRC 161 753/1 1800MHZ 2100MHZ,,,,,
ERICSSON,KRC161760/3,Radio4415B70,,,,,
ERICSSON,KRC161761/1,Radio2212B20,,,,,
ERICSSON,KRC161771/2,Radio4415B3B,,,,,
ERICSSON,KRC161777/1,Radio 4480 B1B3,,,,,
ERICSSON,KRC161777/2,Radio 4480 44B1 44B3 C,,,,,
ERICSSON,KRC161782/1,Radio 4429 B3,,,,,
ERICSSON,KRC161787/1,Radio 4499 44B 1 44B3 C,,,,,
ERICSSON,KRC161797/1,RRU2238 B8 B20 B28B,,,,,
ERICSSON,KRC161812/1,4480 B1/B7,,,,,
ERICSSON,KRC161814/1,4499 B1/B7,,,,,
ERICSSON,KRC161823/1,Radio4455B2/B25 B66,,,,,
ERICSSON,KRC161838/1,Radio 2203B14,,,,,
ERICSSON,KRC161847,RRU BS,,,,,
ERICSSON,KRC161855/1,Radio 2260 22B8 22B20 C,,,,,
ERICSSON,KRC161860/1,Radio 8863 B40,,,,,
ERICSSON,KRC161864/1,Radio 2279 22B8 22B20 C,,,,,
ERICSSON,KRC161865/2,Radio 8863 B42 (?),,,,,
ERICSSON,KRC161867/1,Radio 2260 B8B28B,,,,,
ERICSSON,KRC161893/1,RRU 2212 B31,,,,,Not sure
ERICSSON,KRC161904/1,Radio 4480 B5B28,,,,,
ERICSSON,KRC161905/1,Radio 4499 B5B28,,,,,
ERICSSON,KRC161923/1,Radio 4466 44BI 44B3 44B7 C,,,,,
ERICSSON,KRC161939/1,Radio 8863 B38A,,,,,
ERICSSON,KRC161945/1,4418 B40,,,,,
ERICSSON,KRD901060/20,SMALCELL 6402 RBS R2B 48V MAX 2A IP20,€438.1,$0.00,,,
ERICSSON,KRD901074/11,RRU B42 64T64R AIR 6468,,,,,
ERICSSON,KRD901076/11,Similar To - RRU_B42_64T64R_AIR 6468_KRD901074/11,,,,,
ERICSSON,KRD901087/11,AIR 6488B42F,,,,,
ERICSSON,KRD901096/11,AIR 6488 B43 64T64R ANTENNA INTEGRATED RADIO,,,,,
ERICSSON,KRD901097/11,AIR 6488 B42,,,,,
ERICSSON,KRD901119/11,AIR 6449 B42,,,,,
ERICSSON,KRD9011461,ER_RRU_AIR32_B2A B66A_KRD9011461,,,,,
ERICSSON,KRD901153/11,AIR 3239 B40 32T32R TDD radio for LTE Band 40 (2300–2400 MHz),,,,,
ERICSSON,KRD901183/11,AIR 3236 B42,,,,,
ERICSSON,KRD901201/11A,AIR 3227 B78T Outdoor RRU unit for high‑band 5G,,,,,
ERICSSON,KRD901203/11,AIR 6449 B43 Outdoor 5G  RRU for band 43 (3.4–3.6 GHz) - likely 32T32R or 64T64R - ~100 W output,,,,,
ERICSSON,KRD901204/11,AIR 6449B78M,,,,,
ERICSSON,KRD901208/11,AAU 6419 B42 Massive‑MIMO Active Antenna System (AAS) for band 42 (~3.4 GHz) - 64T64R - 320 W,,,,,
ERICSSON,KRE1012141/1,BIDIRECTIONAL ANTENNA,,,,,
ERICSSON,KRE1012182/1,GPS-36-N-SC rosenberger GPS antenna,,,,,
ERICSSON,KRE1012249/1,Antenna 6503;Directional 1710-2180 MHz (Radio 220,€0.0,$0.00,,,
ERICSSON,KRE10122491,ER_ANTP_6503_KRE10122491,,,,,
ERICSSON,KRE1012345/1,GNSS Antenna,,,,,
ERICSSON,KRE1012395/2,GNSS Receiver Antenna,,,,,
ERICSSON,KRE105243/1,ANTENNA UNIT,,,,,
ERICSSON,KRE105660/1,ANTENNA UNIT,,,,,
ERICSSON,KRH90163/1511,SFP XCVR1G CWDM 1510NM,,,,,
ERICSSON,KRH90163/1531,SFP XCVR1G CWDM 1530NM,,,,,
ERICSSON,KRY1011483/2,DU1800,,,,,
ERICSSON,KRY1011573/1,BIAS-T,,,,,
ERICSSON,KRY1011841/1,Ericsson Multicasting Matrix 806-960MHz,€219.0,$0.00,,,
ERICSSON,KRY1011856/1,RBS 2206 Unit - CXU 900/1800/1900 MHz,€54.8,$0.00,,,
ERICSSON,KRY11214/12,DUAL DUPLEX BYPASS,,,,,
ERICSSON,KRY901104/1,RBS 2216 Rx SPLITTER,€109.5,$0.00,,,
ERICSSON,LBB-RAID-II,Board,€2 -190.5,$0.00,,,
ERICSSON,LBB/AM,BFB10951/2,€0.0,$0.00,,,
ERICSSON,LTN207116,,,,,,
ERICSSON,ML2327541/26,,,,,,
ERICSSON,ML2327621/22,ML15MICROC 2x2,,,,,
ERICSSON,ML2327621/26,MINI-LINK 15-C,,,,,
ERICSSON,ML2327641/26,TRANSMISSION UNIT,,,,,
ERICSSON,ML2527621/56,TRANSMISSION UNIT,,,,,
ERICSSON,ML2527621/58,MINI-LINK 23C 2*2 Mb,,,,,
ERICSSON,ML2527641/56,TRANSMISSION UNIT,,,,,
ERICSSON,ML2527641/58,MINI-LINK 23C 4*2,,,,,
ERICSSON,ML2902131,MINI-LINK 23 SMM,,,,,
ERICSSON,MM0012200,MINI LINK 2X2,,,,,
ERICSSON,MM0012202,MMU 2*2,,,,,
ERICSSON,MM0012811,MINI-LINK E MMU 2*8 48V,,,,,
ERICSSON,MM0012812,MINI-LINK E MMU 2X8,,,,,
ERICSSON,MM0013402,MMU 34+2,,,,,
ERICSSON,MM0013402/01,MMU 34+2,,,,,
ERICSSON,MM0014200,MMU 4*2/8 24V,,,,,
ERICSSON,MM0014201,MMU 4*2/8,,,,,
ERICSSON,MM0014202,MINI-LINK E MMU 4*2/8,,,,,
ERICSSON,MUT-1565-622A,E2PM,,,,,
ERICSSON,NBA101032/1,CCF - 24 E1/T1,€109.5,$0.00,,,
ERICSSON,NBA10113/18,CCF,,,,,
ERICSSON,NBA1029003/005,OSC Add/Drop Coupler SC/PC,,,,,
ERICSSON,NBA90108/1,EXRANG2,,,,,
ERICSSON,NBA90108/3,EXRANG2,,,,,
ERICSSON,NCD90126/12,OVP-TRM2,,,,,
ERICSSON,NCD90126/13,OVP-ALM1 - EXTERNAL INTERFACE - ALARMS,,,,,
ERICSSON,NCD90141/1,STANDALONE SINGLE DIGITAL UNIT GPS 0201 RECEIVER,,,,,
ERICSSON,NCD90156/1,GPS 0301,,,,,
ERICSSON,NFD30234/08,OVP-ALM8,,,,,
ERICSSON,NFS814025/1080,Breaker,,,,,
ERICSSON,NFT30443/3,SURGE PROTECTION DEVICE,,,,,
ERICSSON,NGC90145,Surge Arrestor,,,,,
ERICSSON,NTB101242/2,,,,,,
ERICSSON,NTM1010741/01300,MOUNTING SET OPTO - RNC,,,,,
ERICSSON,NTM1010741/01900,MOUNTING SET OPTO - RNC,,,,,
ERICSSON,NTM1010861/3,ET-MC41/2 - RNC 3810,,,,,
ERICSSON,NTM1011127/1,CONNECTOR KIT,,,,,
ERICSSON,NTM1011733/1,Air Ramp Kit SE1200H,,,,,
ERICSSON,NTM1011854/1,1410 Horizontal Mtg. Kit 19,,,,,
ERICSSON,NTM1011854/4,Horiz.Mtg Kit ETSI  Front,,,,,
ERICSSON,NTM1011856/3,Cable/Mtg Kit ETSI Front,,,,,
ERICSSON,NTM1011856/5,Cabling Brackets / Mtg. Kit 19,,,,,
ERICSSON,NTM1012184,"OMS1460_  Mtg. Kit 19""",,,,,
ERICSSON,NTM1012589/1,RBS 6601 V2 Chassis,€87.6,$0.00,,,
ERICSSON,NTM101277/1000,MOUNTING SET OPTO - RXI,,,,,
ERICSSON,NTM101577/1,PATCH PANEL,,,,,
ERICSSON,NTM203166/51,RAU2 X 26/51,,,,,
ERICSSON,NTM50131/11,Mounting Set - Fan Unit in BYB 501,,,,,
ERICSSON,NTM503110/2,,,,,,
ERICSSON,NTM504100/2500,CABLE,,,,,
ERICSSON,OLFLEX110H2X0 -75,Cable 2x0 -75 600V-100C-UL1277-10m,,,,,
ERICSSON,OMS1410,0,,,,,
ERICSSON,OMS840,0,,,,,
ERICSSON,OMS846,0,,,,,
ERICSSON,OMSS0OSCA0ERI02,0,,,,,
ERICSSON,OMSS0OSCD0ERI01,0,,,,,
ERICSSON,RA0801146,RAU1 8/46 HP KIT,,,,,
ERICSSON,RA1501022,,,,,,
ERICSSON,RA1501026,Radio UNIT (RAU1 15/26 STANDARD),,,,,
ERICSSON,RA1501124,RAU1 15GHz 15/24 HP,,,,,
ERICSSON,RA1501128,RAU1 ML 15E HP,,,,,
ERICSSON,RA2301056,RAU1 ML 23E,,,,,
ERICSSON,RA2301056/00,RADIO,€109.5,$0.00,,,
ERICSSON,RA2301056/01,RAU 23/56,,,,,
ERICSSON,RA2301058,RAU/58 23-E,,,,,
ERICSSON,RA2301058/01,Radio UNIT (RAU1 23/58 STANDARD),,,,,
ERICSSON,RA2601021,MINI-LINK 23E RAU 26/21,,,,,
ERICSSON,RA2601026,ODU,,,,,
ERICSSON,RA2601029,RAU 26/29,,,,,
ERICSSON,RA2601090,RAU 26/90,,,,,
ERICSSON,RA2601095,RAU 26/95,,,,,
ERICSSON,RA2601124,MINI-LINK 26-E RAU/24HP,,,,,
ERICSSON,RA2601129,MINI-LINK RAU/29HP 26-E,,,,,
ERICSSON,RA3801011,RAU1 38/11 KIT,,,,,
ERICSSON,RA3801013,RAU 38/13,,,,,
ERICSSON,RA3801013/00,FUNK-E 38/UB,,,,,
ERICSSON,RA3801014,MINI LINK 38-E RAU/14,,,,,
ERICSSON,RA3801015,Radio UNIT (RAU1 38/15 STANDARD),,,,,
ERICSSON,RA3801017,RAU 38/17,,,,,
ERICSSON,RA3801018,MINI-LINK 38-E RAU/18,,,,,
ERICSSON,RDB10418/52,ML-TN STM1,,,,,
ERICSSON,RDC10114/1,0,,,,,
ERICSSON,RDC11110/2,GIU-D RDC11110/2_Group interleaver unit -D,,,,,
ERICSSON,RDD10119/1,EDFA WDM SSA 20/20,,,,,
ERICSSON,RDD10119/2,EDFA WDM SSA 27/20,,,,,
ERICSSON,RDD10120/1,EDFA WDM DSA 20/20,,,,,
ERICSSON,RDD10120/2,EDFA WDM DSA 27/20,,,,,
ERICSSON,RDF101021/1,Attenuator 1db ,,,,,
ERICSSON,RDF101021/10,Attenuator 10db,,,,,
ERICSSON,RDF101021/3,Attenuator 3db ,,,,,
ERICSSON,RDF101021/4,Attenuator 4db,,,,,
ERICSSON,RDF101021/5,Attenuator 5db,,,,,
ERICSSON,RDF101021/6,Attenuator 6db,,,,,
ERICSSON,RDF101021/8,Attenuator 8db,,,,,
ERICSSON,RDH102100/11(SU69DK),0,,,,,
ERICSSON,RDH102100/15(SU69DO),0,,,,,
ERICSSON,RDH102100/16,DWDM 80km 193.60 [SU69DP],,,,,
ERICSSON,RDH102100/181400803-0307SU69DR,0,,,,,
ERICSSON,RDH102100/23SU69DW,0,,,,,
ERICSSON,RDH102100/24SU69DX,0,,,,,
ERICSSON,RDH102100/25SU69DY,0,,,,,
ERICSSON,RDH102100/28SU69EB,0,,,,,
ERICSSON,RDH102100/2SU69DB,0,,,,,
ERICSSON,RDH102100/3,SU69DC -10GBASE LBR/LBW - 80Km,,,,,
ERICSSON,RDH102100/32(SU69EF),0,,,,,
ERICSSON,RDH102100/47SU69EU,0,,,,,
ERICSSON,RDH102100/48SU69EV,0,,,,,
ERICSSON,RDH102100/5SU69DE,0,,,,,
ERICSSON,RDH102100/7(SU69DG),0,,,,,
ERICSSON,RDH102100/7SU69DG,0,,,,,
ERICSSON,RDH102100/9,XFP 192.9THZ,,,,,
ERICSSON,RDH102100/9SU69DI,0,,,,,
ERICSSON,RDH102150/01,0,,,,,
ERICSSON,RDH102150/02,0,,,,,
ERICSSON,RDH102200/48R1A,0,,,,,
ERICSSON,RDH102400/48,0,,,,,
ERICSSON,RDH102415/43,CPRI & GBE 1431 NM I-TEMP SFP,,,,,
ERICSSON,RDH102415/45,CPRI & GbE 1451nm I-Temp SFP,,,,,
ERICSSON,RDH102415/47R1A,0,,,,,
ERICSSON,RDH102415/49R1A,0,,,,,
ERICSSON,RDH10243/2,SU66AA - S1.1/100Base-LX SM 15km,,,,,
ERICSSON,RDH10243/21,STM1 S1.1. 100BASE-LX10,,,,,
ERICSSON,RDH10244/1,SFP,€230.0,$0.00,,,
ERICSSON,RDH10244/2,TRX SM 1000BASE-LX LC-SFP -5/+85C (1400422-0019),€0.0,$0.00,,,
ERICSSON,RDH10244/3,100BASE-LX40/LC,,,,,
ERICSSON,RDH10244/41,1000BASE-ZX-SFP,,,,,
ERICSSON,RDH10245/1,1GB-LX/CRPI 15KM,,,,,
ERICSSON,RDH10247/2,OPTICAL Transceiver/TRX SM CPRI 614.4-24,€5.8,$0.00,,,
ERICSSON,RDH10247/2R2A,RDH 102 47/2 - CRTUAEKLAA - LCP-2488B4HDRME1 2.5Gbps 1310,,,,,
ERICSSON,RDH10247/3,SFP,,,,,
ERICSSON,RDH10248/1,0,,,,,
ERICSSON,RDH10248/2,0,,,,,
ERICSSON,RDH10250/1,SFP+ MM 10G SR,€230.0,$0.00,,,
ERICSSON,RDH10250/3,OPTICAL Transceiver / SFP 10 GB-LR,€230.0,$0.00,,,
ERICSSON,RDH10252/7,QSFP+ 40GBASE-SR4 850nm,€230.0,$0.00,,,
ERICSSON,RDH10255/451,0,,,,,
ERICSSON,RDH10255/51,0,,,,,
ERICSSON,RDH10255/52,0,,,,,
ERICSSON,RDH10256/1,,,,,,
ERICSSON,RDH10261/21,100G Metro Coherent CFP,,,,,
ERICSSON,RDH10262/1,Multi-Rate SFP+ 10Gb/s 2/10Km 1310nm,,,,,
ERICSSON,RDH10265/2,OPTICAL TRANSCEIVER - SFP+ SM 10.3Gb/s 1.4km 1310nm -40/+85C 3.3V,€9.2,$0.00,,,
ERICSSON,RDH10265/3,SFP,,,,,
ERICSSON,RDH10270/1,SFP 10GBASE-BX20-U SFP+ CPRI OPTICAL,€11.5,$0.00,,,
ERICSSON,RDH10270/2,,,,,,
ERICSSON,RDH10280/2,1310nm XFP,,,,,
ERICSSON,RDH10281/1,,,,,,
ERICSSON,RDH10281/2,,,,,,
ERICSSON,RDH901002/1,100/1000 TX SSR - SFP ERICCSON FCLF8521BTL-EQ,€230.0,$0.00,,,
ERICSSON,RDH901007/1,SFP XFP-10GE-SR 850NM MMF FTLX8512D3BTL-EQ ,€230.0,$0.00,,,
ERICSSON,RDH901008/1,1310nm XFP,,,,,
ERICSSON,RDH901015/1,100GE LR4 CFP -SSR CD4UWE2T0K MODUL FTLC1183RDNL,€230.0,$0.00,,,
ERICSSON,RDH901018,SFP GPON OLT B+,€230.0,$0.00,,,
ERICSSON,RDH901028/1,10KM SMF LR SSR SFP+,,,,,
ERICSSON,RDH901033/O1443,2.67G CWDM 1431nm,,,,,
ERICSSON,RDH901033/O1445,RDH901033/O1445,,,,,
ERICSSON,RDH9011055/1,100GBASE-LR4 CFP2 MODUL CDUX52423,€230.0,$0.00,,,
ERICSSON,RDH90120/20213,SFP S.1.1 1310nm OPTICAL,€230.0,$0.00,,,
ERICSSON,RDH90120/20213R4A,SFP,€230.0,$0.00,,,
ERICSSON,RDH90120/29902,SFP Electrical,,,,,
ERICSSON,RDH90120/41422,0,,,,,
ERICSSON,RDH90120/49800,SFP-T FCLF-8521-3-ER RJ45 copper 100m 1000BASE-T,€230.0,$0.00,,,
ERICSSON,RDH90120/49800R4A,0,,,,,
ERICSSON,RDH90120/81728,0,,,,,
ERICSSON,RDH90120/B0213,OPTICAL Transceiver/SFP S.1.1 1310nm,€230.0,$0.00,,,
ERICSSON,RDH90120/C0213,SFP,,,,,
ERICSSON,RDH90120/D0210,SFP OPTICAL 1000 BASE-LX10 1310NM 1XFC SP-GB-LX-ID,€230.0,$0.00,,,
ERICSSON,RDH90126/1,ERICSSON.SFP Module - 10 km - 1000baseLX,€230.0,$0.00,,,
ERICSSON,RDH90134/GBESX,0,,,,,
ERICSSON,RDH90154/1,0,,,,,
ERICSSON,RDH90155/1,FTLF8519P2BNL-RB,,,,,
ERICSSON,RDH90156/1,TSE SFP GE 100TX 1000TX CAT 5 6,,,,,
ERICSSON,RDH90164/1,XFP-10GE-SR,€230.0,$0.00,,,
ERICSSON,RDH90165/1,LG-Ericsson® RDH90165/1 Compatible TAA 10GBase-LR XFP Transceiver (SMF - 1310nm - 10km - LC - DOM),€0.0,$0.00,,,
ERICSSON,RDH90166/1,XFP-10GE-ER,,,,,
ERICSSON,RDH90198/1,SFP-GE-SX,,,,,
ERICSSON,RDH90199/1,TRX SM 1000BASE-LX LC-SFP -5/PLUS 85C,,,,,
ERICSSON,REDBACKGE1020ENET1GB,ROA1283184/1,€109.5,$0.00,,,
ERICSSON,ROA1283184/1,IPUIANTCAA GE1020 ENET 1Gb (Redback),,,,,
ERICSSON,SE800,SE800 CHASSIS (Redback),,,,,
ERICSSON,RedbacSE800,SE800,,,,,
ERICSSON,RNT44719/001,RRU DC Power Plug Connector,,,,,
ERICSSON,RNT44720/001,RRU DC Power Plug Connector,,,,,
ERICSSON,RNT44732/02,RRU DC Power Plug Connector,,,,,
ERICSSON,RNT44737/01,RRU DC Power Plug Connector,,,,,
ERICSSON,RNT44739/01,RRU DC Power Plug Connector,,,,,
ERICSSON,RNV42203/1,Strapping Plug,,,,,
ERICSSON,RNV44763/02,Power connector for Main Unit 6601 v2,,,,,
ERICSSON,RNV99103,Strapping Plug,,,,,
ERICSSON,RNV99104,Strapping Plug,,,,,
ERICSSON,RNV991148/007,Strapping Plug,,,,,
ERICSSON,RNV991235/004,Strapping Plug,,,,,
ERICSSON,RNV991245/011,Strapping Plug,,,,,
ERICSSON,RNV991712/005,Strapping Plug,,,,,
ERICSSON,RNV991712/012,Strapping Plug,,,,,
ERICSSON,ROA1172136/4,FCU4 FAN CONTROL UNIT,,,,,
ERICSSON,ROA1173004/22,GMH,,,,,
ERICSSON,ROA1173007/2,SCU,,,,,
ERICSSON,ROA1173008/2,SXU-A,,,,,
ERICSSON,ROA1173010/2,PFU-A,,,,,
ERICSSON,ROA1173040/2,EAE,,,,,
ERICSSON,ROA1173143/22,GMH,,,,,
ERICSSON,ROA1173521/2,VCM-5T-A,,,,,
ERICSSON,ROA117415/0670,Power regulator alarms,,,,,
ERICSSON,ROA117737/1,ACCU,,,,,
ERICSSON,ROA1190410/1,FAN UNIT,,,,,
ERICSSON,ROA1190872/1,IB2 Board,€110.6,$0.00,,,
ERICSSON,ROA1193065/1, FCU,,,,,
ERICSSON,ROA1194275/2,LOG2,,,,,
ERICSSON,ROA1194600/11,PRINTED BOARD ASSEMB - BASED UNIT 8 MBPS STD,,,,,
ERICSSON,ROA1195108/2,,,,,,
ERICSSON,ROA1195108/3,BACKPLANE,,,,,
ERICSSON,ROA1195130/1,BS2,,,,,
ERICSSON,ROA1195132/1,BACKPLANE,,,,,
ERICSSON,ROA119572/1,,,,,,
ERICSSON,ROA1282872/1,ERICSSON.E28 - 2x10GigE & 8x1GigE,€273.8,$0.00,,,
ERICSSON,ROA1283164/1,SSE,,,,,
ERICSSON,ROA1283183/1,908-0420,,,,,
ERICSSON,ROA1283183/2,ENET 10G POS,,,,,
ERICSSON,ROA1283184/1,,,,,,
ERICSSON,ROA1283184/2,ENET SD 1GB,,,,,
ERICSSON,ROA1283186/1,60x1 Fast ETH TX.SE,,,,,
ERICSSON,ROA1283202/1,POS OC-192c STM-64c,,,,,
ERICSSON,ROA1283203/1,XCRP3,,,,,
ERICSSON,ROA1283204/1,XCRP4 HECI SOUCAEP,€350.5,$0.00,,,
ERICSSON,ROA1283240/1,ENET 100/1000,,,,,
ERICSSON,ROA1283242/1,Board,€328.6,$0.00,,,
ERICSSON,ROA1283409/1,ENET 10G POS,,,,,
ERICSSON,ROA1283548/1,0,,,,,
ERICSSON,ROA1283598,SC-AH,,,,,
ERICSSON,ROA1283598P1B,0,,,,,
ERICSSON,ROA1283598R1C,0,,,,,
ERICSSON,ROA1283599,DF-AH OMS1460,,,,,
ERICSSON,ROA1283599/1,0,,,,,
ERICSSON,ROA1283600,0,,,,,
ERICSSON,ROA1283601,0,,,,,
ERICSSON,ROA1283620,0,,,,,
ERICSSON,ROA1283620/1,EM-10XSFP-BH,,,,,
ERICSSON,ROA1283621,0,,,,,
ERICSSON,ROA1283622,0,,,,,
ERICSSON,ROA1283622/1,0,,,,,
ERICSSON,ROA1283630/1,SM-1X564-4,,,,,
ERICSSON,ROA1283650/1,0,,,,,
ERICSSON,ROA1283658,0,,,,,
ERICSSON,ROA1283699,0,,,,,
ERICSSON,ROA1283719/1,SM-10XGE-32XMAP-B,,,,,
ERICSSON,ROA1283720/1,0,,,,,
ERICSSON,ROA1283721/1,SM-1x10GE-20xGE-B,,,,,
ERICSSON,ROA1283722/1,SM-C/2xSTM-63XP-A,,,,,
ERICSSON,ROA1284145/1,0,,,,,
ERICSSON,ROA1284188/1,R2S ALSWN For Ericsson BSC Equipment,€273.8,$0.00,,,
ERICSSON,ROA1284188/3,ALSW - Alarm Switch Board - SSR,,,,,
ERICSSON,ROA1284189/1,SW SSR SWITCH Board,€219.0,$0.00,,,
ERICSSON,ROA1284189/3,SW CARD - 400G - SLOT - SSR,,,,,
ERICSSON,ROA1284190/1,SWITCH PROCESSOR SSR,,,,,
ERICSSON,ROA1284190/2,SMART SERVICES CARD - SSC1-V2 - SSR,€0.0,$0.00,,,
ERICSSON,ROA1284190/3,RPSW2 - 400G,,,,,
ERICSSON,ROA1284191/1,Board,€246.4,$0.00,,,
ERICSSON,ROA1284192/1,R2G/R2Z/R2AB,€0.0,$0.00,,,
ERICSSON,ROA1284448/1,0,,,,,
ERICSSON,ROA1284452/1,100G MUXP 80CH DP-QPSK,,,,,
ERICSSON,ROA1284560/1,SM-CESAP/4xSTM1/OC3-A,,,,,
ERICSSON,ROA1284573/2,SSC1 SMART SERVICES Board,€273.8,$0.00,,,
ERICSSON,ROA1284573/3,SSR SMART SERVICES Board,€958.3,$0.00,,,
ERICSSON,ROA1284596/1,WSU 4-80,,,,,
ERICSSON,ROA1284610/1,SM-OTN40/2xXFP-6xSFP-A,,,,,
ERICSSON,ROA1284749/1,0,,,,,
ERICSSON,ROA1284793/1,0,,,,,
ERICSSON,ROA1284796/1,0,,,,,
ERICSSON,ROA1284797/1,0,,,,,
ERICSSON,ROA1284811/1,0,,,,,
ERICSSON,ROA1284832/1,EM 10xSFP B,,,,,
ERICSSON,ROA1285017/1,R5H VERSION AND R5E VERSION,,,,,
ERICSSON,ROA1285025,SM-OTN100Q/100GTLP-AT,,,,,
ERICSSON,ROA1285075/1,0,,,,,
ERICSSON,ROA1285075/2,0,,,,,
ERICSSON,ROA1285110/1,0,,,,,
ERICSSON,ROA1285120/1,0,,,,,
ERICSSON,ROA1285120/2,0,,,,,
ERICSSON,ROA1285388/1,0,,,,,
ERICSSON,ROA1285461/1,SM-1x10GE-20xGE-C,,,,,
ERICSSON,ROA1285462/1,SM-2x10GE-10xGE-B,,,,,
ERICSSON,ROA1285491/1,SSC2-A,,,,,
ERICSSON,ROA1285496/1,SC-BH,,,,,
ERICSSON,ROA1285646/1,0,,,,,
ERICSSON,ROA1285664/1,Board,€821.4,$0.00,,,
ERICSSON,ROA1285784/1,Enet 2x100ge 2x10ge SSR,,,,,
ERICSSON,ROA1285852/1,SM - 100G Metro 10xSFP+ (MXP),,,,,
ERICSSON,ROA1285854/1,0,,,,,
ERICSSON,ROA1286083/1,0,,,,,
ERICSSON,ROA1286084/1,0,,,,,
ERICSSON,ROA1286085/1,0,,,,,
ERICSSON,ROA1286322/1,0,,,,,
ERICSSON,ROA2190140/1,,,,,,
ERICSSON,ROA219090/1,FPB,,,,,
ERICSSON,ROA219091/1,FPB,,,,,
ERICSSON,ROA219099/1,FPB,,,,,
ERICSSON,ROA2191104/1,0,,,,,
ERICSSON,ROA2191109/1,0,,,,,
ERICSSON,ROA2191110/1,0,,,,,
ERICSSON,ROA2191115/1,EM-63xE1-LFH,,,,,
ERICSSON,ROA2191115/1P5A,0,,,,,
ERICSSON,ROA2191116/1,EM-10xSFP,,,,,
ERICSSON,ROA2191117/1,SC-A-4xSTM,,,,,
ERICSSON,ROA2191117/2,SC-A-4xSTM,,,,,
ERICSSON,ROA2191118/1,SC-A-1x10GE,,,,,
ERICSSON,ROA2191118/2,0,,,,,
ERICSSON,ROA2191123/60,NODE Board FAB3,€383.3,$0.00,,,
ERICSSON,ROA2191123/61,Board,€410.7,$0.00,,,
ERICSSON,ROA2191139/1,GP4,,,,,
ERICSSON,ROA2191157/1,G28,,,,,
ERICSSON,ROA2191158/1,GP8      ,€328.6,$0.00,,,
ERICSSON,ROA2195025/1,CL10,,,,,
ERICSSON,ROA2195062/1,CM12/16,,,,,
ERICSSON,ROA2195135/1,CM12/16,,,,,
ERICSSON,ROANB10102,NA1,,,,,
ERICSSON,ROANB10103,NA1,,,,,
ERICSSON,ROANB10105,NA1,,,,,
ERICSSON,ROANB10123,,,,,,
ERICSSON,ROD90704,FDD,,,,,
ERICSSON,ROD90732,CM2 ,,,,,
ERICSSON,ROD90733/1,ODD,,,,,
ERICSSON,ROD90733/2,ODD,,,,,
ERICSSON,ROF131014/1,EMIE,,,,,
ERICSSON,ROF131038/1,CCB,,,,,
ERICSSON,ROF131040/1,OPE,,,,,
ERICSSON,ROF131041/1,TPC,,,,,
ERICSSON,ROF131049/1,APTSPGA4,,,,,
ERICSSON,ROF131104/2,POU5V,,,,,
ERICSSON,ROF131106/1,EMC6,,,,,
ERICSSON,ROF131108/2,LIB,,,,,
ERICSSON,ROF131145/1,SPU,,,,,
ERICSSON,ROF131158/1,TSS AMFC1,,,,,
ERICSSON,ROF131251/1,POU12V12V,,,,,
ERICSSON,ROF131270/1,,,,,,
ERICSSON,ROF131273/1,POU24V,,,,,
ERICSSON,ROF131330/1,CSAB CSC SSA,,,,,
ERICSSON,ROF1314205/1,ICI,,,,,
ERICSSON,ROF1314219/2,MEU4,,,,,
ERICSSON,ROF1314230/1,MEU,,,,,
ERICSSON,ROF1314235/1,PFU,,,,,
ERICSSON,ROF1314254/1,V24I-B3,,,,,
ERICSSON,ROF1314255/1,EXALI-B3,,,,,
ERICSSON,ROF1314257/1,MPU3,,,,,
ERICSSON,ROF1314258/1,Clock Board,,,,,
ERICSSON,ROF1314290/1,ADAP2L,,,,,
ERICSSON,ROF1314300/1,,,,,,
ERICSSON,ROF1314303/10,IOP,,,,,
ERICSSON,ROF1314304/1,,,,,,
ERICSSON,ROF1314343/2,MER,,,,,
ERICSSON,ROF1314343/3,MER,,,,,
ERICSSON,ROF1314347/1,,,,,,
ERICSSON,ROF1314348/5,PCC,,,,,
ERICSSON,ROF1314366/1,LLR,,,,,
ERICSSON,ROF1314369/1,,,,,,
ERICSSON,ROF1314370/2,LIC1,,,,,
ERICSSON,ROF1314375/4,,,,,,
ERICSSON,ROF1314376/4,PRO,,,,,
ERICSSON,ROF1314415/2,,,,,,
ERICSSON,ROF1314441/1,,,,,,
ERICSSON,ROF1314441/2,LIC11,,,,,
ERICSSON,ROF1314441/5,PBA-LIC11(8),,,,,
ERICSSON,ROF1314445/1,STRP,,,,,
ERICSSON,ROF1314445/2,STRP,,,,,
ERICSSON,ROF1314445/3,STRIPBOARD,,,,,
ERICSSON,ROF1314446/1,STCP,,,,,
ERICSSON,ROF1314446/2,STCP,,,,,
ERICSSON,ROF1314450/1,DCI-AG,,,,,
ERICSSON,ROF1314477/1,POU5V12V,,,,,
ERICSSON,ROF1314495/1,,,,,,
ERICSSON,ROF1314497/2,MEU6,,,,,
ERICSSON,ROF1314503/1,LLR63,,,,,
ERICSSON,ROF1314539/1,POU5V12V,,,,,
ERICSSON,ROF1314553/1,MEU7,,,,,
ERICSSON,ROF1314559/1,,,,,,
ERICSSON,ROF1314561/1,AXE10 SIU,,,,,
ERICSSON,ROF1314569/1,STU,,,,,
ERICSSON,ROF1314575/1,MEM4,,,,,
ERICSSON,ROF1314576/1,CILSU,,,,,
ERICSSON,ROF1314595/3,PRO20,,,,,
ERICSSON,ROF1314595/4,PRO20,,,,,
ERICSSON,ROF1314595/5,PBAPRO20,,,,,
ERICSSON,ROF1314595/6,PRO20,,,,,
ERICSSON,ROF1314596/1,TRHB,,,,,
ERICSSON,ROF1314608/1,LPU6,,,,,
ERICSSON,ROF1314608/4,LPU6,,,,,
ERICSSON,ROF131534/1,HT,,,,,
ERICSSON,ROF131667/1,DC/DC,,,,,
ERICSSON,ROF131667/101,POU5V5V,,,,,
ERICSSON,ROF131667/103,POU5V5V,,,,,
ERICSSON,ROF131667/2,PLACA POU12V12V,,,,,
ERICSSON,ROF131672/1,,,,,,
ERICSSON,ROF131697/3,POU5V12V,,,,,
ERICSSON,ROF131698/1,POU5V12V12V,,,,,
ERICSSON,ROF131708/1,REU,,,,,
ERICSSON,ROF131799/1,BISS,,,,,
ERICSSON,ROF131800/1,TSC,,,,,
ERICSSON,ROF1318201/1,EMRPDMEM,,,,,
ERICSSON,ROF1318202/1,RP10 CM2,,,,,
ERICSSON,ROF1318203/2,RP1RS CM2,,,,,
ERICSSON,ROF1318204/1,ETHU,,,,,
ERICSSON,ROF1318206/1,FDD,,,,,
ERICSSON,ROF131821/5,MOC,,,,,
ERICSSON,ROF1318218/1,RPK,,,,,
ERICSSON,ROF1318227/1,DLB,,,,,
ERICSSON,ROF1318231/1,ST20C2,,,,,
ERICSSON,ROF131830/1,MBU-2,,,,,
ERICSSON,ROF131842/1,HSU-2,,,,,
ERICSSON,ROF131843/1,THU-2,,,,,
ERICSSON,ROF131857/2,ETB,,,,,
ERICSSON,ROF131887/4,EMBI,,,,,
ERICSSON,ROF131891/1,DEVI CARD,,,,,
ERICSSON,ROF131905/1,AXE,,,,,
ERICSSON,ROF131912/1,RIB,,,,,
ERICSSON,ROF131913/2,ROB2,,,,,
ERICSSON,ROF131917/2,DBH-2,,,,,
ERICSSON,ROF131918/2,TRU2,,,,,
ERICSSON,ROF131931/1,,,,,,
ERICSSON,ROF131933/12,MPS-O,,,,,
ERICSSON,ROF131943/2,EPHCD,,,,,
ERICSSON,ROF131945/1,ECC-2,,,,,
ERICSSON,ROF131946/11,STR,,,,,
ERICSSON,ROF131946/12,STC,,,,,
ERICSSON,ROF131948/2,MSU,,,,,
ERICSSON,ROF131951/2,MRU-1,,,,,
ERICSSON,ROF131952/2,MRU-2,,,,,
ERICSSON,ROF131969/1,KRC,,,,,
ERICSSON,ROF131975/1,,,,,,
ERICSSON,ROF131984/1,DCI-DCC2,,,,,
ERICSSON,ROF131989/1,TIU2,,,,,
ERICSSON,ROF131990/1,CCU-2,,,,,
ERICSSON,ROF131991/1,POU5V,,,,,
ERICSSON,ROF131991/1A,PSU,,,,,
ERICSSON,ROF131991/1E,POU5V,,,,,
ERICSSON,ROF131991/2,POU12V,,,,,
ERICSSON,ROF131995/1,EMRP4L,,,,,
ERICSSON,ROF131995/2,EMPC,,,,,
ERICSSON,ROF131995/7,EMRP4L,,,,,
ERICSSON,ROF132017/1,RPBU,,,,,
ERICSSON,ROF132017/2,RPBU,,,,,
ERICSSON,ROF132143/111,PROM FCT,,,,,
ERICSSON,ROF132143/15,,,,,,
ERICSSON,ROF132145/1,AXE 10 EMBU,,,,,
ERICSSON,ROF134019/1,OMS,,,,,
ERICSSON,ROF1370001/1,CILMU,,,,,
ERICSSON,ROF137047/1,,,,,,
ERICSSON,ROF1370603/1,POU5V5V12V12,,,,,
ERICSSON,ROF1370603/4,POU5V5V12V12,,,,,
ERICSSON,ROF1370614/1,DC/DC5V/45W,,,,,
ERICSSON,ROF1370622/1,POU5V,,,,,
ERICSSON,ROF1370629/1,POU5V,,,,,
ERICSSON,ROF1370943/1,,,,,,
ERICSSON,ROF1370963/1,POU5V5V,,,,,
ERICSSON,ROF1370964/1,POU5V5V,,,,,
ERICSSON,ROF1370976/1,POU5V,,,,,
ERICSSON,ROF1371047/1,SLC,,,,,
ERICSSON,ROF1371068/1,AXE-10 CD SNDR,,,,,
ERICSSON,ROF1371072/2,CFU,,,,,
ERICSSON,ROF1371077/1,LTU,,,,,
ERICSSON,ROF1371098/1,RG-DIST,,,,,
ERICSSON,ROF1371128/1,SP,,,,,
ERICSSON,ROF1371159/1,HC (2),,,,,
ERICSSON,ROF1371191/1,Depot V,,,,,
ERICSSON,ROF1371195/1,RPU,,,,,
ERICSSON,ROF1371208/1,,,,,,
ERICSSON,ROF1371248/1,AXE 10 LTU,,,,,
ERICSSON,ROF1371253/1,TFSD,,,,,
ERICSSON,ROF1371268/1,CANS,,,,,
ERICSSON,ROF1371272/1,,,,,,
ERICSSON,ROF1371274/1,,,,,,
ERICSSON,ROF1371337/1,CLU,,,,,
ERICSSON,ROF1371340/1,,,,,,
ERICSSON,ROF1371340/2,SLC-S,,,,,
ERICSSON,ROF1371366/1,GEN,,,,,
ERICSSON,ROF1371388/1,,,,,,
ERICSSON,ROF1371398/1,CPUP,,,,,
ERICSSON,ROF1371399/10,CPU-S,,,,,
ERICSSON,ROF1371399/7,CPUS,,,,,
ERICSSON,ROF1371415/4,,,,,,
ERICSSON,ROF1371416/3,,,,,,
ERICSSON,ROF1371416/4,TSUI,,,,,
ERICSSON,ROF1371431/5,DEVPU,,,,,
ERICSSON,ROF1371431/7,,,,,,
ERICSSON,ROF1371455/1,,,,,,
ERICSSON,ROF1371482/2,,,,,,
ERICSSON,ROF1371494/1,AXE10,,,,,
ERICSSON,ROF1371495/1,AXE10,,,,,
ERICSSON,ROF1371496/1,AET,,,,,
ERICSSON,ROF1371497/1,,,,,,
ERICSSON,ROF1371537/3,BJC3,,,,,
ERICSSON,ROF1371563/1,BEMP,,,,,
ERICSSON,ROF1371564/1,BEMS,,,,,
ERICSSON,ROF1371565/1,BES,,,,,
ERICSSON,ROF1371588/1,TBC1,,,,,
ERICSSON,ROF1371589/4,TDAU,,,,,
ERICSSON,ROF1371589/8,TDAV,,,,,
ERICSSON,ROF1371589/9,TDAU,,,,,
ERICSSON,ROF1371590/1,TDCU,,,,,
ERICSSON,ROF1371590/4,TDCU,,,,,
ERICSSON,ROF1371590/9,TDCU,,,,,
ERICSSON,ROF1371595/1,,,,,,
ERICSSON,ROF1371597/1,TCC,,,,,
ERICSSON,ROF1371602/1,BNA1,,,,,
ERICSSON,ROF1371604/2,BNA-L,,,,,
ERICSSON,ROF1371663/1,ALU-IL,,,,,
ERICSSON,ROF1371694/5,TPU 2,,,,,
ERICSSON,ROF1371696/2,POWC2,,,,,
ERICSSON,ROF1371697/2,POWC1,,,,,
ERICSSON,ROF1371699/8,RPCU1,,,,,
ERICSSON,ROF1371703/1,RPIO,,,,,
ERICSSON,ROF1371718/1,BUF,,,,,
ERICSSON,ROF1371719/4,PRO,,,,,
ERICSSON,ROF1371752/1,,,,,,
ERICSSON,ROF1371753/1,,,,,,
ERICSSON,ROF1371758/1,BLC(2),,,,,
ERICSSON,ROF1371758/2,,,,,,
ERICSSON,ROF1371760/1,,,,,,
ERICSSON,ROF1371763/1,,,,,,
ERICSSON,ROF1371768/1,,,,,,
ERICSSON,ROF1371769/1,LTAB,,,,,
ERICSSON,ROF1371802/1,MSA-SC,,,,,
ERICSSON,ROF1371803/1,,,,,,
ERICSSON,ROF1371804/1,,,,,,
ERICSSON,ROF1371806/1,,,,,,
ERICSSON,ROF1371816/2,AXE10,,,,,
ERICSSON,ROF1371824/1,SLCT,,,,,
ERICSSON,ROF1371824/6,SLCT,,,,,
ERICSSON,ROF1371829/1,HOWLD,,,,,
ERICSSON,ROF1371836/1,WSU,,,,,
ERICSSON,ROF1371837/1,TSB,,,,,
ERICSSON,ROF1371837/4,,,,,,
ERICSSON,ROF1371840/1,FALU,,,,,
ERICSSON,ROF1371882/1,CLD,,,,,
ERICSSON,ROF1371883/1,JTC4,,,,,
ERICSSON,ROF1371891/2,DPO,,,,,
ERICSSON,ROF1371891/4,DPPRMC,,,,,
ERICSSON,ROF1371896/1,,,,,,
ERICSSON,ROF1371897/3,DAM,,,,,
ERICSSON,ROF1371899/1,LMU2,,,,,
ERICSSON,ROF1372328/1,B.B. UNIT MK II - 15GHz,,,,,
ERICSSON,ROF1372369/6,,,,,,
ERICSSON,ROF137329/1,MPU,,,,,
ERICSSON,ROF137349/2,RPHP,,,,,
ERICSSON,ROF1374147/1,SULTD.DEVPU,,,,,
ERICSSON,ROF1375088/1,CDU3,,,,,
ERICSSON,ROF1375227/1,MSU-2,,,,,
ERICSSON,ROF1375228/1,EMU,,,,,
ERICSSON,ROF1375251/1,RPU,,,,,
ERICSSON,ROF1375252/1,LIU-1,,,,,
ERICSSON,ROF1375253/2,LIU-4,,,,,
ERICSSON,ROF1375259/1,LIA-TTL,,,,,
ERICSSON,ROF1375291/1,MICPC UNIT BOARD,,,,,
ERICSSON,ROF1375293/1,,,,,,
ERICSSON,ROF1375306/3,ELU25,,,,,
ERICSSON,ROF1375316/1,TLU64,,,,,
ERICSSON,ROF1375316/2,TLU64,,,,,
ERICSSON,ROF1375320/1,PU4DC,,,,,
ERICSSON,ROF1375335/13,TMU/13,,,,,
ERICSSON,ROF1375338/1,TLU76,,,,,
ERICSSON,ROF1375338/2,TLU76,,,,,
ERICSSON,ROF1375388/1,DLU30,,,,,
ERICSSON,ROF1375392/2,MEU9,,,,,
ERICSSON,ROF1375393/1,GJUL4,,,,,
ERICSSON,ROF1375407/1,VCU,,,,,
ERICSSON,ROF1375408/1,RDU,,,,,
ERICSSON,ROF1375409/1,ELU30,,,,,
ERICSSON,ROF1375430/1,SPU4,,,,,
ERICSSON,ROF1375430/11,SPU4/11,,,,,
ERICSSON,ROF1377001/1,MFG,,,,,
ERICSSON,ROF1377001/10,MFG,,,,,
ERICSSON,ROF1377001/11,,,,,,
ERICSSON,ROF1377001/2,MFG,,,,,
ERICSSON,ROF1377001/5,,,,,,
ERICSSON,ROF1377001/6,,,,,,
ERICSSON,ROF1377001/7,MFG,,,,,
ERICSSON,ROF1377001/9,MFG,,,,,
ERICSSON,ROF1377003/2,CDU,,,,,
ERICSSON,ROF1377003/5,CDU,,,,,
ERICSSON,ROF1377004/3,LTU,,,,,
ERICSSON,ROF1377004/4,LTU,,,,,
ERICSSON,ROF1377004/7,,,,,,
ERICSSON,ROF1377010/1,CHANNEL UNIT,,,,,
ERICSSON,ROF1377010/2,,,,,,
ERICSSON,ROF1377011/1,PCB,,,,,
ERICSSON,ROF1377011/2,,,,,,
ERICSSON,ROF1377013/1,CONNECTION,,,,,
ERICSSON,ROF1377013/2,,,,,,
ERICSSON,ROF1377017/3,PBA,,,,,
ERICSSON,ROF1377027/1,PBA TIMESLOT UNIT,,,,,
ERICSSON,ROF1377028/1,PBA TIMESLOT UNIT,,,,,
ERICSSON,ROF1377219/1,SUPERV,,,,,
ERICSSON,ROF1377220/1,SING.MULTIPL,,,,,
ERICSSON,ROF1377502/4,IMPAD,,,,,
ERICSSON,ROF1377503/1,PBA-TPLU,,,,,
ERICSSON,ROF1377507/1,ACCSC,,,,,
ERICSSON,ROF1377514/1,CIU,,,,,
ERICSSON,ROF1377515/1,CCU,,,,,
ERICSSON,ROF1377515/3,CCU,,,,,
ERICSSON,ROF1377516/1,CAU,,,,,
ERICSSON,ROF1377516/3,CAU A10 R8,,,,,
ERICSSON,ROF1377527/1,POU,,,,,
ERICSSON,ROF1377529/1,LDOC,,,,,
ERICSSON,ROF1377529/2,LDOD,,,,,
ERICSSON,ROF1377546/4,ALAMP,,,,,
ERICSSON,ROF1377548/1,ALEX,,,,,
ERICSSON,ROF1377549/1,SCAN,,,,,
ERICSSON,ROF1377555/1,AL-AM,,,,,
ERICSSON,ROF1377556/1,MTPS,,,,,
ERICSSON,ROF1377561/1,CTU,,,,,
ERICSSON,ROF1377561/3,AG,,,,,
ERICSSON,ROF1377561/8,AXE 810 CPU,,,,,
ERICSSON,ROF1377568/2,PRMC(12),,,,,
ERICSSON,ROF1377568/4,PRMC(12),,,,,
ERICSSON,ROF1377586/1,SSHU,,,,,
ERICSSON,ROF1377587/1,SSU,,,,,
ERICSSON,ROF1377588/1,PAU,,,,,
ERICSSON,ROF1377602/1,BCON,,,,,
ERICSSON,ROF1377606/2,PBA,,,,,
ERICSSON,ROF1377627/2,ETC32A,,,,,
ERICSSON,ROF1377630/1,ST7C,,,,,
ERICSSON,ROF1377636/1,CCB,,,,,
ERICSSON,ROF1377655/1,PBATRCC,,,,,
ERICSSON,ROF1377655/2,TRCC,,,,,
ERICSSON,ROF1377657/1,ST7G,,,,,
ERICSSON,ROF1377661/5,RPU-SC,,,,,
ERICSSON,ROF1377679/1,SIB,,,,,
ERICSSON,ROF1377680/1,SCB,,,,,
ERICSSON,ROF1377681/1,SPB,,,,,
ERICSSON,ROF1377723/1,,,,,,
ERICSSON,ROF1377733/1,,,,,,
ERICSSON,ROF1377736/1,PBA,,,,,
ERICSSON,ROF1377741/1,,,,,,
ERICSSON,ROF1377743/1,AXE10,,,,,
ERICSSON,ROF1377743/7,MCU-I3,,,,,
ERICSSON,ROF1377743/8,MCU-S1,,,,,
ERICSSON,ROF1377744/2,UNI-SC,,,,,
ERICSSON,ROF1377745/1,AXE-10 PS HANDLER 1 BD,,,,,
ERICSSON,ROF1377745/4,AXE-10 PS HANDLER BD,,,,,
ERICSSON,ROF1377761/1,,,,,,
ERICSSON,ROF1377793/2,CSKT,,,,,
ERICSSON,ROF1377809/1,GSB ABS,,,,,
ERICSSON,ROF1377810/1,EMDMA,,,,,
ERICSSON,ROF1377811/1,PROSSU-PBA,,,,,
ERICSSON,ROF1377811/2,PROSSU,,,,,
ERICSSON,ROF1377821/1,,,,,,
ERICSSON,ROF1377828/1,DLB2-U,,,,,
ERICSSON,ROF1377833/1,ST641,,,,,
ERICSSON,ROF1377842/2,STD,,,,,
ERICSSON,ROF1377844/1,SLQCT,,,,,
ERICSSON,ROF1377845/1,JTC,,,,,
ERICSSON,ROF1377846/1,ETB/ETP,,,,,
ERICSSON,ROF1377848/1,DCL2,,,,,
ERICSSON,ROF1377849/1,KRC,,,,,
ERICSSON,ROF1377850/1,PBAKRC16,,,,,
ERICSSON,ROF1377851/1,KRDI,,,,,
ERICSSON,ROF1377851/2,FSKI,,,,,
ERICSSON,ROF1377856/1,TSW,,,,,
ERICSSON,ROF1377856/3,TSW,,,,,
ERICSSON,ROF1377856/4,TSW,,,,,
ERICSSON,ROF1377857/2,POU-PRM,,,,,
ERICSSON,ROF1377901/1,BIC,,,,,
ERICSSON,ROF1377913/2,ALB2,,,,,
ERICSSON,ROF1377916/1,ASTKR8,,,,,
ERICSSON,ROF1377916/3,ASTKR8,,,,,
ERICSSON,ROF1377918/1,ETCP,,,,,
ERICSSON,ROF1377921/1,PBAEMIM,,,,,
ERICSSON,ROF1377922/1,EMIS ABS,,,,,
ERICSSON,ROF1377925/1,DRMU,,,,,
ERICSSON,ROF1377925/3,DRMU2,,,,,
ERICSSON,ROF1377934/1,ECAN 1,,,,,
ERICSSON,ROF1377941/1,ASTTPLU,,,,,
ERICSSON,ROF1377942/2,SCSI,,,,,
ERICSSON,ROF1377942/3,SCSI-HD-C1,,,,,
ERICSSON,ROF1377942/4,HD-B 1GB,,,,,
ERICSSON,ROF1377942/5,HD-B,,,,,
ERICSSON,ROF1377942/8,HD-B2GB,,,,,
ERICSSON,ROF1377943/1,CST,,,,,
ERICSSON,ROF1377976/2,ECON3,,,,,
ERICSSON,ROF1377977/1,ECAN3,,,,,
ERICSSON,ROF1377993/1,POU97V5V,,,,,
ERICSSON,ROF1377995/1,DLBUF,,,,,
ERICSSON,ROF1377998/1,DLB3-2,,,,,
ERICSSON,ROF1378042/1,BUSCONNU,,,,,
ERICSSON,ROF1378080/2,RSM2X400,,,,,
ERICSSON,ROF1378099/14,CTRLULME-STD3,,,,,
ERICSSON,ROF1378101/1,SYNC2M,,,,,
ERICSSON,ROF1378166/1,SUPER U. SUM 02W30,,,,,
ERICSSON,ROF1378167/1,HSU3,,,,,
ERICSSON,ROF1378169/1,CCU3,,,,,
ERICSSON,ROF1378170/1,CLC3,,,,,
ERICSSON,ROF1378171/1,CLG3,,,,,
ERICSSON,ROF1378172/1,CBU,,,,,
ERICSSON,ROF1378173/1,RCU,,,,,
ERICSSON,ROF1378406/1,LIB8,,,,,
ERICSSON,ROF1378414/1,PBA-FIF,,,,,
ERICSSON,ROF1378415/2,SRPBI,,,,,
ERICSSON,ROF1378423/1,POULOAD,,,,,
ERICSSON,ROF157005/1,ALU-I,,,,,
ERICSSON,ROF157006/1,DSH CM2,,,,,
ERICSSON,ROF157007/1,MAI,,,,,
ERICSSON,ROF157009/1,MCU-I2,,,,,
ERICSSON,ROF157010/1,LTU CM2,,,,,
ERICSSON,ROF157011/4,PGM STG HDLR BOARD,,,,,
ERICSSON,ROF157014/1,UMU-I,,,,,
ERICSSON,ROF157015/1,ALU-S,,,,,
ERICSSON,ROF157017/4,MCU-S1 CIRCUIT PACK,,,,,
ERICSSON,ROF157018/1,MCU-S2,,,,,
ERICSSON,ROF157019/3,RPCU1,,,,,
ERICSSON,ROF157020/1,RPHI1 CM2,,,,,
ERICSSON,ROF157021/1,UMU-S,,,,,
ERICSSON,ROF157022/1,AMU1,,,,,
ERICSSON,ROF157023/1,AMU2,,,,,
ERICSSON,ROF157024/1,LCCML,,,,,
ERICSSON,ROF157025/3,TPU2,,,,,
ERICSSON,ROF157027/2,RPCU2,,,,,
ERICSSON,ROF1571003/1,STU,,,,,
ERICSSON,ROF1571006/2,AMU,,,,,
ERICSSON,ROF1571008/1,PCSI,,,,,
ERICSSON,ROF1571014/1,POW,,,,,
ERICSSON,ROF1571015/2,MCU-I1 CM2,,,,,
ERICSSON,ROF1571016/1,PSH,,,,,
ERICSSON,ROF1571016/2,PSH,,,,,
ERICSSON,ROF1571027/1,POU3V,,,,,
ERICSSON,ROF1571028/1,POU,,,,,
ERICSSON,ROF1571029/1,IPV2,,,,,
ERICSSON,ROF1571029/2,IPU2 A22,,,,,
ERICSSON,ROF1571031/1,SPU,,,,,
ERICSSON,ROF1571031/4,SPU CM2,,,,,
ERICSSON,ROF1571032/2,MIA,,,,,
ERICSSON,ROF1571033/1,TPU,,,,,
ERICSSON,ROF1571034/1,IPV1,,,,,
ERICSSON,ROF1571035/1,STU,,,,,
ERICSSON,ROF1571037/1,IPU1,,,,,
ERICSSON,ROF1571038/1,AMU,,,,,
ERICSSON,ROF1571039/4,SPU,,,,,
ERICSSON,ROF1575117/1,MEMORYBOARD,,,,,
ERICSSON,ROF1575118/1,CPU-D,,,,,
ERICSSON,ROF1575118/2,CPU-2D,,,,,
ERICSSON,ROF1575118/3,CPU-3D,,,,,
ERICSSON,ROF1575119/2,AUX-2,,,,,
ERICSSON,ROF1575124/1,CPU-D4,,,,,
ERICSSON,ROF1575151/1,SIUP,,,,,
ERICSSON,ROF1971113/1,,,,,,
ERICSSON,ROF1971138/1,POU2,,,,,
ERICSSON,ROF1971156/1,Hard Disk Drive,,,,,
ERICSSON,ROF1971298/1,MUX CONTROLL,,,,,
ERICSSON,ROF1971363/1,SW.CONTROLLER,,,,,
ERICSSON,ROF1971364/1,SW.MATRIX471,,,,,
ERICSSON,ROF1971365/1,SW MATRIX 4/1,,,,,
ERICSSON,ROF1971367/1,MTRIX4/1,,,,,
ERICSSON,ROF1971382/1,SWITCHING MA,,,,,
ERICSSON,ROF1974306/1,ST,,,,,
ERICSSON,ROF1974310/1,STR,,,,,
ERICSSON,ROF1974315/1,CDU,,,,,
ERICSSON,ROF1974322/1,CDU,,,,,
ERICSSON,ROF1974323/1,,,,,,
ERICSSON,ROF1975201/1,,,,,,
ERICSSON,ROF1975228/1,EMU,,,,,
ERICSSON,ROF366142/2,TRXC,,,,,
ERICSSON,ROFBE1377501/1,SASPM,,,,,
ERICSSON,ROFBE1377505/1,PRMC,,,,,
ERICSSON,ROFBE1377506/1,DPPRM,,,,,
ERICSSON,ROFBE1377528/1,CWIB,,,,,
ERICSSON,ROFBU1377938/3,LTU-S,,,,,
ERICSSON,ROFBU1377939/4,STU-S,,,,,
ERICSSON,ROFBU367101/1,LOMIF,,,,,
ERICSSON,ROFBU3671053/1,LECA2,,,,,
ERICSSON,ROFBU367113/1,SYNAC,,,,,
ERICSSON,ROFE1370036/1,CFU,,,,,
ERICSSON,ROFE1370046/1,RAM,,,,,
ERICSSON,ROFE1370049/1,,,,,,
ERICSSON,ROFE1370053/2,,,,,,
ERICSSON,ROFE1370054/2,CPU-PORT,,,,,
ERICSSON,ROFE1370055/1,PROL,,,,,
ERICSSON,ROFE1370060/1,LTU,,,,,
ERICSSON,ROFE1370061/1,AXE10,,,,,
ERICSSON,ROFE1370062/2,TMC,,,,,
ERICSSON,ROFE1377003/1,PRINTED BOARD ASSEMB - AML 23,,,,,
ERICSSON,ROFNB15711,CLUE MODULE ERICCSON,,,,,
ERICSSON,ROFNB15704/4,Analogextensioncard,,,,,
ERICSSON,ROFNB15708/1,,,,,,
ERICSSON,ROFNB15708/2,,,,,,
ERICSSON,ROFNB15716/1,SLU,,,,,
ERICSSON,ROFNB15716/2,SLU-2,,,,,
ERICSSON,ROFNB15716/3,,,,,,
ERICSSON,ROFNB15719/5,2/ROFNB15719/5_DCT1800 CENTRAL PROCESSING UNIT (CPU),,,,,
ERICSSON,ROFNB15725/2,LTU-2,,,,,
ERICSSON,ROFNB15726/1,CPU2GAP,,,,,
ERICSSON,ROFP137288/1,MSC,,,,,
ERICSSON,ROFP137291/2,REB,,,,,
ERICSSON,ROFP137291/3,REB,,,,,
ERICSSON,ROFP137292/1,SIU,,,,,
ERICSSON,ROFP137307/1,AMU1,,,,,
ERICSSON,ROFP137308/1,AMU2,,,,,
ERICSSON,ROFP137311/5,MPS2,,,,,
ERICSSON,ROFP137316/1,STB,,,,,
ERICSSON,ROFP137322/3,RPHP,,,,,
ERICSSON,ROFP137349/2,RPHP,,,,,
ERICSSON,ROFP137350/1,MPS,,,,,
ERICSSON,ROFR1374147/1,SULTD-DEVPU,,,,,
ERICSSON,ROFR1374148/1,SULTD-LMI,,,,,
ERICSSON,ROFR1374148/2,SULTD-LMI,,,,,
ERICSSON,ROFR1374148/3,SULTD-LMI,,,,,
ERICSSON,ROFU1310020/2,LFU7,,,,,
ERICSSON,ROJ104001/1,ETH2,,,,,
ERICSSON,ROJ10402/1,,,,,,
ERICSSON,ROJ10411/2,2PORTS E1 ETH MODULE,,,,,
ERICSSON,ROJ1191112/00,STRAP BOARD,,,,,
ERICSSON,ROJ1191112/01,STRAP BOARD,,,,,
ERICSSON,ROJ1191112/02,STRAP BOARD,,,,,
ERICSSON,ROJ1191112/03,STRAP BOARD,,,,,
ERICSSON,ROJ1191112/04,STRAP BOARD,,,,,
ERICSSON,ROJ1191112/05,STRAP BOARD,,,,,
ERICSSON,ROJ1191112/06,STRAP BOARD,,,,,
ERICSSON,ROJ1191112/07,STRAP BOARD,,,,,
ERICSSON,ROJ1191112/08,STRAP BOARD,,,,,
ERICSSON,ROJ1191112/09,STRAP BOARD,,,,,
ERICSSON,ROJ1191112/11,STRAP BOARD,,,,,
ERICSSON,ROJ1191112/12,STRAP BOARD,,,,,
ERICSSON,ROJ1191112/13,STRAP BOARD,,,,,
ERICSSON,ROJ1191112/14,STRAP BOARD,,,,,
ERICSSON,ROJ1191112/15,STRAP BOARD,,,,,
ERICSSON,ROJ1191113/00,SRIDI BOARD,,,,,
ERICSSON,ROJ1191113/01,SRIDI BOARD,,,,,
ERICSSON,ROJ1191116/00,STRAP BOARD,,,,,
ERICSSON,ROJ1191116/01,STRAP BOARD,,,,,
ERICSSON,ROJ1191116/02,STRAP BOARD,,,,,
ERICSSON,ROJ1191116/03,STRAP BOARD,,,,,
ERICSSON,ROJ1191116/04,STRAP BOARD,,,,,
ERICSSON,ROJ1191116/05,STRAP BOARD,,,,,
ERICSSON,ROJ1191116/06,STRAP BOARD,,,,,
ERICSSON,ROJ1191116/07,STRAP BOARD,,,,,
ERICSSON,ROJ1192038/1,RET BOARD SC,,,,,
ERICSSON,ROJ1192070/1,RET board SC/PC - 0 -1-2 -5 Gbit/s,,,,,
ERICSSON,ROJ1192091/1,RET/1.25G -S,,,,,
ERICSSON,ROJ1192095/1,E1/T1,,,,,
ERICSSON,ROJ1192099/1,MMF MODULE,,,,,
ERICSSON,ROJ1192102/1,ET-M4,,,,,
ERICSSON,ROJ1192102/2,ET-M4,,,,,
ERICSSON,ROJ1192102/22,ET-M4,,,,,
ERICSSON,ROJ1192103/41,SPB21,,,,,
ERICSSON,ROJ1192103/5,SPB SP5PROC 800MHZ 1,€191.7,$0.00,,,
ERICSSON,ROJ1192103/51,SPB SP5PROC 800MHZ 1,€191.7,$0.00,,,
ERICSSON,ROJ1192104/4,TUB;2MHZ COAX + GP,€197.1,$0.00,,,
ERICSSON,ROJ1192106/32,GPB32,,,,,
ERICSSON,ROJ1192106/40,GPB40,,,,,
ERICSSON,ROJ1192106/43,GPB43,,,,,
ERICSSON,ROJ1192106/5,Board,€197.1,$0.00,,,
ERICSSON,ROJ1192106/51,GPB51,,,,,
ERICSSON,ROJ1192106/53,GPB531GHZ 1GB/1.5-2,€175.2,$0.00,,,
ERICSSON,ROJ1192106/64,GPB,€186.2,$0.00,,,
ERICSSON,ROJ1192106/65,PRINTED Board ASSEMB/GPB;1 -33GHZ 4GB/2G,€197.1,$0.00,,,
ERICSSON,ROJ1192106/74,GPB Board,€0.0,$0.00,,,
ERICSSON,ROJ1192106/75,GPB,€0.0,$0.00,,,
ERICSSON,ROJ1192108/3,SCB2,,,,,
ERICSSON,ROJ1192108/4,SCB34ISL 630MB/S,€109.5,$0.00,,,
ERICSSON,ROJ1192109/1,SXB,,,,,
ERICSSON,ROJ1192109/3,SXB34ISL 630MB/S,€136.9,$0.00,,,
ERICSSON,ROJ1192120/1,E1/T1 BOARD 6U,,,,,
ERICSSON,ROJ1192131/1,ETHERNET PCB,,,,,
ERICSSON,ROJ119216/1,ET-MC41,,,,,
ERICSSON,ROJ1192161/1,ET-MC41,,,,,
ERICSSON,ROJ1192161/2,ET-MC41155Mb/s 1prt,€164.3,$0.00,,,
ERICSSON,ROJ1192163/1,ET-MC121.5Mb/s 8,€109.5,$0.00,,,
ERICSSON,ROJ1192165/1,1R3A,,,,,
ERICSSON,ROJ1192187/14,PRINTED Board ASSEMB/RAX;RANDOM ACCESS A,€246.4,$0.00,,,
ERICSSON,ROJ1192187/2,RAX,,,,,
ERICSSON,ROJ1192187/3,RAX,,,,,
ERICSSON,ROJ1192187/6,RAX,,,,,
ERICSSON,ROJ1192188/1,STRAP BOARD,,,,,
ERICSSON,ROJ1192189/1,STRAP BOARD,,,,,
ERICSSON,ROJ1192201/1,MSB3;16DSP 600-850MH,€230.0,$0.00,,,
ERICSSON,ROJ1192201/2,MSB3,€208.1,$0.00,,,
ERICSSON,ROJ1192209/1,Control Base Unit Card CBU1,€164.3,$0.00,,,
ERICSSON,ROJ1192214/1,ET-M3,,,,,
ERICSSON,ROJ1192227/1,OPTOBOARD,,,,,
ERICSSON,ROJ1192232/1,ET-MFG;1000MB/S 2PRT,€191.7,$0.00,,,
ERICSSON,ROJ1192238/22,PRINTED Board ASSEMB/OBIF; OPTICAL BASEB,€109.5,$0.00,,,
ERICSSON,ROJ1192238/23,OB1F,,,,,
ERICSSON,ROJ1192240/1,OBIF,,,,,
ERICSSON,ROJ1192245/2,RUIF,,,,,
ERICSSON,ROJ1192254/6,TX6HS-06,,,,,
ERICSSON,ROJ1192254/7,PRINTED Board ASSEMB/TX6HS-03;TRANSMITTE,€219.0,$0.00,,,
ERICSSON,ROJ1192254/8,TX6HS-04,,,,,
ERICSSON,ROJ1192257/1,ET-C41,€410.7,$0.00,,,
ERICSSON,ROJ1192257/2,STM-1/OC-3,€219.0,$0.00,,,
ERICSSON,ROJ1192257/3,ET-C41,€356.0,$0.00,,,
ERICSSON,ROJ1192291/1,ET-MF4,€273.8,$0.00,,,
ERICSSON,ROJ1192315/2,ET-MFX,,,,,
ERICSSON,ROJ1192315/3,PRINTED Board ASSEMB/ET-MFX;V11 APP320,€273.8,$0.00,,,
ERICSSON,ROJ1192316/1,ET-MFX,,,,,
ERICSSON,ROJ1192316/2,ET-MFX,,,,,
ERICSSON,ROJ119232/1,0,,,,,
ERICSSON,ROJ1192324/1R1E,0,,,,,
ERICSSON,ROJ1192325/1,SAU3,€575.0,$0.00,,,
ERICSSON,ROJ1192325/1R1C,SAU3 ,€500.0,$0.00,,,
ERICSSON,ROJ1192331/1,MSB AMC Carrier,,,,,
ERICSSON,ROJ1192333/1,AMC DSP 6 4 3 Board,€328.6,$0.00,,,
ERICSSON,ROJ1192334/2,SCB-DF,€0.0,$0.00,,,
ERICSSON,ROJ1192334/3,SCB-TF,€197.1,$0.00,,,
ERICSSON,ROJ1192345/1,PRINTED Board ASSEMB/ET-IPG:1GB/S 4PRT X,€301.2,$0.00,,,
ERICSSON,ROJ1192364/1,2M UNBALANCED LTU ,,,,,
ERICSSON,ROJ1192403/1,SPB4,€164.3,$0.00,,,
ERICSSON,ROJ1192408/1,CES MAINBOARD,,,,,
ERICSSON,ROJ1192409/1,1 PORT 10GE LAN,,,,,
ERICSSON,ROJ1192413/1,FVPP,€492.9,$0.00,,,
ERICSSON,ROJ1314/1R18ROJ2081314/1,0,,,,,
ERICSSON,ROJ20401/41,TTA-1,,,,,
ERICSSON,ROJ204014/1,TTA-1,,,,,
ERICSSON,ROJ20403/1,ETC5,€54.8,$0.00,,,
ERICSSON,ROJ20406/1,DLHB.,€153.3,$0.00,,,
ERICSSON,ROJ204062/1,HUB,,,,,
ERICSSON,ROJ20407/1,IO2B,,,,,
ERICSSON,ROJ20408/1,RPG2,€180.7,$0.00,,,
ERICSSON,ROJ20408/2,RPG2-E,€191.7,$0.00,,,
ERICSSON,ROJ20408/3,RPG2-E,,,,,
ERICSSON,ROJ20412/2,CSR-D R2,,,,,
ERICSSON,ROJ20412/3,TCD,,,,,
ERICSSON,ROJ20412/31,CCD,€438.1,$0.00,,,
ERICSSON,ROJ20412/51,CAT,,,,,
ERICSSON,ROJ20412/52,TRU,,,,,
ERICSSON,ROJ20412/71,KRD-DM,,,,,
ERICSSON,ROJ20412/72,CSK-DM,,,,,
ERICSSON,ROJ20412/73,CSFSKDM,,,,,
ERICSSON,ROJ20414/1,ETCT1H,,,,,
ERICSSON,ROJ20416/4,RPP-BASIC,,,,,
ERICSSON,ROJ20416/5,RPP,,,,,
ERICSSON,ROJ20416/6,RPP,,,,,
ERICSSON,ROJ20416/7,RPP,€164.3,$0.00,,,
ERICSSON,ROJ20423/1,EPSB,,,,,
ERICSSON,ROJ20424/1,POU5V,,,,,
ERICSSON,ROJ20429/1,PCD-G,,,,,
ERICSSON,ROJ20430/2,M-AST 8H,,,,,
ERICSSON,ROJ20432/1,PDSPL2E,,,,,
ERICSSON,ROJ20440/1,CFB POWER,,,,,
ERICSSON,ROJ20440/2,CFB-POWER 2,,,,,
ERICSSON,ROJ20441/1,CFB-DATA1,,,,,
ERICSSON,ROJ20441/2,CFB-DATA2,,,,,
ERICSSON,ROJ20442/1,CFB-CLKU1,,,,,
ERICSSON,ROJ20442/2,CFB-CLKU1,,,,,
ERICSSON,ROJ20442/3,CFB-CLKU3,,,,,
ERICSSON,ROJ20443/2,RPG3,€109.5,$0.00,,,
ERICSSON,ROJ20450/1,EPS,€60.2,$0.00,,,
ERICSSON,ROJ204507/1,RP4-H.,€54.8,$0.00,,,
ERICSSON,ROJ206001/1,CCU-1,€164.3,$0.00,,,
ERICSSON,ROJ206002/1,CCU-2,,,,,
ERICSSON,ROJ206003/1,CCU-3,€164.3,$0.00,,,
ERICSSON,ROJ206006/1,EXRANG,,,,,
ERICSSON,ROJ207009/1,CPU-60/C1,€547.6,$0.00,,,
ERICSSON,ROJ207011/1,VSA,,,,,
ERICSSON,ROJ207012/1,LUM,,,,,
ERICSSON,ROJ207012/3,LUM 4V,,,,,
ERICSSON,ROJ207012/5,LUM 4E0,,,,,
ERICSSON,ROJ207012/6,LUM 3V 1ETH,,,,,
ERICSSON,ROJ207013/1,ALCPU,,,,,
ERICSSON,ROJ207014/1,ALEXP,,,,,
ERICSSON,ROJ207015/2,POU5V12V12V,,,,,
ERICSSON,ROJ207017/1,ESDCV,,,,,
ERICSSON,ROJ207019/1,SPIB,,,,,
ERICSSON,ROJ207020/1,EMKRIP,,,,,
ERICSSON,ROJ207021/1,DMAMIM,,,,,
ERICSSON,ROJ207022/1,DLBUF,,,,,
ERICSSON,ROJ2070220/1,,,,,,
ERICSSON,ROJ207023/1,ASTKR32,,,,,
ERICSSON,ROJ207024/1,SMIS,,,,,
ERICSSON,ROJ207025/1,ASTROM,,,,,
ERICSSON,ROJ207026/1,ASTRAM,,,,,
ERICSSON,ROJ207027/1,HDU,,,,,
ERICSSON,ROJ207028/1,RPIO,,,,,
ERICSSON,ROJ207029/3,RBPI-P,,,,,
ERICSSON,ROJ207030/1,RPBI-S,,,,,
ERICSSON,ROJ207030/2,RPBI-S,€153.3,$0.00,,,
ERICSSON,ROJ207032/1,POU-R,€120.5,$0.00,,,
ERICSSON,ROJ207047/5,SPU,,,,,
ERICSSON,ROJ207048/1,MAU,,,,,
ERICSSON,ROJ207048/2,MAU,,,,,
ERICSSON,ROJ207054/1,SRSB2,,,,,
ERICSSON,ROJ207056/1,RP4-F,,,,,
ERICSSON,ROJ207063/1,CCB,,,,,
ERICSSON,ROJ207064/1,RCLB,,,,,
ERICSSON,ROJ207065/1,CLB,,,,,
ERICSSON,ROJ207066/1,ICB,,,,,
ERICSSON,ROJ207067/1,RMGIB,,,,,
ERICSSON,ROJ207072/1,RPV2,,,,,
ERICSSON,ROJ207077/1,OD-HD,,,,,
ERICSSON,ROJ207085/1,"OD 3.5""",,,,,
ERICSSON,ROJ207085/2,OD 3 5,,,,,
ERICSSON,ROJ207085/3,"OD 3.5"" 2.3",,,,,
ERICSSON,ROJ207091/1,CTB,€54.8,$0.00,,,
ERICSSON,ROJ207093/1,155QUEX,,,,,
ERICSSON,ROJ207101/1,,,,,,
ERICSSON,ROJ207103/1,BAS CONTROL UNIT,,,,,
ERICSSON,ROJ207108/2,SNI-E1,,,,,
ERICSSON,ROJ207109/1,00wW45,,,,,
ERICSSON,ROJ207110/1,OD-HD,,,,,
ERICSSON,ROJ207110/2,OD-HD,,,,,
ERICSSON,ROJ207113/1,DLNB,,,,,
ERICSSON,ROJ207124/2,IPNA,€219.0,$0.00,,,
ERICSSON,ROJ207129/1,RPIO2,€169.8,$0.00,,,
ERICSSON,ROJ207132/2,ALI 2 ,,,,,
ERICSSON,ROJ207141/1,UPBB3,€273.8,$0.00,,,
ERICSSON,ROJ207142/1,PCIH,€766.7,$0.00,,,
ERICSSON,ROJ207143/1,POU-C,€301.2,$0.00,,,
ERICSSON,ROJ207144/1,RPHMI,€383.3,$0.00,,,
ERICSSON,ROJ20718/1,SPDB,,,,,
ERICSSON,ROJ20719/1,SPIB,€120.5,$0.00,,,
ERICSSON,ROJ20720/1,TS4B,€136.9,$0.00,,,
ERICSSON,ROJ207201/1,ECP4,,,,,
ERICSSON,ROJ207202/1,TRA R5B,€54.8,$0.00,,,
ERICSSON,ROJ207212/1,ET 155 SC,,,,,
ERICSSON,ROJ20725/1,STM1 ET155E HOT-0,,,,,
ERICSSON,ROJ20726/1,ET155E-HOT-E,,,,,
ERICSSON,ROJ20727/1,ET155E_LOT,,,,,
ERICSSON,ROJ207503/1,IPNX,€301.2,$0.00,,,
ERICSSON,ROJ208104/1,IBE1,,,,,
ERICSSON,ROJ208104/2,IBEN,,,,,
ERICSSON,ROJ208124/1,PEBv2 Board AIMg2 -5,€136.9,$0.00,,,
ERICSSON,ROJ208128/1,GPBv3 (General Processing Board version 3) PRINTED,€164.3,$0.00,,,
ERICSSON,ROJ208128/2,FSBV3,,,,,
ERICSSON,ROJ208130/1,PEBv3,€136.9,$0.00,,,
ERICSSON,ROJ2081304/1,MMU2 C 4-64,,,,,
ERICSSON,ROJ2081304/10,MMU2 C,€109.5,$0.00,,,
ERICSSON,ROJ2081305/1,MMU2 D,€142.4,$0.00,,,
ERICSSON,ROJ2081305/1R2A,0,,,,,
ERICSSON,ROJ2081308/1,Board MMU2H,€142.4,$0.00,,,
ERICSSON,ROJ2081308/1R3A,0,,,,,
ERICSSON,ROJ2081308/4,0,,,,,
ERICSSON,ROJ2081311/1,MMU3 A,€219.0,$0.00,,,
ERICSSON,ROJ2081313/1,NPU1 D,,,,,
ERICSSON,ROJ2081314/1,0,,,,,
ERICSSON,ROJ2081314/1R1B,0,,,,,
ERICSSON,ROJ2081317/1,0,,,,,
ERICSSON,ROJ208132/4,IBASV3,,,,,
ERICSSON,ROJ208135/10,PRINTED Board ASSEMB/ISER GIGE 1000BASE-,€273.8,$0.00,,,
ERICSSON,ROJ208135/20,ISER GIGE,,,,,
ERICSSON,ROJ208135/30,Board,€0.0,$0.00,,,
ERICSSON,ROJ208137/1,FSBv4,,,,,
ERICSSON,ROJ208138/1,PEBv4,,,,,
ERICSSON,ROJ208143/1,IBTEv4,,,,,
ERICSSON,ROJ208143/10,IBASv4,,,,,
ERICSSON,ROJ208143/2,PRINTED Board ASSEMB/IBENV4 ,€175.2,$0.00,,,
ERICSSON,ROJ208143/9,IBS7v4,,,,,
ERICSSON,ROJ20816/1,GARP-1,,,,,
ERICSSON,ROJ20816/3,GARP-1,€164.3,$0.00,,,
ERICSSON,ROJ208201/1,TAU,,,,,
ERICSSON,ROJ208202/1,AUBA41,,,,,
ERICSSON,ROJ208203/1,AUP-41,,,,,
ERICSSON,ROJ208203/3,AUP-41,,,,,
ERICSSON,ROJ208204/1,AUP51,,,,,
ERICSSON,ROJ208208/1,AUS,,,,,
ERICSSON,ROJ208221/1,TAU-C,,,,,
ERICSSON,ROJ208223/1,AUS-C,,,,,
ERICSSON,ROJ208224/1,AUS-P,,,,,
ERICSSON,ROJ208304/1,XDB,€301.2,$0.00,,,
ERICSSON,ROJ208304/2,XDB-2,€383.3,$0.00,,,
ERICSSON,ROJ208305/1,XNB BOARD,€273.8,$0.00,,,
ERICSSON,ROJ208306/1,ET155-1-0,€219.0,$0.00,,,
ERICSSON,ROJ208306/2,R1F,€0.0,$0.00,,,
ERICSSON,ROJ208312/1,DLEB,€219.0,$0.00,,,
ERICSSON,ROJ208314/1,CL890 CGB,€164.3,$0.00,,,
ERICSSON,ROJ208314/2,CGB-2 CLM890,€197.1,$0.00,,,
ERICSSON,ROJ208315/1,CDB,€71.2,$0.00,,,
ERICSSON,ROJ208316/1,PRINTED Board ASSEMB - IRB  (APT 1.5),€110.6,$0.00,,,
ERICSSON,ROJ208319/1,ALIEB,,,,,
ERICSSON,ROJ208323/1,SCB-RP,€175.2,$0.00,,,
ERICSSON,ROJ208323/3,SCB-RP,€186.2,$0.00,,,
ERICSSON,ROJ208323/4,SCB-RP,€197.1,$0.00,,,
ERICSSON,ROJ208325/1,STEB,€54.8,$0.00,,,
ERICSSON,ROJ208326/1,PGW Board,€164.3,$0.00,,,
ERICSSON,ROJ208351/1,CSPB,€76.7,$0.00,,,
ERICSSON,ROJ208357/1,MMU2 E 155,,,,,
ERICSSON,ROJ208357/2,0,,,,,
ERICSSON,ROJ208357/2R1E,0,,,,,
ERICSSON,ROJ208364/2,ISLB Board,€410.7,$0.00,,,
ERICSSON,ROJ208365/10,Board,€438.1,$0.00,,,
ERICSSON,ROJ208367/1,EXB2B,,,,,
ERICSSON,ROJ208368/10,PRINTED Board ASSEMB/XB5-LE PIU,€547.6,$0.00,,,
ERICSSON,ROJ208371/4,GSM BSC MPP4-GE,€711.9,$0.00,,,
ERICSSON,ROJ208385/1,( 22P ) EXB5,€0.0,$0.00,,,
ERICSSON,ROJ208386/2,SCXB2,€492.9,$0.00,,,
ERICSSON,ROJ208392/1,CMXB3 EGEM2,€131.4,$0.00,,,
ERICSSON,ROJ208394/1,EPB1 ,€356.0,$0.00,,,
ERICSSON,ROJ208394/2,EPB1; 2*8 cores 1500MHz 8+8GB/8GB XAUI,€0.0,$0.00,,,
ERICSSON,ROJ208395/1,SCXB3 Board,€602.4,$0.00,,,
ERICSSON,ROJ208406/2,PM-ETH,,,,,
ERICSSON,ROJ208409/1,Patch Panel,,,,,
ERICSSON,ROJ208409/10,PATCHPANEL,,,,,
ERICSSON,ROJ208409/2,Patch Panel,,,,,
ERICSSON,ROJ208409/3,Patch Panel,,,,,
ERICSSON,ROJ208409/4,Patch Panel,,,,,
ERICSSON,ROJ208409/5,Patch Panel,,,,,
ERICSSON,ROJ208409/6,Patch Panel,,,,,
ERICSSON,ROJ208409/7,Patch Panel,,,,,
ERICSSON,ROJ208409/9,Patch Panel,,,,,
ERICSSON,ROJ208410/2,GESB,€164.3,$0.00,,,
ERICSSON,ROJ208410/3,GESB,€197.1,$0.00,,,
ERICSSON,ROJ208423/2,SCB-RP,,,,,
ERICSSON,ROJ208423/3,SCB-RP,€164.3,$0.00,,,
ERICSSON,ROJ208425/1,PM,,,,,
ERICSSON,ROJ208426/1,PM-ETH,,,,,
ERICSSON,ROJ208427/1,PM-E1/T1,,,,,
ERICSSON,ROJ208428/1,PMD-ETH,,,,,
ERICSSON,ROJ208429/1,PMDM-ETH,,,,,
ERICSSON,ROJ208431/1,0,,,,,
ERICSSON,ROJ208432/1,SMU2,€219.0,$0.00,,,
ERICSSON,ROJ208435/1,IPNAX,,,,,
ERICSSON,ROJ208435/2,IPNAX,,,,,
ERICSSON,ROJ208436/1,RPBI-S.,€169.8,$0.00,,,
ERICSSON,ROJ208437/1,POWC,,,,,
ERICSSON,ROJ208438/1,SPU.,€131.4,$0.00,,,
ERICSSON,ROJ208439/1,IPU.,€208.1,$0.00,,,
ERICSSON,ROJ208442/2,MAU,€164.3,$0.00,,,
ERICSSON,ROJ208443/1,PPB-SS7,,,,,
ERICSSON,ROJ208444/2,PM-E1/T1,,,,,
ERICSSON,ROJ208446/1,PM,,,,,
ERICSSON,ROJ208447/1,PM-E1/T1,,,,,
ERICSSON,ROJ208448/1,PMD,,,,,
ERICSSON,ROJ208450/1,PM.,€197.1,$0.00,,,
ERICSSON,ROJ208451/2,PM-E1/T1,€164.3,$0.00,,,
ERICSSON,ROJ208452/1,PMD.,€383.3,$0.00,,,
ERICSSON,ROJ208453/1,PMDM.,€766.7,$0.00,,,
ERICSSON,ROJ208454/1,GEP2-12GB4F Board,€602.4,$0.00,,,
ERICSSON,ROJ208459/1,Transmission Interface Board,€0.0,$0.00,,,
ERICSSON,ROJ208460/2,PRINTED Board ASSEMB/MAUB,€142.4,$0.00,,,
ERICSSON,ROJ208460/3,MAUB   ,,,,,
ERICSSON,ROJ208460/4,MAUB,,,,,
ERICSSON,ROJ208461/1,RPBI-S,,,,,
ERICSSON,ROJ208465/1,NWI-E 450A,€575.0,$0.00,,,
ERICSSON,ROJ208467/1,EVOET,,,,,
ERICSSON,ROJ208467/2,EVOET; 155Mb/s - ATM/TDM/IP,,,,,
ERICSSON,ROJ208482/4,SMXB 20E PRINTED BOARD ASSEMBLY,,,,,
ERICSSON,ROJ208482/40,SMXB-20E Board,€0.0,$0.00,,,
ERICSSON,ROJ208504/1,CMXB,€273.8,$0.00,,,
ERICSSON,ROJ208754/1,CSPB 2.0 (TRA R7),€219.0,$0.00,,,
ERICSSON,ROJ208754/1R2A,Board,€287.5,$0.00,,,
ERICSSON,ROJ208810/1,CPUB-4,,,,,
ERICSSON,ROJ208811/1,GEP-4GBD,€1 -150.0,$0.00,,,
ERICSSON,ROJ208813/2,Board,€821.4,$0.00,,,
ERICSSON,ROJ208814/11,CPUB-8,,,,,
ERICSSON,ROJ208814/2,GEP2-12GB Board,€465.5,$0.00,,,
ERICSSON,ROJ208815/2,PRINTED Board ASSEMB/GEP2-12G SAS,€361.4,$0.00,,,
ERICSSON,ROJ208820/5,GEP5 48GB,€273.8,$0.00,,,
ERICSSON,ROJ208821/3,GEP3-24 GB,€109.5,$0.00,,,
ERICSSON,ROJ208830/2,GEP2-E1/T1,,,,,
ERICSSON,ROJ208830/3,GEP3-E1T1,€98.6,$0.00,,,
ERICSSON,ROJ208831/2,PRINTED Board ASSEMB/GEP2-8-E1/T1,€0.0,$0.00,,,
ERICSSON,ROJ208840/11,APG43 Board,€711.9,$0.00,,,
ERICSSON,ROJ208840/3,GEP3-HD300,€657.1,$0.00,,,
ERICSSON,ROJ208840/5,GPEP5-400,€0.0,$0.00,,,
ERICSSON,ROJ208841/2,R4A GEP2-4-QC-HD Board,€339.5,$0.00,,,
ERICSSON,ROJ208841/21,APUB2,,,,,
ERICSSON,ROJ208842/3,GEP3-SSD,€438.1,$0.00,,,
ERICSSON,ROJ208842/5,GEP5-1200,,,,,
ERICSSON,ROJ208844/3,GEP3-HD600,€147.9,$0.00,,,
ERICSSON,ROJ208861/2,CPUB-24,,,,,
ERICSSON,ROJ208863/2,CPUB - 32,,,,,
ERICSSON,ROJ208864/2,CPUB2-12QC,,,,,
ERICSSON,ROJ208865/2,,,,,,
ERICSSON,ROJ208866/5,GEP5-64 Board,€136.9,$0.00,,,
ERICSSON,ROJ208867/5,GEP5-64-1200 Board,€0.0,$0.00,,,
ERICSSON,ROJ208880/1,GED-SASF,,,,,
ERICSSON,ROJ208880/2,GED-SASF 300GB,€273.8,$0.00,,,
ERICSSON,ROJ208880/21,GED-SASF,,,,,
ERICSSON,ROJ208880/3,GED-450GB,,,,,
ERICSSON,ROJ208880/4,GED-600GB,,,,,
ERICSSON,ROJ208882/1,PRINTED Board ASSEMB/GED-DVD,€219.0,$0.00,,,
ERICSSON,ROJ208882/2,GED-DVD,,,,,
ERICSSON,ROJ208890/1,GEA,€164.3,$0.00,,,
ERICSSON,ROJ208890/2,GEA,,,,,
ERICSSON,ROJ21104/1,NPU3D,€172.5,$0.00,,,
ERICSSON,ROJ21111/1,DU-2,,,,,
ERICSSON,ROJ21112/1,DU-3,,,,,
ERICSSON,ROJ212204/1,DSU-S,,,,,
ERICSSON,ROJ212206/1,MAU,€175.2,$0.00,,,
ERICSSON,ROJ212206/2,MAU,€197.1,$0.00,,,
ERICSSON,ROJ212206/3,MAU-33,€219.0,$0.00,,,
ERICSSON,ROJ212207/1,POU-C,,,,,
ERICSSON,ROJ212213/1,DSU-D,€164.3,$0.00,,,
ERICSSON,ROJ212215/1,BMU,€54.8,$0.00,,,
ERICSSON,ROJ212228/3,IPU,,,,,
ERICSSON,ROJ212228/4,IPU,,,,,
ERICSSON,ROJ212229/2,SPU,,,,,
ERICSSON,ROJ212232/1,POWC,€207.0,$0.00,,,
ERICSSON,ROJ212233/1,IPU,,,,,
ERICSSON,ROJ212234/1,SPU,€120.5,$0.00,,,
ERICSSON,ROJ212238/2,IPU,€405.2,$0.00,,,
ERICSSON,ROJ212239/1,POWC,,,,,
ERICSSON,ROJ2308143/10,IBASv4,,,,,
ERICSSON,ROJ237003/1,CB-ET155,,,,,
ERICSSON,ROJ237005/1,OC-3,,,,,
ERICSSON,ROJ237008/1,ET622S4.1,,,,,
ERICSSON,ROJ237011/1,CB-ET45,,,,,
ERICSSON,ROJ237012/1,CB ET155,,,,,
ERICSSON,ROJ237014/2,CE E1,,,,,
ERICSSON,ROJ237057/1,CB ET2,,,,,
ERICSSON,ROJ237065/2,CB,,,,,
ERICSSON,ROJ237068/1,CLK S3,,,,,
ERICSSON,ROJ237069/1,CP 103,,,,,
ERICSSON,ROJ237073/1,CB ET FR E1T1,,,,,
ERICSSON,ROJ237077/1,ET 2x155,,,,,
ERICSSON,ROJ237079/1,CP-IO4,,,,,
ERICSSON,ROJ237081/1,CP-105,,,,,
ERICSSON,ROJ237081/2,CP-105,,,,,
ERICSSON,ROJ237083/1,ETGBE,,,,,
ERICSSON,ROJ237083/2,CP-105,,,,,
ERICSSON,ROJ237276/1,VPB3-1,,,,,
ERICSSON,ROJ238007/1,SCB_20G,,,,,
ERICSSON,ROJ238077/29003,1554.13 TET-S 01W25,,,,,
ERICSSON,ROJ238080/1,Mux SC/PC Long Wavelength Mstr,,,,,
ERICSSON,ROJ238081/1,DeMux SC/PC Long Wavelength Mstr,,,,,
ERICSSON,ROJ238085/1,PreAmp +14dBm/32Ch H Gain - SC/PC,,,,,
ERICSSON,ROJ238085/2,OFA 14DBM-HG,,,,,
ERICSSON,ROJ238086/2,CPB3,,,,,
ERICSSON,ROJ238094/1,PowerAmp +17dBm/32Ch H Gain -SC/PC,,,,,
ERICSSON,ROJ238098/1,ATB4,,,,,
ERICSSON,ROJ238099/1,PowerAmp +20dBm/32Ch H Gain -SC/PC,,,,,
ERICSSON,ROJ238108/1,Control-PBA - SC/PC OSC-EAST/WEST,,,,,
ERICSSON,ROJ238109/23003,TET-SC MH 0.1-2.5GB/s - J0/B1,,,,,
ERICSSON,ROJ238109/24003,TET-SC MH 0.1-2.5GB/s - J0/B1,,,,,
ERICSSON,ROJ238109/25003,TET-SC MH 0.1-2.5GB/s - J0/B1,,,,,
ERICSSON,ROJ238109/26003,TET-SC MH 0.1-2.5GB/s - J0/B1,,,,,
ERICSSON,ROJ238109/26005,TET - SC LH 0.,,,,,
ERICSSON,ROJ238109/27003,TET-SC MH 0.1-2.5GB/s - J0/B1,,,,,
ERICSSON,ROJ238109/28003,TET-SC MH 0.1-2.5GB/s - J0/B1,,,,,
ERICSSON,ROJ238109/29003,TET-SC MH 0.1-2.5GB/s - J0/B1,,,,,
ERICSSON,ROJ238109/30003,TET-SC MH 0.1-2.5GB/s - J0/B1,,,,,
ERICSSON,ROJ238109/31003,TET-SC MH 0.1-2.5GB/s - J0/B1,,,,,
ERICSSON,ROJ238109/32003,TET-SC MH 0.1-2.5GB/s - J0/B1,,,,,
ERICSSON,ROJ238109/33003,TET-SC MH 0.1-2.5GB/s - J0/B1,,,,,
ERICSSON,ROJ238109/34003,TET-SC MH 0.1-2.5GB/s - J0/B1,,,,,
ERICSSON,ROJ238109/35003,TET-SC MH 0.1-2.5GB/s - J0/B1,,,,,
ERICSSON,ROJ238109/36003,TET-SC MH 0.1-2.5GB/s - J0/B1,,,,,
ERICSSON,ROJ238109/37003,TET-SC MH 0.1-2.5GB/s - J0/B1,,,,,
ERICSSON,ROJ238109/38003,TET-SC MH 0.1-2.5GB/s - J0/B1,,,,,
ERICSSON,ROJ238109/39003,TET-SC MH 0.1-2.5GB/s - J0/B1,,,,,
ERICSSON,ROJ238109/40003,TET-SC MH 0.1-2.5GB/s - J0/B1,,,,,
ERICSSON,ROJ238109/41003,TET-SC MH 0.1-2.5GB/s - J0/B1,,,,,
ERICSSON,ROJ238109/42003,TET-SC MH 0.1-2.5GB/s - J0/B1,,,,,
ERICSSON,ROJ238109/44003,TET-SC MH 0.1-2.5GB/s - J0/B1,,,,,
ERICSSON,ROJ238109/45003,TET-SC MH 0.1-2.5GB/s - J0/B1,,,,,
ERICSSON,ROJ238109/46003,TET-SC MH 0.1-2.5GB/s - J0/B1,,,,,
ERICSSON,ROJ238109/46005,TET-SC LH 0.,,,,,
ERICSSON,ROJ238109/47003,TET-SC MH 0.1-2.5GB/s - J0/B1,,,,,
ERICSSON,ROJ238109/48003,TET-SC MH 0.1-2.5GB/s - J0/B1,,,,,
ERICSSON,ROJ238109/49003,TET-SC MH 0.1-2.5GB/s - J0/B1,,,,,
ERICSSON,ROJ238109/50003,TET-SC MH 0.1-2.5GB/s - J0/B1,,,,,
ERICSSON,ROJ238109/51003,TET-SC MH 0.1-2.5GB/s - J0/B1,,,,,
ERICSSON,ROJ238109/52003,TET-SC MH 0.1-2.5GB/s - J0/B1,,,,,
ERICSSON,ROJ238109/54003,TET-SC MH 0.1-2.5GB/s - J0/B1,,,,,
ERICSSON,ROJ238112/1,SCB,,,,,
ERICSSON,ROJ238114/2,Mux SC/PC Short Wavelength Sl,,,,,
ERICSSON,ROJ238116/2,DeMux SC/PC Short Wavelength Sl,,,,,
ERICSSON,ROJ238118/1,Control-PBA - without OSC,,,,,
ERICSSON,ROJ238119/2,CTB,,,,,
ERICSSON,ROJ238131/1,CPB5,,,,,
ERICSSON,ROJ238131/2,ACP,,,,,
ERICSSON,ROJ238131/3,CPB5-SAS,,,,,
ERICSSON,ROJ238140/1,ATB5,,,,,
ERICSSON,ROJ238141/2,ACP,,,,,
ERICSSON,ROJ238141/3,ACP-SCSI ,,,,,
ERICSSON,ROJ238145/1,PTB3,,,,,
ERICSSON,ROJ238146/1,PTB2,,,,,
ERICSSON,ROJ238221/2,CPB6,,,,,
ERICSSON,ROJ238222/1,AT-VPB,,,,,
ERICSSON,ROJ60405/1,BACKPLANE,,,,,
ERICSSON,ROJ60406/1,BACKPLANE,,,,,
ERICSSON,ROJ60408/1,BACKPLANE,,,,,
ERICSSON,ROJ605003/1,SPVM BOARD ,,,,,
ERICSSON,ROJ605004/1,SPVSM,,,,,
ERICSSON,ROJ605006/1,BACKPLANE,,,,,
ERICSSON,ROJ605007/1,BACKPLANE,,,,,
ERICSSON,ROJ605011/1,BACKPLANE,,,,,
ERICSSON,ROJ605017/1,ET4-1,,,,,
ERICSSON,ROJ60509/1,BACKPLANE,,,,,
ERICSSON,ROJ60515/1,BACKPLANE,,,,,
ERICSSON,ROJ60516/1,BACKPLANE,,,,,
ERICSSON,ROJ605203/1,BACKPLANE,,,,,
ERICSSON,ROJ609002/1,CL128M_SX -B,,,,,
ERICSSON,ROJ609003/1,CL128M_DX,,,,,
ERICSSON,ROJ6090601/1,CMAG64,,,,,
ERICSSON,ROJ6090602/1,SMAG4,,,,,
ERICSSON,ROJ6090604/1,BACKPLANE,,,,,
ERICSSON,ROJH207001/1,MERED (TRA R5),€0.0,$0.00,,,
ERICSSON,ROJR208001/1,NPU 8x2,,,,,
ERICSSON,ROJR208002/1,LTU 16x2,€0.0,$0.00,,,
ERICSSON,ROJR208002/3,LTU16/1,,,,,
ERICSSON,ROJR208003/1,LTU 155 o/e,€219.0,$0.00,,,
ERICSSON,ROJR208003/2,0,,,,,
ERICSSON,ROJR208006/1,NPU18,,,,,
ERICSSON,ROJR208008/1,ETU2,€115.0,$0.00,,,
ERICSSON,ROJR208011/1,NPU1,€241.0,$0.00,,,
ERICSSON,ROJR208012/1,ETU 2B,€115.0,$0.00,,,
ERICSSON,ROJR211001/1,PFU1,€115.0,$0.00,,,
ERICSSON,ROJR211002/1,NPU2,€115.0,$0.00,,,
ERICSSON,ROJR211004/1,NPU3,€115.0,$0.00,,,
ERICSSON,ROJR211005/1,LTU3 12/1,,,,,
ERICSSON,ROJR211006/1,NPU3 B,,,,,
ERICSSON,ROJR211006/2,NPU3 C,€101.9,$0.00,,,
ERICSSON,ROJR211007/1,ETU3,€115.0,$0.00,,,
ERICSSON,ROJR219011/1,FAU2 (included in 6p B kit).,€109.5,$0.00,,,
ERICSSON,ROJR219012/1,PFU3,,,,,
ERICSSON,ROJR219014/1,PFU3B,€115.0,$0.00,,,
ERICSSON,ROY101027/1,,,,,,
ERICSSON,RPM251089/3000,Cable,,,,,
ERICSSON,RPM1132324/3,CABLE,,,,,
ERICSSON,RPM11336836/2600,CABLE,,,,,
ERICSSON,RPM1135376/30M,CABLE,,,,,
ERICSSON,RPM1136248/10M,CABLE,,,,,
ERICSSON,RPM1136248/25M,CABLE,,,,,
ERICSSON,RPM1136329/900,CABLE,,,,,
ERICSSON,RPM1136448/30M,CABLE,,,,,
ERICSSON,RPM1136448/60M,CABLE,,,,,
ERICSSON,RPM1136449/10M,CABLE,,,,,
ERICSSON,RPM1136449/25M,CABLE,,,,,
ERICSSON,RPM1136449/30M,CABLE,,,,,
ERICSSON,RPM1136556/1000,Cable,,,,,
ERICSSON,RPM1136556/1300,Cable,,,,,
ERICSSON,RPM1136556/1500,CABLE,,,,,
ERICSSON,RPM1136556/1700,Cable,,,,,
ERICSSON,RPM1136556/2000,Cable,,,,,
ERICSSON,RPM1136556/2200,CABLE,,,,,
ERICSSON,RPM1136558/1700,CABLE,,,,,
ERICSSON,RPM1136836/1200,CABLE,,,,,
ERICSSON,RPM1136836/1700,CABLE,,,,,
ERICSSON,RPM1136836/2100,CABLE,,,,,
ERICSSON,RPM1136836/2200,CABLE,,,,,
ERICSSON,RPM1136836/2600,Cable,,,,,
ERICSSON,RPM1190235/10M,OMS1410_32xE1 LFH Cable 10m,,,,,
ERICSSON,RPM1190235/25M,32xE1 LFH cable for use with patch panel -- 25 meters,,,,,
ERICSSON,RPM1190235/3M,OMS1410_32xE1 LFH cable  3 m,,,,,
ERICSSON,RPM1190285/01000,CABLE,,,,,
ERICSSON,RPM1190328/00680,Cable,,,,,
ERICSSON,RPM1190457/00150,CABLE,,,,,
ERICSSON,RPM1190629/10000,SPO CABLE 32XE1 LFH 60deg 10M,,,,,
ERICSSON,RPM1190677/3M,MULTIWIRE CABLE,,,,,
ERICSSON,RPM119342/3,,,,,,
ERICSSON,RPM136329/900,CABLE,,,,,
ERICSSON,RPM25105/030,CABLE,,,,,
ERICSSON,RPM251089/3000,POWER CABLE ,,,,,
ERICSSON,RPM251095/3000,Power Cable - System 1400,,,,,
ERICSSON,RPM251121/3000,Cable,,,,,
ERICSSON,RPM25123/030,CABLE,,,,,
ERICSSON,RPM2530292/10M,,,,,,
ERICSSON,RPM2531610/100M,,,,,,
ERICSSON,RPM2531610/20M,20米野战光缆LC-LC,,,,,
ERICSSON,RPM2531610/50M,50米野战光缆LC-LC,,,,,
ERICSSON,RPM2531633/100M,100米野战光缆LC-LC,,,,,
ERICSSON,RPM2533512/100M,,,,,,
ERICSSON,RPM2534891/2000,OPTICAL SIGNAL CABLE,€5 -750.0,$0.00,,,
ERICSSON,RPM5131667/00600,CABLE,,,,,
ERICSSON,RPM5131667/00900,CABLE,,,,,
ERICSSON,RPM5131668/00700,CABLE,,,,,
ERICSSON,RPM5131669/00350,CABLE,,,,,
ERICSSON,RPM5131669/00650,CABLE,,,,,
ERICSSON,RPM5131669/00850,CABLE,,,,,
ERICSSON,RPM5131669/01000,CABLE,,,,,
ERICSSON,RPM5131673/00350,CABLE,,,,,
ERICSSON,RPM5131673/00400,CABLE,,,,,
ERICSSON,RPM5131673/00450,CABLE,,,,,
ERICSSON,RPM5131675/00400,CABLE,,,,,
ERICSSON,RPM5131734/00445,CABLE,,,,,
ERICSSON,RPM5131734/00630,CABLE,,,,,
ERICSSON,RPM5131737/00900,CABLE,,,,,
ERICSSON,RPM5131737/01200,CABLE,,,,,
ERICSSON,RPM5131737/01700,CABLE,,,,,
ERICSSON,RPM5131782/00230,CABLE,,,,,
ERICSSON,RPM5131782/00310,CABLE,,,,,
ERICSSON,RPM5131782/00410,CABLE,,,,,
ERICSSON,RPM5131782/00550,Cable,,,,,
ERICSSON,RPM5131893/00210,CABLE,,,,,
ERICSSON,RPM5131893/00230,CABLE,,,,,
ERICSSON,RPM5131893/00390,CABLE,,,,,
ERICSSON,RPM5132165/00700,CABLE,,,,,
ERICSSON,RPM5132165/01000,CABLE,,,,,
ERICSSON,RPM513217/00600,CABLE,,,,,
ERICSSON,RPM5132170/01500,CABLE,,,,,
ERICSSON,RPM5132171/00600,CABLE,,,,,
ERICSSON,RPM5132174/00380,CABLE,,,,,
ERICSSON,RPM5132175/00720,CABLE,,,,,
ERICSSON,RPM5132175/0500,CABLE,,,,,
ERICSSON,RPM5132177/00300,CABLE,,,,,
ERICSSON,RPM5132197/00360,CABLE,,,,,
ERICSSON,RPM513505/2,CABLE,,,,,
ERICSSON,RPM513515/2,,,,,,
ERICSSON,RPM513699/00205,CABLE,,,,,
ERICSSON,RPM5176906/01,IF Jumper,,,,,
ERICSSON,RPM603656/550,CABLE,,,,,
ERICSSON,RPM603668/2500,OEM Kraft 2 -5 m,,,,,
ERICSSON,RPM603698/1,Power Cable,,,,,
ERICSSON,RPM77701/00180,CABLE,,,,,
ERICSSON,RPM77701/00250,CABLE,,,,,
ERICSSON,RPM77701/00300,Ericsson RJ45 signal cable - 0.3m,,,,,
ERICSSON,RPM77701/00600,CABLE,,,,,
ERICSSON,RPM77701/00700,CABLE,,,,,
ERICSSON,RPM77701/02000,CABLE,,,,,
ERICSSON,RPM77701/02200,CABLE,,,,,
ERICSSON,RPM77704/00500,CABLE,,,,,
ERICSSON,RPM77705/00225,CABLE,,,,,
ERICSSON,RPM77705/00320,CABLE,,,,,
ERICSSON,RPM77705/00600,CABLE,,,,,
ERICSSON,RPM77706/00360,CABLE,,,,,
ERICSSON,RPM77706/00390,CABLE,,,,,
ERICSSON,RPM77706/00420,CABLE,,,,,
ERICSSON,RPM77709/00600,CABLE,,,,,
ERICSSON,RPM77710/00380,CABLE,,,,,
ERICSSON,RPM777122/00950,CABLE,,,,,
ERICSSON,RPM777122/01500,CABLE,,,,,
ERICSSON,RPM777129/00350,CABLE,,,,,
ERICSSON,RPM777129/00400,CABLE,,,,,
ERICSSON,RPM777129/00570,CABLE,,,,,
ERICSSON,RPM777131/02700,CABLE,,,,,
ERICSSON,RPM77715/00700,CABLE,,,,,
ERICSSON,RPM77715/01800,CABLE,,,,,
ERICSSON,RPM777157/02000,CABLE,,,,,
ERICSSON,RPM777158/02700,CABLE,,,,,
ERICSSON,RPM77716/00300,CABLE,,,,,
ERICSSON,RPM77716/00400,CABLE,,,,,
ERICSSON,RPM77716/01200,CABLE,,,,,
ERICSSON,RPM77716/01800,CABLE,,,,,
ERICSSON,RPM777190/00270,CABLE,,,,,
ERICSSON,RPM777190/00600,CABLE,,,,,
ERICSSON,RPM777190/01000,Cable,,,,,
ERICSSON,RPM777190/02400,CABLE,,,,,
ERICSSON,RPM777191/02400,CABLE,,,,,
ERICSSON,RPM777193/00160,CABLE,,,,,
ERICSSON,RPM777193/00200,CABLE,,,,,
ERICSSON,RPM777193/00315,CABLE,,,,,
ERICSSON,RPM777193/00600,CABLE,,,,,
ERICSSON,RPM777193/01000,,,,,,
ERICSSON,RPM777196/00700,CABLE,,,,,
ERICSSON,RPM777204/00500,Cable,,,,,
ERICSSON,RPM777207/01700,CABLE,,,,,
ERICSSON,RPM777263/01000,,,,,,
ERICSSON,RPM777277/00900,CABLE,,,,,
ERICSSON,RPM777279/00360,Signal cable HS(m) - HS(m). 0 -36m,,,,,
ERICSSON,RPM777279/01000,Signal cable HS(m) - HS(m) - Im,,,,,
ERICSSON,RPM777298/02000,CABLE,,,,,
ERICSSON,RPM77731/00370,CABLE,,,,,
ERICSSON,RPM77731/01000,CABLE,,,,,
ERICSSON,RPM777417/01000,Signal cable Xcede 16 pin(m) - Xcede 16 pin(m) - 1m,,,,,
ERICSSON,RPM777484/01500,SIGNAL CABLE ,€5 -750.0,$0.00,,,
ERICSSON,RPM777526/02000,2米电源线6630级联用,,,,,
ERICSSON,RPM777528/02500,Power cable for Baseband 6630 - Ericsson custom - open end - 2.5m Cable,,,,,
ERICSSON,RPM77769/1,CABLE,,,,,
ERICSSON,RPM77771/00300,CABLE,,,,,
ERICSSON,RPM77771/00700,CABLE,,,,,
ERICSSON,RPM77771/01500,CABLE,,,,,
ERICSSON,RPM77771/01700,CABLE,,,,,
ERICSSON,RPM77771/02100,CABLE,,,,,
ERICSSON,RPM901297/00700,CABLE,,,,,
ERICSSON,RPM901298/01500,CABLE,,,,,
ERICSSON,RPM901303/00250,CABLE,,,,,
ERICSSON,RPM919661/2900,Cable,,,,,
ERICSSON,RPM919750/75M,Cable,,,,,
ERICSSON,RPM951339/1.5,,,,,,
ERICSSON,RYS110243/1,SIM CARD,,,,,
ERICSSON,S50028-Q2029-A2,SHDSL INTERFACE UNIT,,,,,
ERICSSON,SA0010012,MINI LINK E SAU BASIC,,,,,
ERICSSON,SA0210011,MINI-LINK E SAU Exp2 48V,,,,,
ERICSSON,SA0210012,SAU EXP2,,,,,
ERICSSON,SB81SA,0,,,,,
ERICSSON,SBM146050/03,NUT M6M M 5 ST 8 FZG,,,,,
ERICSSON,SC-AH,0,,,,,
ERICSSON,SDK1077276/1,Dummy unit SM/EM,,,,,
ERICSSON,SM0010402,MINI-LINK E SMU SW,,,,,
ERICSSON,SM0010800,MINI LINK SMU 8X2,,,,,
ERICSSON,SM0010802,MINI LINK SMU 8X2,,,,,
ERICSSON,SM0011602,MINI LINK E SMU 16X2,,,,,
ERICSSON,SNG791025,Cable Lug ,,,,,
ERICSSON,SNG791060,Cable Lug ,,,,,
ERICSSON,SNG80206,Cable Lug KR 10-6,,,,,
ERICSSON,SOPQAHJDAA,0,,,,,
ERICSSON,SOUCAEPTAA,XCRP4 Redback ,€547.6,$0.00,,,
ERICSSON,SU56AD,MARCONI SFP 100BASE-T RJ45 0.1KM (SU56AD),,,,,
ERICSSON,SU58BB,0,,,,,
ERICSSON,SU68AE,STM-16 - S16.1 SFP,,,,,
ERICSSON,SU69BA,0,,,,,
ERICSSON,SU69BD,XFP STM-64 P1L1-2D2 L64.2 1550 nm,,,,,
ERICSSON,SU69CC,MULTIHAUL 3000 10GB ER/EW,,,,,
ERICSSON,SU69CE,0,,,,,
ERICSSON,SU69CH,XFP 10GBASE-LR/LW,,,,,
ERICSSON,SU69CJ,0,,,,,
ERICSSON,SU69DA,0,,,,,
ERICSSON,SU69DE,140080-0174 - 10GBASE - 80Km,,,,,
ERICSSON,SUB0195-01,SUB FAN TRAY W/REAR EXHST,,,,,
ERICSSON,SVB22003/1,CE-Label,,,,,
ERICSSON,SXA1180831/1,Ericsson BFX 901 36/1 BB Subrack,,,,,
ERICSSON,SXA1342193/1,DUMMY RU POSITION,,,,,
ERICSSON,SXA1342193/2,FILLER FOR RBS6601,,,,,
ERICSSON,SXK1064279/2,E1T1 PATCH PANEL,,,,,
ERICSSON,SXK1072869/1,,,,,,
ERICSSON,SXK1078896/1,X54 Dummy Board,,,,,
ERICSSON,SXK1098115/1,POWER SUBRACK,,,,,
ERICSSON,SXK1098257/1,Dummy Unit,,,,,
ERICSSON,SXK1098828/1,FILTER,,,,,
ERICSSON,SXK1099820,Proximity sensor,,,,,
ERICSSON,SXK111509/1,MINI-LINK E FAN UNIT KIT,,,,,
ERICSSON,SXK1115134/1,BLANK PLATE ,,,,,
ERICSSON,SXK111514/3,Cable,,,,,
ERICSSON,SXK111627/1,ANTENNA ADAPTER PLATE,,,,,
ERICSSON,SXK1180853/1,X54 Dummy Board,,,,,
ERICSSON,TFL10209/00,Earth cab-Halog free-8 AWG-black8,,,,,
ERICSSON,TFL90117/18,Power cable for Main Unit 6601,,,,,
ERICSSON,TRS49336/6000,Cable,,,,,
ERICSSON,TRX10GVP2010C2,10GBASE-SR SFP+ 850nm 300m,,,,,
ERICSSON,TSR263102/500,POWER CABLE,,,,,
ERICSSON,TSR263104/3000,part of NTM18066/709,,,,,
ERICSSON,TSR263105/3000,part of NTM18066/709 CABLE SET/BC2.1 IS-2,,,,,
ERICSSON,TSR263111/1300,CABLE,,,,,
ERICSSON,TSR263119/1800,Cable,,,,,
ERICSSON,TSR263125/3000,Cable,,,,,
ERICSSON,TSR263143/450,CABLE,,,,,
ERICSSON,TSR263144/450,CABLE,,,,,
ERICSSON,TSR26327/2000,CABLE,,,,,
ERICSSON,TSR26348/700,POWER CABLE,,,,,
ERICSSON,TSR26349/300,POWER CABLE,,,,,
ERICSSON,TSR26350/200,CABLE,,,,,
ERICSSON,TSR26377/15M,CABLE,,,,,
ERICSSON,TSR26406/50M,CABLE,,,,,
ERICSSON,TSR3222701/1000,Opt. Connection Cable SC/SC 1000,,,,,
ERICSSON,TSR3222701/2000,Opt. Connection Cable SC/SC 2000,,,,,
ERICSSON,TSR3223405/1900,CABLE,,,,,
ERICSSON,TSR3223405/2200,CABLE,,,,,
ERICSSON,TSR3223405/2400,CABLE,,,,,
ERICSSON,TSR4210223/2500,Power cable 48V,,,,,
ERICSSON,TSR432100/2300,CABLE,,,,,
ERICSSON,TSR432102/5000,CABLE,,,,,
ERICSSON,TSR43212/1500,CABLE,,,,,
ERICSSON,TSR43212/15M,CABLE,,,,,
ERICSSON,TSR43212/30M,CABLE,,,,,
ERICSSON,TSR43212/50M,CABLE,,,,,
ERICSSON,TSR432120/700,Cable,,,,,
ERICSSON,TSR432147/20M,CABLE,,,,,
ERICSSON,TSR432148/350,CABLE,,,,,
ERICSSON,TSR432151/1000,CONNECTION/SIGNAL CABLE,€5 -750.0,$0.00,,,
ERICSSON,TSR432151/10M,CONNECTION SIGNAL CABLE,€5 -750.0,$0.00,,,
ERICSSON,TSR432151/15M,CABLE,,,,,
ERICSSON,TSR432151/30M,CABLE,,,,,
ERICSSON,TSR432170/100,Cable,,,,,
ERICSSON,TSR432175/1050,CABLE,,,,,
ERICSSON,TSR432175/1250,CABLE,,,,,
ERICSSON,TSR432175/130,CABLE,,,,,
ERICSSON,TSR432175/15M,CABLE,,,,,
ERICSSON,TSR432185/10M,CABLE,,,,,
ERICSSON,TSR432187/2400,Cable,,,,,
ERICSSON,TSR432190/100,Cable,,,,,
ERICSSON,TSR43271/15M,CABLE,,,,,
ERICSSON,TSR4690224/1500,Cable,,,,,
ERICSSON,TSR4690237/300,AUI Splicer Cable 2x300,,,,,
ERICSSON,TSR4690238/10000,AUI Ethernet Cable,,,,,
ERICSSON,TSR47701,connector blackplane,,,,,
ERICSSON,TSR47703/1,TSR47703/1connect.blackplane,,,,,
ERICSSON,TSR4820206/10000,10-BaseT Ext Crossover L=10 m,,,,,
ERICSSON,TSR4820211/30M,CABLE,,,,,
ERICSSON,TSR4820224/15M,CABLE,,,,,
ERICSSON,TSR4820236/2000,CABLE,,,,,
ERICSSON,TSR4820259/1400,Cable,,,,,
ERICSSON,TSR4820262/100,CABLE,,,,,
ERICSSON,TSR4870206/650,CABLE,,,,,
ERICSSON,TSR4870207/30000,CABLE,,,,,
ERICSSON,TSR4870215/60000,CABLE,,,,,
ERICSSON,TSR4870216/800,CABLE,,,,,
ERICSSON,TSR4870305/50M,CABLE,,,,,
ERICSSON,TSR4870313/1000,CABLE,,,,,
ERICSSON,TSR4870314/1000,CABLE,,,,,
ERICSSON,TSR48714/2000,CABLE,,,,,
ERICSSON,TSR48717/110,Cable,,,,,
ERICSSON,TSR49000905/2,CABLE,,,,,
ERICSSON,TSR4900115/600,CABLE,,,,,
ERICSSON,TSR4900115/800,CABLE,,,,,
ERICSSON,TSR4900121/400,CABLE,,,,,
ERICSSON,TSR4900121/550,CABLE,,,,,
ERICSSON,TSR4900901/1,Cable,,,,,
ERICSSON,TSR4900904/3,CABLE,,,,,
ERICSSON,TSR4900909/1,CABLE,,,,,
ERICSSON,TSR4900912/1,CABLE,,,,,
ERICSSON,TSR4900913/1,Cable,,,,,
ERICSSON,TSR4910210/1000,CABLE,,,,,
ERICSSON,TSR4910210/12M,CABLE,,,,,
ERICSSON,TSR4910210/1500,CABLE,,,,,
ERICSSON,TSR4910211/1200,CABLE,,,,,
ERICSSON,TSR4910211/1400,CABLE,,,,,
ERICSSON,TSR4910211/15000,CABLE,,,,,
ERICSSON,TSR4910211/1700,CABLE,,,,,
ERICSSON,TSR4910211/30000,CABLE,,,,,
ERICSSON,TSR4910211/6000,CABLE,,,,,
ERICSSON,TSR4910211/800,CABLE,,,,,
ERICSSON,TSR4910211/8000,CABLE,,,,,
ERICSSON,TSR4910212/1100,CABLE,,,,,
ERICSSON,TSR4910213/1500,CABLE,,,,,
ERICSSON,TSR4910215/30M,CABLE,,,,,
ERICSSON,TSR4910215/60M,CABLE,,,,,
ERICSSON,TSR4910216/1100,CABLE,,,,,
ERICSSON,TSR4910216/1150,CABLE,,,,,
ERICSSON,TSR4910216/1250,CABLE,,,,,
ERICSSON,TSR4910216/1300,CABLE,,,,,
ERICSSON,TSR4910216/1350,CABLE,,,,,
ERICSSON,TSR4910216/1400,CABLE,,,,,
ERICSSON,TSR4910216/1450,CABLE,,,,,
ERICSSON,TSR4910216/1500,CABLE,,,,,
ERICSSON,TSR4910216/1550,CABLE,,,,,
ERICSSON,TSR4910216/1600,CABLE,,,,,
ERICSSON,TSR4910216/1700,CABLE,,,,,
ERICSSON,TSR4910216/1800,CABLE,,,,,
ERICSSON,TSR4910216/1900,CABLE,,,,,
ERICSSON,TSR4910216/350,CABLE,,,,,
ERICSSON,TSR4910216/400,CABLE,,,,,
ERICSSON,TSR4910216/450,CABLE,,,,,
ERICSSON,TSR4910216/600,CABLE,,,,,
ERICSSON,TSR4910216/700,CABLE,,,,,
ERICSSON,TSR4910216/800,CABLE,,,,,
ERICSSON,TSR4910216/850,CABLE,,,,,
ERICSSON,TSR4910216/900,CABLE,,,,,
ERICSSON,TSR4910217/1500,CABLE,,,,,
ERICSSON,TSR4910223/1400,CABLE,,,,,
ERICSSON,TSR4910223/8000,CABLE,,,,,
ERICSSON,TSR4910224/8000,CABLE,,,,,
ERICSSON,TSR4910225/1000,CABLE,,,,,
ERICSSON,TSR4910225/10M,CABLE,,,,,
ERICSSON,TSR4910225/1100,CABLE,,,,,
ERICSSON,TSR4910225/1300,CABLE,,,,,
ERICSSON,TSR4910225/1400,CABLE,,,,,
ERICSSON,TSR4910225/1500,CABLE,,,,,
ERICSSON,TSR4910225/1600,CABLE,,,,,
ERICSSON,TSR4910225/1700,CABLE,,,,,
ERICSSON,TSR4910225/1800,CABLE,,,,,
ERICSSON,TSR4910225/1900,Cable,,,,,
ERICSSON,TSR4910225/2000,CABLE,,,,,
ERICSSON,TSR4910225/2100,CABLE,,,,,
ERICSSON,TSR4910225/30000,CABLE,,,,,
ERICSSON,TSR4910225/30M,CABLE,,,,,
ERICSSON,TSR4910225/5000,CABLE,,,,,
ERICSSON,TSR4910225/600,CABLE,,,,,
ERICSSON,TSR4910225/900,Cable,,,,,
ERICSSON,TSR4910225/9000,CABLE,,,,,
ERICSSON,TSR4910232/1200,CABLE,,,,,
ERICSSON,TSR4910232/1500,CABLE,,,,,
ERICSSON,TSR4910232/1800,CABLE,,,,,
ERICSSON,TSR4910232/5000,CABLE,,,,,
ERICSSON,TSR4910232/6000,CABLE,,,,,
ERICSSON,TSR4910233/1000,CABLE,,,,,
ERICSSON,TSR4910234/600,CABLE,,,,,
ERICSSON,TSR4910234/800,CABLE,,,,,
ERICSSON,TSR4910237/1000,CABLE,,,,,
ERICSSON,TSR4910238/45M,CABLE,,,,,
ERICSSON,TSR4910239/2450,CABLE,,,,,
ERICSSON,TSR4910240/2450,CABLE,,,,,
ERICSSON,TSR4910240/600,CABLE,,,,,
ERICSSON,TSR4910241/1700,CABLE,,,,,
ERICSSON,TSR4910245/10000,CABLE,,,,,
ERICSSON,TSR4910269/500,CABLE,,,,,
ERICSSON,TSR4910273/1000,CABLE,,,,,
ERICSSON,TSR4910273/10000,CABLE,,,,,
ERICSSON,TSR4910273/12M,CABLE,,,,,
ERICSSON,TSR4910273/1400,CABLE,,,,,
ERICSSON,TSR4910273/1600,CABLE,,,,,
ERICSSON,TSR4910273/350,CABLE,,,,,
ERICSSON,TSR4910273/400,CABLE,,,,,
ERICSSON,TSR4910273/500,CABLE,,,,,
ERICSSON,TSR4910273/700,CABLE,,,,,
ERICSSON,TSR4910274/20000,CABLE,,,,,
ERICSSON,TSR4910275/15M,CABLE,,,,,
ERICSSON,TSR4910275/20M,CABLE,,,,,
ERICSSON,TSR4910275/2300,CABLE,,,,,
ERICSSON,TSR4910275/23M,CABLE,,,,,
ERICSSON,TSR4910283/25M,CABLE,,,,,
ERICSSON,TSR4910289/15M,CABLE,,,,,
ERICSSON,TSR4910289/30M,CABLE,,,,,
ERICSSON,TSR4910303/15M,CABLE,,,,,
ERICSSON,TSR4910501/1,CABLE,,,,,
ERICSSON,TSR4910501/2,CABLE,,,,,
ERICSSON,TSR49106/30M,CABLE,,,,,
ERICSSON,TSR4912160/1100,CABLE,,,,,
ERICSSON,TSR4912160/1200,CABLE,,,,,
ERICSSON,TSR4912160/1400,CABLE,,,,,
ERICSSON,TSR4912160/900,CABLE,,,,,
ERICSSON,TSR491303/1100,CABLE,,,,,
ERICSSON,TSR491303/1200,CABLE,,,,,
ERICSSON,TSR491303/12M,CABLE,,,,,
ERICSSON,TSR491303/2100,CABLE,,,,,
ERICSSON,TSR491312/75M,CABLE,,,,,
ERICSSON,TSR491314/75M,CABLE,,,,,
ERICSSON,TSR491318/8000,CABLE,,,,,
ERICSSON,TSR491324/400,CABLE,,,,,
ERICSSON,TSR491326/130,CABLE,,,,,
ERICSSON,TSR491326/200,CABLE,,,,,
ERICSSON,TSR491326/280,CABLE,,,,,
ERICSSON,TSR491326/350,CABLE,,,,,
ERICSSON,TSR491329/280,CABLE,,,,,
ERICSSON,TSR491335/5000,CABLE,,,,,
ERICSSON,TSR491341/1600,CABLE,,,,,
ERICSSON,TSR491356/2200,CABLE,,,,,
ERICSSON,TSR491357/2100,CABLE,,,,,
ERICSSON,TSR491362/1500,CABLE,,,,,
ERICSSON,TSR491362/1900,CABLE,,,,,
ERICSSON,TSR491368/2500,Cable,,,,,
ERICSSON,TSR491372/1500,CABLE,,,,,
ERICSSON,TSR491372/15M,CABLE,,,,,
ERICSSON,TSR491372/50M,CABLE,,,,,
ERICSSON,TSR491374/1500,CABLE,,,,,
ERICSSON,TSR491374/1900,CABLE,,,,,
ERICSSON,TSR491379/6000,CABLE,,,,,
ERICSSON,TSR491404/1700,CABLE,,,,,
ERICSSON,TSR491404/1900,CABLE,,,,,
ERICSSON,TSR491405/1700,CABLE,,,,,
ERICSSON,TSR491405/1900,CABLE,,,,,
ERICSSON,TSR491410/1600,CABLE,,,,,
ERICSSON,TSR491602/1000,Cable,,,,,
ERICSSON,TSR491602/1600,Cable,,,,,
ERICSSON,TSR491602/2000,Cable,,,,,
ERICSSON,TSR491602/350,CABLE,,,,,
ERICSSON,TSR491602/500,CABLE,,,,,
ERICSSON,TSR491602/600,Cable,,,,,
ERICSSON,TSR491602/700,Cable,,,,,
ERICSSON,TSR491603/10M,CABLE,,,,,
ERICSSON,TSR491603/15M,CABLE,,,,,
ERICSSON,TSR491603/20M,CABLE,,,,,
ERICSSON,TSR491603/25M,CABLE,,,,,
ERICSSON,TSR491604/15M,CABLE,,,,,
ERICSSON,TSR491604/8000,CABLE,,,,,
ERICSSON,TSR491610/1000,CABLE,,,,,
ERICSSON,TSR491610/400,CABLE,,,,,
ERICSSON,TSR491610/650,Cable,,,,,
ERICSSON,TSR491610/700,CABLE,,,,,
ERICSSON,TSR491614/400,CABLE,,,,,
ERICSSON,TSR491616/1000,Cable,,,,,
ERICSSON,TSR491616/5000,CABLE,,,,,
ERICSSON,TSR491617/30M,Cable,,,,,
ERICSSON,TSR491620/1000,Cable,,,,,
ERICSSON,TSR491620/1500,Cable,,,,,
ERICSSON,TSR491620/2000,CABLE,,,,,
ERICSSON,TSR491622/2500,Cable,,,,,
ERICSSON,TSR491634/50M,CABLE,,,,,
ERICSSON,TSR491653/1200,Cable,,,,,
ERICSSON,TSR491653/2000,Cable,,,,,
ERICSSON,TSR491654/1200,Cable,,,,,
ERICSSON,TSR491654/1500,Cable,,,,,
ERICSSON,TSR491655/1500,Cable,,,,,
ERICSSON,TSR491655/1800,Cable,,,,,
ERICSSON,TSR491655/2000,Cable,,,,,
ERICSSON,TSR491665/10M,CABLE,,,,,
ERICSSON,TSR491665/30M,CABLE,,,,,
ERICSSON,TSR491669/15M,CABLE,,,,,
ERICSSON,TSR491669/30M,CABLE,,,,,
ERICSSON,TSR491677/20M,CABLE,,,,,
ERICSSON,TSR491678/1000,CABLE,,,,,
ERICSSON,TSR491678/1500,Cable,,,,,
ERICSSON,TSR491678/2000,Cable,,,,,
ERICSSON,TSR491678/500,Cable,,,,,
ERICSSON,TSR491678/700,Cable,,,,,
ERICSSON,TSR491679/1300,CABLE,,,,,
ERICSSON,TSR491679/1700,Cable,,,,,
ERICSSON,TSR491679/2200,Cable,,,,,
ERICSSON,TSR491680/2200,Cable,,,,,
ERICSSON,TSR491681/2500,Cable,,,,,
ERICSSON,TSR491683/650,Cable,,,,,
ERICSSON,TSR491684/1000,Cable,,,,,
ERICSSON,TSR491684/700,Cable,,,,,
ERICSSON,TSR491685/500,Cable,,,,,
ERICSSON,TSR492020/100M,CABLE,,,,,
ERICSSON,TSR4920202/150M,CABLE,,,,,
ERICSSON,TSR492301/100M,CABLE,,,,,
ERICSSON,TSR492301/75M,CABLE,,,,,
ERICSSON,TSR49301/900,Cable,,,,,
ERICSSON,TSR49310,CABLE,,,,,
ERICSSON,TSR49316/100,Cable,,,,,
ERICSSON,TSR49316/3000,CABLE,,,,,
ERICSSON,TSR49317/1500,Cable,,,,,
ERICSSON,TSR49326/1900,Cable,,,,,
ERICSSON,TSR49326/2900,Cable,,,,,
ERICSSON,TSR49328/1000,Cable,,,,,
ERICSSON,TSR49328/2000,Cable,,,,,
ERICSSON,TSR49336/3000,Cable,,,,,
ERICSSON,TSR49337/1500,Cable,,,,,
ERICSSON,TSR49337/1800,Cable,,,,,
ERICSSON,TSR4950210/1000,CABLE,,,,,
ERICSSON,TSR4950210/12M,CABLE,,,,,
ERICSSON,TSR4950210/1500,CABLE,,,,,
ERICSSON,TSR4950210/2000,Cable,,,,,
ERICSSON,TSR4950210/3000,Cable,,,,,
ERICSSON,TSR4950243/800,CABLE,,,,,
ERICSSON,TSR4950251/8000,CABLE,,,,,
ERICSSON,TSR4950252/2000,CABLE,,,,,
ERICSSON,TSR49507/10M,DB78 Cable,,,,,
ERICSSON,TSR49507/400,CABLE,,,,,
ERICSSON,TSR495303/1100,CABLE,,,,,
ERICSSON,TSR495303/1300,CABLE,,,,,
ERICSSON,TSR899089/00400,CABLE,,,,,
ERICSSON,TSR89921/500,CABLE,,,,,
ERICSSON,TSR89922/500,CABLE,,,,,
ERICSSON,TSR89922/600,CABLE,,,,,
ERICSSON,TSR89923/600,SCSI CABLE,,,,,
ERICSSON,TSR899286/25M,CABLE,,,,,
ERICSSON,TSR899328/10M,CABLE,,,,,
ERICSSON,TSR899328/30M,CABLE,,,,,
ERICSSON,TSR899329/00150,CABLE,,,,,
ERICSSON,TSR899332/10M,CABLE,,,,,
ERICSSON,TSR89934/10M,CABLE,,,,,
ERICSSON,TSR89948/1500,CABLE,,,,,
ERICSSON,TSR89982/50M,CABLE,,,,,
ERICSSON,TSR9010453/800,Cable GSU2-GSU2,,,,,
ERICSSON,TSR903016/250,Cable,,,,,
ERICSSON,TSR909055/1500,CABLE,,,,,
ERICSSON,TSR909056/1500,CABLE,,,,,
ERICSSON,TSR909057/10000,CABLE,,,,,
ERICSSON,TSR909058/1000,CABLE,,,,,
ERICSSON,TSR909058/2000,CABLE,,,,,
ERICSSON,TSR909058/600,CABLE,,,,,
ERICSSON,TSR951305/500,CABLE,,,,,
ERICSSON,TSR951357/1500,,,,,,
ERICSSON,UFE11127/1,Power Supply UNIT - C MICRO KIT,,,,,
ERICSSON,UKB11805,MUX?,,,,,
ERICSSON,UKL40101/56,Radio UNIT RAU1/2356,,,,,
ERICSSON,UKL40101/58,RAU1 23/58 KIT,,,,,
ERICSSON,UKL40102/22,RAU1 15/22 ,,,,,
ERICSSON,UKL40102/26,Radio UNIT (RAU1 15/26 STANDARD),,,,,
ERICSSON,UKL40104/11,,,,,,
ERICSSON,UKL40104/17,RAU/17,,,,,
ERICSSON,UKL40106/22,RAU1 15/22 HP KIT,,,,,
ERICSSON,UKL40106/26,RAU F-F,,,,,
ERICSSON,UKL40107/24,MINI-LINK 26-E RAU/24 HP,,,,,
ERICSSON,UKL40107/29,RAU1 26/29 HP,,,,,
ERICSSON,UKL40111/56,RAU2 23/56,,,,,
ERICSSON,UKL40111/58,RAU2 23/58,,,,,
ERICSSON,UKL40111/58HP,RAU2 23/58 HP,,,,,
ERICSSON,UKL40112/22,RAU2 15/22,,,,,
ERICSSON,UKL40112/26,RAU2 15/26 KIT,,,,,
ERICSSON,UKL40112/26HP,RAU2 15/26 HP KIT,,,,,
ERICSSON,UKL40113/12,RAU2 38/12,,,,,
ERICSSON,UKL40113/16,MINI-LINK RAU2 38/16,,,,,
ERICSSON,UKL40113/17,RAU2 38/17,,,,,
ERICSSON,UKL40113/18,RAU2 38/18,,,,,
ERICSSON,UKL40114/12HP,RAU2 13/12 HP,,,,,
ERICSSON,UKL40114/13HP,RAU2 13/13 HP,,,,,
ERICSSON,UKL40114/17HP,RAU2 13/17HP,,,,,
ERICSSON,UKL40114/18HP,RAU2 13/18HP,,,,,
ERICSSON,UKL40115/53,RAU2 24/53,,,,,
ERICSSON,UKL40116/51,RAU2 N 26/51,,,,,
ERICSSON,UKL40116/53,RAU2 N 26/53,,,,,
ERICSSON,UKL40116/55,RAU2 N 26/55,,,,,
ERICSSON,UKL40116/56,RAU2 24/56,,,,,
ERICSSON,UKL40116/57,RAU2 N 26/57,,,,,
ERICSSON,UKL40122/56,01W46,,,,,
ERICSSON,UKL40122/56HP,Radio UNIT - RTU 23/56 HP,,,,,
ERICSSON,UKL40122/58,03W35,,,,,
ERICSSON,UKL40122/58HP,RTU 23/58 HP,,,,,
ERICSSON,UKL40131/26,MINI-LINK 15-C,,,,,
ERICSSON,UKL40138/13,RAU,,,,,
ERICSSON,UKL40156/11,RAU1 N 7/11,,,,,
ERICSSON,UKL40156/15,RAU1 N 7/15,,,,,
ERICSSON,UKL40158/11,RAU2 N 13/11,,,,,
ERICSSON,UKL40161/16HP,RAU2 N 11/16HP,,,,,
ERICSSON,UKL40162/11,RAU2X18/11,,,,,
ERICSSON,UKL40162/12,RAU2 X 18/12,,,,,
ERICSSON,UKL40162/14HP,RAU2 X 18/14HP,,,,,
ERICSSON,UKL40162/15,RAU2X18/15,,,,,
ERICSSON,UKL40162/16,RAU2 X 18/16,,,,,
ERICSSON,UKL40162/18HP,RAU2 X 18/18HP,,,,,
ERICSSON,UKL40162/A11HP,RAU2 X 18/A11 HP,,,,,
ERICSSON,UKL40162/A13,RAU2 X 18/A13,,,,,
ERICSSON,UKL40162/A17,RAU2 X  18/A17,,,,,
ERICSSON,UKL40163/72,RAU2 X 23/72,€191.7,$0.00,,,
ERICSSON,UKL40163/73,RAU2 X 23/73,€191.7,$0.00,,,
ERICSSON,UKL40163/74,RAU2 X 23/74,,,,,
ERICSSON,UKL40163/75,RAU2 X 23/75,,,,,
ERICSSON,UKL40163/76,RAU2 X 23/76 HP,€191.7,$0.00,,,
ERICSSON,UKL40163/76HP,RAU2 X 23/76HP,,,,,
ERICSSON,UKL40163/77R6A,0,,,,,
ERICSSON,UKL40163/78,RAU2 X 23/78,€191.7,$0.00,,,
ERICSSON,UKL40163/78HP,RAU2 X 23/78 HP,,,,,
ERICSSON,UKL40163/A01R6A,0,,,,,
ERICSSON,UKL40163/A02,RAU2 X 23/A02,,,,,
ERICSSON,UKL40163/A02HP,RAU2 X 23/A02 HP,€191.7,$0.00,,,
ERICSSON,UKL40163/A06,RAU2 X 23/A06,,,,,
ERICSSON,UKL40163/A06HP,RAU2 X 23/A06HP Transmission 23ghz High,€191.7,$0.00,,,
ERICSSON,UKL40166/22,RAU2 X 10/22,€191.7,$0.00,,,
ERICSSON,UKL40166/26,RAU2 X 10/26,€219.0,$0.00,,,
ERICSSON,UKL40166/A22HP,RA2 X10 /A22HP Transmission 10GHZ,€273.8,$0.00,,,
ERICSSON,UKL40166/A26HP,RA2 X10 /A26HP Transmission 10GHZ,€273.8,$0.00,,,
ERICSSON,UKL40167/11,RAU2X13/11,,,,,
ERICSSON,UKL40167/12,RAU2 X 13/12,,,,,
ERICSSON,UKL40167/13,RAU2 X 13/13,,,,,
ERICSSON,UKL40167/13HP,RAU2 X 13/13 HP,,,,,
ERICSSON,UKL40167/14HP,RAU2 X 10/14 HP,,,,,
ERICSSON,UKL40167/15,RAU2X13/15,,,,,
ERICSSON,UKL40167/17,RAU2 X 13/17,,,,,
ERICSSON,UKL40167/17HP,RAU2 X 13/17 HP,,,,,
ERICSSON,UKL40167/18HP,RAU2 X 13/18 HP,,,,,
ERICSSON,UKL40167/A02,RAU2 X 13/A02,,,,,
ERICSSON,UKL40167/A03,RAU2 X 13/A03,,,,,
ERICSSON,UKL40167/A06,RAU2 X 13/A06,,,,,
ERICSSON,UKL40167/A07,RAU2 X 13/A07,,,,,
ERICSSON,UKL40168/61HP,RAU2 X 15/61HP,€273.8,$0.00,,,
ERICSSON,UKL40168/68HP,RAU2 X 15/68HP,€273.8,$0.00,,,
ERICSSON,UKL40169/13,RAU2 X 6 L/13,,,,,
ERICSSON,UKL40169/17,RAU2 X 6 L/17,,,,,
ERICSSON,UKL40169/17HP,RAU2 X 6L/17 HP,,,,,
ERICSSON,UKL40169/A11,RAU2 X 6 L/A11,,,,,
ERICSSON,UKL40169/A13,RAU2 X 6 L/A13,,,,,
ERICSSON,UKL40169/A15,RAU2 X 6 L/A15,,,,,
ERICSSON,UKL40169/A17,RAU2 X 6 L/A17,,,,,
ERICSSON,UKL40170/11,RAU2X7/11,,,,,
ERICSSON,UKL40170/13,RAU2 X 7/13,,,,,
ERICSSON,UKL40170/14,RAU2 X 7/14,,,,,
ERICSSON,UKL40170/15,RAU2 X 7/15,,,,,
ERICSSON,UKL40170/17,RAU2 X 7/17,,,,,
ERICSSON,UKL40170/A11,RAU2 X 7/A11,,,,,
ERICSSON,UKL40170/A13,RAU2 X 7/A13,,,,,
ERICSSON,UKL40170/A15,RAU2 X 7/A15,,,,,
ERICSSON,UKL40170/A16,RAU2 X 7/A16,,,,,
ERICSSON,UKL40170/A17,RAU2 X 7/A17,,,,,
ERICSSON,UKL40170/A23HP,RAU2 X 7/A23 HP,€219.0,$0.00,,,
ERICSSON,UKL40170/A28HP,RAU2 X 70/A28 HP,€219.0,$0.00,,,
ERICSSON,UKL40172/11,RAU2 X 38/11,,,,,
ERICSSON,UKL40172/12,RAU2 X 38/12 KIT 128 QAM,€180.7,$0.00,,,
ERICSSON,UKL40172/13,RAU2 X 38/13,,,,,
ERICSSON,UKL40172/15,RAU2 X 38/15,,,,,
ERICSSON,UKL40172/16,RAU2 X 38/16 Transmission 38ghz High,€219.0,$0.00,,,
ERICSSON,UKL40172/17,RAU2 X 38/17,,,,,
ERICSSON,UKL40172/A11,RAU2 X 38/A11,,,,,
ERICSSON,UKL40172/A11R6A,0,,,,,
ERICSSON,UKL40172/A15R6A,0,,,,,
ERICSSON,UKL40175/51,RAU2 X 26/51,,,,,
ERICSSON,UKL40175/52,RAU2 X 26/52,€219.0,$0.00,,,
ERICSSON,UKL40175/53,RAU2 X,,,,,
ERICSSON,UKL40175/55,RAU2 X 26/55,,,,,
ERICSSON,UKL40175/56,RAU2 X 26/56,€219.0,$0.00,,,
ERICSSON,UKL40175/57,RAU2 X,,,,,
ERICSSON,UKL40175/A02,RAU2 X 26/A02,,,,,
ERICSSON,UKL40175/A06,RAU2 X 26/A06,,,,,
ERICSSON,UKL40176/47,RAU2 X 28/47,,,,,
ERICSSON,UKL40179/23,RAU2X6U/23,,,,,
ERICSSON,UKL40179/27,RAU2X6U/27,,,,,
ERICSSON,UKL40179/A21HP,RAU2 X 6 U/A21HP,,,,,
ERICSSON,UKL40179/A22,RAU2 X 6 U/A22,,,,,
ERICSSON,UKL40179/A23,RAU2 X 6 U/A23,,,,,
ERICSSON,UKL40179/A23HP,RAU2 X 6 U/A23HP,,,,,
ERICSSON,UKL40179/A25HP,RAU2 X 6  U/A25HP,,,,,
ERICSSON,UKL40179/A26,RAU2 X6 U/A26,,,,,
ERICSSON,UKL40179/A26HP,RAU2 X 6U/A26 HP,,,,,
ERICSSON,UKL40179/A27HP,RAU2 X 6 U/A27HP,,,,,
ERICSSON,UKL40187/17,RAU2X6U/17,,,,,
ERICSSON,UKL40242/A03H,MINI LINK 6365 13 AO3H RAU,€547.6,$0.00,,,
ERICSSON,UKL40242/A03L,MINI LINK 6365 13 A03L RAU,€547.6,$0.00,,,
ERICSSON,UKL50110/72R2A,0,,,,,
ERICSSON,UKL50110/73R3A,0,,,,,
ERICSSON,UKL50110/75R3A,0,,,,,
ERICSSON,UKL50148/A02,PT2020 28/A02,,,,,
ERICSSON,UKL50148/A06,PT2020 28/A06,,,,,
ERICSSON,UKL50154/A17R1A,0,,,,,
ERICSSON,UKL50157/21H,MINI-LINK 6352 - ML6352 Terminal - 100 Mbps Base,€356.0,$0.00,,,
ERICSSON,UKL50157/21L,MINI-LINK 6352 - ML6352  Terminal - 100 Mbps Base,€383.3,$0.00,,,
ERICSSON,UKL60102/11,01W34,,,,,
ERICSSON,UKL60102/12,,,,,,
ERICSSON,UKL60102/21,MINI-LINK BAS 26GHz,,,,,
ERICSSON,UKL60102/22,MINI-LINK BAS 26GHz,,,,,
ERICSSON,UKL60105/22,,,,,,
ERICSSON,UKL601112/72HP,RAU2 N 23/72 HP - C-QPSK - 128QAM,€219.0,$0.00,,,
ERICSSON,UKL601112/73HP,RAU2 N 23/73 HP - C-QPSK - 128QAM,€219.0,$0.00,,,
ERICSSON,UKL601112/76,RAU2N 23/76,,,,,
ERICSSON,UKL601112/78,RAU2 N 23/78,,,,,
ERICSSON,UKL601114/11,RAU2 N 38/11,,,,,
ERICSSON,UKL601114/12,RAU2 N 38/12 - 128QAM,€219.0,$0.00,,,
ERICSSON,UKL601114/16,RAU2 N 38/16,,,,,
ERICSSON,UKL601114/18,RAU2 N 38/18,,,,,
ERICSSON,UKY21075/SC11,Compact Antenna 38 GHz,,,,,
ERICSSON,UKY21075/SC15,ANT2 0.3 38 HP,,,,,
ERICSSON,UKY21079/SC15,0.6 M COMPACT ANTENNA 26GHz,,,,,
ERICSSON,UKY21080/SC15,MINI-LINK 0.6M COMPACT ANTENNA 38GHZ,,,,,
ERICSSON,UKY22046/SC15,0.6 m HP antenna for RAU2 26 GHz,,,,,
ERICSSON,UPA10133/1,Power splitter 23 GHz - 1.5/7,,,,,
ERICSSON,UPA10134/1,Power Splitter 24/26GHZ As -,,,,,
ERICSSON,UPA10134/2,UPA10134-2 Power Splitter 24-26GHZ System,€0.0,$0.00,,,
ERICSSON,UPA10137/1,Power splitter 38GHz - 1.6/7,,,,,
ERICSSON,UPA10137/2,Power splitter 38 GHz - 3.7/3.7,,,,,
ERICSSON,UPA90114/2,Mini-Link UPA 901 14/2,€0.0,$0.00,,,
ERICSSON,URS19901/2S11,ANT2 I/F 38 HP/SHP  (Ericsson 38 GHz Single Polarization,€0.0,$0.00,,,
ERICSSON,ZAT505101/801,TAU2620,,,,,
ERICSSON,ZAT531201/01,SO ADAPTER,,,,,
ERICSSON,ZAT75919/101,,,,,,
ERICSSON,ZFE30102/204,Basic-6C 48V Filter Unit,,,,,
ERICSSON,ZFE401011/108,RSM 30CH 400+RG,,,,,
ERICSSON,ZFP10116/11,OMS 846,,,,,
ERICSSON,ZGK205002/1,FBOX LFU/1,,,,,
ERICSSON,ZGK205003/1,FB0XV24/1,,,,,
ERICSSON,ZGK205003/2,FB0XV24/2,,,,,
ERICSSON,ZGK205003/5,FBOXV24,,,,,
ERICSSON,ZGK205004/1,,,,,,
ERICSSON,ZGK205004/2,,,,,,
ERICSSON,ZGK205004/3,FBOXELU,,,,,
ERICSSON,ZGK205005/1,FBOXCCU/1,,,,,
ERICSSON,ZGKE10101,EPI,,,,,
ERICSSON,ZHA90134/1,MACU,€109.5,$0.00,,,
ERICSSON,ZHY60117/1,SAU 0101,€0.0,$0.00,,,
ERICSSON,ZHY60118/1,SAH RMX3200,,,,,
ERICSSON,ZHY60119/1,SAU 02 01,€402.5,$0.00,,,
ERICSSON-MARCONI,02HAB00032ABB,0,,,,,
ERICSSON-MARCONI,02HAN00007AAG,0,,,,,
ERICSSON-MARCONI,02HAT000159AAD,0,,,,,
ERICSSON-MARCONI,02HAT00029ABT,0,,,,,
ERICSSON-MARCONI,02HAT00072CBX,0,,,,,
ERICSSON-MARCONI,02HAT00096AAB,0,,,,,
ERICSSON-MARCONI,02HAT00097AAD,0,,,,,
ERICSSON-MARCONI,02HAT00098AAF,0,,,,,
ERICSSON-MARCONI,02HAT00099AAH,0,,,,,
ERICSSON-MARCONI,02HAT00112AAC,0,,,,,
ERICSSON-MARCONI,02HAT00113AAE,0,,,,,
ERICSSON-MARCONI,02HAT00115ACT,0,,,,,
ERICSSON-MARCONI,02HAT00116ACV,0,,,,,
ERICSSON-MARCONI,02HAT00118ACV,0,,,,,
ERICSSON-MARCONI,02HAT00128AAF,0,,,,,
ERICSSON-MARCONI,02HAT00129AAH,0,,,,,
ERICSSON-MARCONI,02HAT00158AAB,0,,,,,
ERICSSON-MARCONI,02HAT00159AAD,0,,,,,
ERICSSON-MARCONI,02HAT00163AAF,0,,,,,
ERICSSON-MARCONI,02HAT00164AAH,0,,,,,
ERICSSON-MARCONI,02HAT00169AAT,0,,,,,
ERICSSON-MARCONI,02HAT00171AAR,0,,,,,
ERICSSON-MARCONI,02HAT00235AAV,0,,,,,
ERICSSON-MARCONI,02HAT00237AAA,0,,,,,
ERICSSON-MARCONI,02HAT00247AAQ,0,,,,,
ERICSSON-MARCONI,02HAT00248AAS,0,,,,,
ERICSSON-MARCONI,02HAT00271AAX,0,,,,,
ERICSSON-MARCONI,02HAT00274AAE,0,,,,,
ERICSSON-MARCONI,02HAT00288AAD,0,,,,,
ERICSSON-MARCONI,02HAT00292AAF,0,,,,,
ERICSSON-MARCONI,02HAT00302ABS,0,,,,,
ERICSSON-MARCONI,02HAT00314AAU,0,,,,,
ERICSSON-MARCONI,02HBA00039AAW,0,,,,,
ERICSSON-MARCONI,02HBA00052AAM,0,,,,,
ERICSSON-MARCONI,02HEA00003AAP,0,,,,,
ERICSSON-MARCONI,02HEA00004AAR,0,,,,,
ERICSSON-MARCONI,02HEA00006AAV,0,,,,,
ERICSSON-MARCONI,02HEA00007BAU,0,,,,,
ERICSSON-MARCONI,02HEA00026AAB,0,,,,,
ERICSSON-MARCONI,03HAG00003AAC,0,,,,,
ERICSSON-MARCONI,03HAK00003AAN,0,,,,,
ERICSSON-MARCONI,03HAK00005AAS,0,,,,,
ERICSSON-MARCONI,03HAL00001AAV,0,,,,,
ERICSSON-MARCONI,03HAM00015AAG,0,,,,,
ERICSSON-MARCONI,03HAM00019AAQ,0,,,,,
ERICSSON-MARCONI,03HAN00007AAH,0,,,,,
ERICSSON-MARCONI,03HAQ00002AGA,0,,,,,
ERICSSON-MARCONI,03HAQ00002AMM,0,,,,,
ERICSSON-MARCONI,03HAQ00002ANE,0,,,,,
ERICSSON-MARCONI,03HAT00011ABM,0,,,,,
ERICSSON-MARCONI,03HAT00041AAQ,0,,,,,
ERICSSON-MARCONI,03HAT00041ABH,0,,,,,
ERICSSON-MARCONI,03HAT00045ABR,0,,,,,
ERICSSON-MARCONI,03HAT00065ABW,0,,,,,
ERICSSON-MARCONI,03HAT00067AAJ,0,,,,,
ERICSSON-MARCONI,03HAT00067ADL,0,,,,,
ERICSSON-MARCONI,03HAT00070AAJ,0,,,,,
ERICSSON-MARCONI,03HAT00077AAY,0,,,,,
ERICSSON-MARCONI,03HAT00078AAB,0,,,,,
ERICSSON-MARCONI,03HAT00082AAD,0,,,,,
ERICSSON-MARCONI,03HAT00083AAF/R5B,0,,,,,
ERICSSON-MARCONI,03HAT00084AAH/R4B,0,,,,,
ERICSSON-MARCONI,03HAT00095ABS,0,,,,,
ERICSSON-MARCONI,03HAT00115AAK,0,,,,,
ERICSSON-MARCONI,03HAT00115ABC,0,,,,,
ERICSSON-MARCONI,03HBA00007AAX,0,,,,,
ERICSSON-MARCONI,03HGC000048AAD,SMA UC&EX COMPACT FLASH OMS 1200,,,,,
ERICSSON-MARCONI,03HGC00017AAF,OMS1664 SYSTEM SOFTWARE (FOUND IN AN00233433),,,,,
ERICSSON-MARCONI,03HGC00026AAT,OMS1664 SYSTEM SOFTWARE (FOUND IN AN00233433),,,,,
ERICSSON-MARCONI,03HGC00030AAV,OMS1664 SYSTEM SOFTWARE (FOUND IN AN00233433),,,,,
ERICSSON-MARCONI,03HGC00032AAA,SMA 1/4 UC&EX COMPACT FLASH OMS 1200,,,,,
ERICSSON-MARCONI,03HGC00033AAC,SMA UC&EX COMPACT FLASH OMS 1200,,,,,
ERICSSON-MARCONI,03HGC00036AAJ,OMS1664 SYSTEM SOFTWARE (FOUND IN AN00233433),,,,,
ERICSSON-MARCONI,03HGC00038AAN,OMS1664 SYSTEM SOFTWARE ,,,,,
ERICSSON-MARCONI,03HGC00039AAQ,SYSTEM SOFTWARE,,,,,
ERICSSON-MARCONI,03HGC00043AAS,OMS1664 SYSTEM SOFTWARE (FOUND IN AN00233433),,,,,
ERICSSON-MARCONI,03HGC00047AAB,SMA 1/4 UC&EX COMPACT FLASH OMS 1200,,,,,
ERICSSON-MARCONI,03HGC00056AAP,COMPACT FLASH CARD,,,,,
ERICSSON-MARCONI,03HGC00058AAT,OMS1664 SYSTEM SOFTWARE,,,,,
ERICSSON-MARCONI,03HGC00064AAA,SYSTEM SOFTWARE OMS 1600,,,,,
ERICSSON-MARCONI,03HGC00089AAR,0,,,,,
ERICSSON-MARCONI,03HGC00098AAE,0,,,,,
ERICSSON-MARCONI,03HGC00104AAQ,System Software OMS 1600,,,,,
ERICSSON-MARCONI,03HGC00111AAY,0,,,,,
ERICSSON-MARCONI,03PHS00103AAE,0,,,,,
ERICSSON-MARCONI,04HAN00431ABL,0,,,,,
ERICSSON-MARCONI,05HAN00129ABT,0,,,,,
ERICSSON-MARCONI,05HAN00431AAT,0,,,,,
ERICSSON-MARCONI,05HAT00021AAM,0,,,,,
ERICSSON-MARCONI,05HBA00020AAQ,0,,,,,
ERICSSON-MARCONI,05MBB00014AAP,0,,,,,
ERICSSON-MARCONI,078233-0070,0,,,,,
ERICSSON-MARCONI,109317065,0,,,,,
ERICSSON-MARCONI,109588954,0,,,,,
ERICSSON-MARCONI,109655225,0,,,,,
ERICSSON-MARCONI,109667857,0,,,,,
ERICSSON-MARCONI,151015801,0,,,,,
ERICSSON-MARCONI,151016001,CITY8 BIDIRL TRANSPONDER SFP CARR,,,,,
ERICSSON-MARCONI,151020001,0,,,,,
ERICSSON-MARCONI,1HAT61032APP,0,,,,,
ERICSSON-MARCONI,21159885,0,,,,,
ERICSSON-MARCONI,21159887,0,,,,,
ERICSSON-MARCONI,21159888,0,,,,,
ERICSSON-MARCONI,21167654,0,,,,,
ERICSSON-MARCONI,ROJ1192364/01,0,,,,,
EXTREME,10951,Summit 715W AC PSU FB,,,,,
EXTREME,16177,X450-G2-24p-10GE4-Base,,,,,
EXTREME,16531,Summit X440-G2-12p-10GE4,,,,,
EXTREME,16533,Summit X440-G2-24p-10GE4,,,,,
EXTREME,16535,Summit X440-G2-48p-10GE4,,,,,
EXTREME,4050-00010,SX mini-GBIC,,,,,
EXTREME,4050-00281-01,LX SFP - 1000BASE - 1GBPS 1310NM,,,,,
EXTREME,800130-00-05,SUMMIT 48SI 48 10/100 + 2 x SF,,,,,
EXTREME,800167-00-04,,,,,,
EXTREME,800167-00-07,,,,,,
EXTREME,800205-00-03,EXTREME EPS-500,,,,,
EXTREME,800302-00-01,Summit X450a-48t,,,,,
EXTREME,FTJR-8519-7-EXT,SX Mini-GBIC Module 850nm,,,,,
EXTREME,FTLF8519P2BCL-EX,SX Mini-GBIC Module 850nm,,,,,
EXTREME,FTM-8012C-SL,SX Mini-GBIC Module 850nm,,,,,
EXTREME,FTRJ8519P1BNL-EX,SX Mini-GBIC Module 850nm,,,,,
EXTREME,HSIM-FE6,HSIM-FE6 Network Hub ,,,,,
EXTREME,QSFP+SR4,SFP Module USA EXTREME NETWORKS,€230.0,$0.00,,,
EXTREME,SP-GB-LX-CNFM,LX Mini-GBIC Module 1310nm,,,,,
F5,F5-BIG-LTM-3600-E-R,F5-BIG-LTM-3600-E-R w/ LTM - MAX SSL - ARM - Advanced Routing Bundle,€862.5,$0.00,,,
F5,OPT-0010-00,SFP,€230.0,$0.00,,,
F5 NETWORKS,OPT-0016-00,10G F5-UPG-SFP+-R 10GBASE-SR SFP+ Transceiver ,€230.0,$0.00,,,
FAINI,534-120/09,KIT XD 1+1 INT. UNBAL.  Freq. 13GHz-10dB,,,,,
FIBERCO,1AB21512004110M,SPLITTER MM (50/125) OM3 `Y´ 10M FIBER,,,,,
FIBERCO,1AB21512004115M,SPLITTER (50/125) OM3 `Y´ 15M FIBER,,,,,
FIBERCO,1AB2151200415M,SPLITTER MM (50/125) OM3 `Y´ OM3 5M FIBER,,,,,
FIBERCO,1AB2151200417M,SPLITTER MM (50/125) OM3 `Y´ 7M FIBER,,,,,
FIBERCO,FC/PC-FC/PC,Fibre Cable,,,,,
FIBERCO,FC/SPC-FC/SPC,Fibre Cable,,,,,
FIBERCO,LC/SPC-LC/SPC,Fibre Cable,€0.0,$0.00,,,
FIBERCO,LC/SPC-SC/UPC,Fibre Cable,€0.0,$0.00,,,
FIBERCO,LC/UPC-MU/UPC,Fibre Cable,€0.0,$0.00,,,
FIBERCO,MU/SPC-LC/UPC,Fibre Cable,,,,,
FIBERCO,MU/SPC-SC/APC,Fibre Cable,,,,,
FIBERCO,MU/UPC-MU/UPC-0.5M,JUMPER CABLE 0.5M MM MU/UPC-MU/UPC 0.5M OPTICAL FIBER,,,,,
FIBERCO,SC/PC-SC/PC,Fibre Cable,,,,,
FIBERHOME,2115331,HSWA,,,,,
FIBERHOME,2170846,HU1A,,,,,
FIBERHOME,2200012,Fiberhome GC8B 8-PORT GPON CARD,,,,,
FIBERHOME,2200352,CIO,,,,,
FIBERHOME,2200354,PWR,,,,,
FIBERHOME,2201168,GC0B,,,,,
FIBERHOME,405000028,FAN UNIT,,,,,
FIBERHOME,AN5516-06,OLT AN5516-06,,,,,
FIBERLOGIC,OPTIQROUTE2120RS,OptiQroute 2120RS,,,,,
FIBERNET,6223,POWER SUBRACK,,,,,
FIBERNET,6233,FTX SUBRACK,,,,,
FIBERNET,8305,FTX-5B,,,,,
FIBERNET,8442,FTX-6B,,,,,
FIBERNET,8443,FTX-6C,,,,,
FIBERNET,8549,FTX-5C,,,,,
FIBERNET,CWDM-MR-2.5-C45,2.5Gb -1450nm -80Km,,,,,
FIBERNET,FBNT-SDH-2KM,2.5Gb -1310nm -2Km,,,,,
FIBERNET,SDH-MR-2.5-2KM,2.5G/1310nm/SMF 2km,,,,,
FIBERXON,FTM-3001C-L40,STM-1 40Km 1310nm,,,,,
FIBERXON,FTM-3006-SL15G,1310nm -622m,,,,,
FIBERXON,FTM-3012C-SLIG-ETS,SFP,€0.0,$0.00,,,
FIBERXON,FTM-3101C-L15-AT,Fiberxon FTM-3101C-L15-AT SFP Transceiver Module,€0.0,$0.00,,,
FIBERXON,FTM-3101C-L40-A,STM-1 40km 1310nm,,,,,
FIBERXON,FTM-3106C-L15-AT,1310NM 622M,,,,,
FIBERXON,FTM-3106C-L40-A,STM-4 40Km 1310nm,,,,,
FIBERXON,FTM-3106C-SL40G,STM-4 40Km 1310nm,,,,,
FIBERXON,FTM-3125C-L40,STM-16 40Km 1310nm,,,,,
FIBERXON,FTM-3125C-L40-A,STM-16 40km 1310nm,,,,,
FIBERXON,FTM-33X0C-X10IG-ETS,1310nm 10G XFP,,,,,
FIBERXON,FTM-5006C-L80,STM-4 80Km 1550nm,,,,,
FIBERXON,FTM-6128C-SL8047G,125M-2.67G 1471nm 80km-SM-ESFP,,,,,
FIBERXON,FTM-6128C-SL8049G,125M-2.67Gbps,,,,,
FIBERXON,FTM-6128C-SL8053G,125M-2.67Gbps 1531nm 80km-SM-ESFP,,,,,
FIBERXON,FTM-6128C-SL8055G,125M-2.67Gbps 1551nm 80km-SM-ESFP,,,,,
FIBERXON,FTM-6128C-SL8061G,125M-2.67Gbps 1611nm 80km-SM-ESFP,,,,,
FIBERXON,FTM-8112C-L-A,GE-SX 550m 850nm,,,,,
FIBERXON,FTM-8120C-L-AT,SFP 1AB187280033 Transceiver 1GbESXDDM optical,€0.0,$0.00,,,
FIBERXON,FTM-9612C-SL10G,1.25G-TX1490/RX 1310nm-10km-SM-ESFP,,,,,
FIBERXON,FTM-9912C-SL10G,1.25gbps 1490nm TX/1310nm Rx,,,,,
FINISAR,034060387,125M-2.67G-D17-120km,,,,,
FINISAR,034060484,eSFP-1310nm-155M-2.5G-LC-SM-2km,€230.0,$0.00,,,
FINISAR,1400422-0019,SU57AE - RDH10244/2 1000BASE-LX10,,,,,
FINISAR,1400858-0012,SU57AJ,,,,,
FINISAR,1400883-0169,DWDM HP 193.6,,,,,
FINISAR,1AB356630015,FTRX-3812M346-AL,,,,,
FINISAR,1AB356630037,FTRX-3812M324-AL,,,,,
FINISAR,AFBR-703SDZ-BN1,SFP,€230.0,$0.00,,,
FINISAR,FCLF-8520-3,TX/RX Optical Fiber 1.25Gbps 20-Pin,€230.0,$0.00,,,
FINISAR,FCLF-8520-3-ER,TX/RX Optical Fiber 1.25Gbps 20-Pin,€230.0,$0.00,,,
FINISAR,FCLF-8521-3,Tx/Rx Optical Fiber 1.25Gbps 20-Pin,€230.0,$0.00,,,
FINISAR,FCLF-8521-3-RB,SN5PTY0EAA,,,,,
FINISAR,FCLF8520P2BTL-AL,1000BASE-T GEN2 RJ-45 COPPER SFP TRANSCEIVER,€230.0,$0.00,,,
FINISAR,FCLF8521P2BTL,SFP,€230.0,$0.00,,,
FINISAR,FCLF8522P2BTL,1000BASE-T 100m Gen2 RJ-45 Copper SFP Optical Tran,,,,,
FINISAR,FCM-8521-3,1000BASE-T GBIC,,,,,
FINISAR,FCMJ-8520-3,SFP Transceiver,,,,,
FINISAR,FTLC8281RCNM-HW,100G-10 CFP HUAWEI,€230.0,$0.00,,,
FINISAR,FTLD10CE1C,0,,,,,
FINISAR,FTLF8529P3BNVAHP,FTLF8529P3BNV-HP,€230.0,$0.00,,,
FINISAR,FTLF1318P2BTL, Finisar 1000BASE-LX SFP Transceiver ,,,,,
FINISAR,FTLF1318P2BTL-E1,1.25 Gb/s RoHS Compliant Long-Wavelength Pluggable SFP,€230.0,$0.00,,,
FINISAR,FTLF1318P2BTL-HW,SFP,€230.0,$0.00,,,
FINISAR,FTLF1319P1BTL,TXRX OPT SFP 2 GB/S 1310NM,,,,,
FINISAR,FTLF1322P1BTR-HW,622M-1310nm-15Km-SM-eSFP,,,,,
FINISAR,FTLF1323P1BTR,SFP,€230.0,$0.00,,,
FINISAR,FTLF1323P1BTR-HW,SFP,€230.0,$0.00,,,
FINISAR,FTLF1324P2BTL-IB,SFP,€230.0,$0.00,,,
FINISAR,FTLF1421P1BCL-HW,2.4G-1310nm-15km-SM-esfp,,,,,
FINISAR,FTLF1421P1BTL-A8,SFP,€230.0,$0.00,,,
FINISAR,FTLF1421P1BTL-M1,SFP,€230.0,$0.00,,,
FINISAR,FTLF1428P2BNV-IB,SFP,€230.0,$0.00,,,
FINISAR,FTLF1519P1BCL-RB,IPUIASHCAA,,,,,
FINISAR,FTLF1522P1BTL-M1,STM4 L4.2,,,,,
FINISAR,FTLF1523P1BTL-M1,STM 1 L 1.2,,,,,
FINISAR,FTLF8519P1BNL-H2,SFP,€230.0,$0.00,,,
FINISAR,FTLF8519P2BCL,SFP SX FIBER OPTIC 850NM SFP G,,,,,
FINISAR,FTLF8519P2BNL,SFP,€230.0,$0.00,,,
FINISAR,FTLF8519P2BNL-,SFP 2.125Gb -850nm -0.5km,,,,,
FINISAR,FTLF8519P2BNL-HW,SFP,€230.0,$0.00,,,
FINISAR,FTLF8519P2BNL-M1,SFP,€230.0,$0.00,,,
FINISAR,FTLF8519P2BTL,MM.850nm.1250.500m.C,,,,,
FINISAR,FTLF8519P3BNL-J1,SFP,€230.0,$0.00,,,
FINISAR,FTLF8519P3BTL,SFP TRANSCEIVER,,,,,
FINISAR,FTLF8519P3BTL-HW,SFP,€230.0,$0.00,,,
FINISAR,FTLF8524P2BNL,SFP Finisar 4GB 850nm SFP Optical Transceiver Module,€230.0,$0.00,,,
FINISAR,FTLF8524P2BNL-SU,SFP,€230.0,$0.00,,,
FINISAR,FTLF8524P2BNV,SFP,€230.0,$0.00,,,
FINISAR,FTLF8524P2BNV-E5,SFP,€230.0,$0.00,,,
FINISAR,FTLF8524P2BNV-E6,SFP,€230.0,$0.00,,,
FINISAR,FTLF8524P2BNV-EC,SFP,€230.0,$0.00,,,
FINISAR,FTLF8524P2BNV-HD,SFP,€230.0,$0.00,,,
FINISAR,FTLF8524P2BNV-HJ,SFP,€230.0,$0.00,,,
FINISAR,FTLF8524P3BNL,SFP 4.125Gb - 850nm -0.5Km,,,,,
FINISAR,FTLF8524P3BNL-(NK),SFP Transceiver,,,,,
FINISAR,FTLF8526P3BNL,6GB/S 850NM WIRELESS SFP TRANS,,,,,
FINISAR,FTLF8527P3BCL-IB,SFP,€230.0,$0.00,,,
FINISAR,FTLF8528P2BCV-QL,SFP OPTICAL8GB Multi-Mode Fiber 150m 850nm SFP Mod,€230.0,$0.00,,,
FINISAR,FTLF8528P2BNV-E5,SFP,€230.0,$0.00,,,
FINISAR,FTLF8528P2BNV-EM,CA 94089,€230.0,$0.00,,,
FINISAR,FTLF8528P3BCV-QL,EMM-SPP,€230.0,$0.00,,,
FINISAR,FTLF8528P3BNV-EM,850Nm Oxide Vcsel - 2X/4X/8X Fc - 8.5 Gb/S Transceiver,€230.0,$0.00,,,
FINISAR,FTLF8528P3BNV-H2,SFP,€230.0,$0.00,,,
FINISAR,FTLF8528P3BNV-HP,SFP,€230.0,$0.00,,,
FINISAR,FTLF8529P3BCV,SFP,€230.0,$0.00,,,
FINISAR,FTLF8529P3BCV-EM,SFP,€230.0,$0.00,,,
FINISAR,FTLF8529P3BNV-HP,SFP,€230.0,$0.00,,,
FINISAR,FTLX1411M3,0,,,,,
FINISAR,FTLX1412M3BCL,10GBASE-LR/OC-192 SR-1 10km XFP Optical Transceiver,€230.0,$0.00,,,
FINISAR,FTLX1471D3BCL,SFP+ - 10GB/S 10KM 1310NM SINGLE MODE DATACOM,,,,,
FINISAR,FTLX1471D3BCV,Fibre Optic Transmitters - Receivers - Transceivers PIN - 10GBASE-LR/LW 1200SM-LL-L 10km,,,,,
FINISAR,FTLX1612M3BCL,10Gb XFP 10GBase-EREW 1550nm 40km Optical Transceive,,,,,
FINISAR,FTLX8511D3-HW,FINISAR SFP,€230.0,$0.00,,,
FINISAR,FTLX8571D3BCL,Transceiver - 840nm Min - 860nm Max - 10500Mbps(Tx) - 10500Mbps(Rx) - LC Connector,€230.0,$0.00,,,
FINISAR,FTLX8571D3BCL-CL,SFP,€230.0,$0.00,,,
FINISAR,FTLX8573D3BTL,TX/RX Optical Fiber 10.5Gbps 20-Pin,€230.0,$0.00,,,
FINISAR,FTRJ-1319-7D,Long-wavelength Pluggable SFP Transceiver,,,,,
FINISAR,FTRJ-8519-3,850NM GBIC TRANSCEIVER MODULE,,,,,
FINISAR,FTRJ1319P1BTL,0,,,,,
FINISAR,FTRJ1319P1BTL-M1,1000BASE-LX10 - 1xFC,,,,,
FINISAR,FTRJ1321P1BTL,SFP,,,,,
FINISAR,FTRJ1322P1BTR-M1,SU67AA,,,,,
FINISAR,FTRJ1421P1BCL,2.4G-1310nm-15km-SM-esfp,,,,,
FINISAR,FTRJ1519P1BNL-M1,1000BASE-SX 1400422-0027 SFP,,,,,
FINISAR,FTRJ8519P1BNL,2GB 850NM SW SFP ,,,,,
FINISAR,FTRJ8519P1BNL-HW,MM.850n.1250.500m.C,,,,,
FINISAR,FTRJ8519P1WNL-SU,SFP,€230.0,$0.00,,,
FINISAR,FTRJ8519P2BNL,2GB 850NM SW SFP ,,,,,
FINISAR,FTRX-3812M329-AL,1AB356630032,,,,,
FINISAR,FTRX-3812M334-AL,1AB356630027,,,,,
FINISAR,FTRX-3812M339-AL,1AB356630022,,,,,
FINISAR,FTRX-3812M340-AL,1AB356630021,,,,,
FINISAR,FTRX-3812M351-AL,1AB356630010,,,,,
FINISAR,FTRX-3812M356-AL,1AB356630005,,,,,
FINISAR,FWLF163124EJ,,,,,,
FINISAR,FWLF163224EJ,,,,,,
FINISAR,FWLF163236HW,2.5G-DWDM-D16-100GHz-120km-SM-ESFP,,,,,
FINISAR,I-16.1DDMW,SFP,€230.0,$0.00,,,
FINISAR,P8L0083FTRJ8519P1BNL,0,,,,,
FINISAR,P8L090XFTRJ8519P1BNL,0,,,,,
FINISAR,P8T0UZ0FTRJ8519P1BNL,0,,,,,
FINISAR,RYT921609/1,SFP GB-TX  RJ45 Ethernet Transceiver 1000Base-T 1,€230.0,$0.00,,,
FINISAR,RYT921609/1,ACTIVE COPPER SFP,,,,,
FLEXOPTIX,S.1626.17.OD,2.67G STM-16 SFP CWDM,,,,,
FLUXLIGHTS,OPT-0010-000,SFP,€230.0,$0.00,,,
FORTINET,FCTRL-5913C,Networking blade with 2 x 100GE CFP2 Fabric Ports and 2 x 10GE SFP+ Base Ports - Includes 2 SR SFP+.,€2 -875.0,$143 -000.00,,,
FORTINET,FG-5001E,Fortinet FG-5001E Security blade with 2 x 40GE QSFP+ slots - 2 x 10GE SFP+ slots - 2x GE RJ45 management port - FortiASIC NP6 and CP9 hardware accelerated.,€2 -738.1,$97 -350.00,,,
FORTINET,FORTIANALYZER200D,1 RU Rackmount 4x GE,€2 -738.1,$0.00,,,
FORTINET,FORTIGATE100D,Network VPN,€109.5,$0.00,,,
FORTINET,FORTIGATE300C,10x 1000Base-T Ports,€54.8,$0.00,,,
FORTINET,FORTIGATE3040B,FG-3040B Security Appliance 8x 10GbE SFP+ 10x 1GbE SFP,,,,,
FORTINET,P07970-03-01,SOLID STATE DRIVE - FSM-064,,,,,
FORTINET,PSU-5000B,Power Supply BUNIT 5000B  INPUT100-220 OUTPUT 48VD,€711.9,$2 -000.00,,,
FOUNDRY,FTLX1412D3BCL-F1,TXRX OPT SFP 2 GB/S 1310NM,,,,,
FSC,SFP-10GLR-31,10GBASE-LR SFP+ 1310nm 10km,,,,,
FUJITSU,902941,SERVER COOLING FAN,,,,,
FUJITSU,A3C40051839,Fujitsu Siemens Primergy RX300 S2 Server PSU 600w,,,,,
FUJITSU,CA01760-B106,MCC3064SS,,,,,
FUJITSU,CA01761-B102,MCD3130SS,,,,,
FUJITSU,CA06123-B431,MCM3130SS,,,,,
FUJITSU,CA06123-B444,MCM3130SS,,,,,
FUJITSU,CA06550-B160,HD/MAW3073NP,,,,,
FUJITSU,CA06672-B704,Fujitsu Mobile 40GB 5400RPM SATA 1.5GB/s 8MB Cache 2.5-inch Hard Drive,,,,,
FUJITSU,ES/FIM31050,TA57803-B02X 40013,,,,,
FUJITSU,ES/FIM31050/600,TA57803-B06X,,,,,
FUJITSU,V30122-Z1877-X3,HDD 72.8GB,,,,,
GEN,WLTCS-106,ODU,,,,,
GENBAND,400-0120-154,G9 SHELF INTERFACE CARD,,,,,
GENBAND,800-0112-141,FAN MODULE,,,,,
GENBAND,801-0037-141,Power Supply,,,,,
GENBAND,805-0070-144,GENBAND G9 Board SI,€328.6,$0.00,,,
GENBAND,805-0072-141,GP9 Board GENBAND Gbe,€328.6,$0.00,,,
GENBAND,805-0073-141,GENBAND Board G9 AI,€273.8,$0.00,,,
GENBAND,805-0077-142,GENBAND T9 Board PAC,€492.9,$0.00,,,
GENBAND,805-0079-142,GENBAND T9 Board VS-813,€821.4,$0.00,,,
GENBAND,805-0093-141,G9 GBE INTFC PRNCD,,,,,
GENBAND,805-0099-141,GENBAND G9 Board SG-1,€54.8,$0.00,,,
GENBAND,805-0113-141,SST-3E 104K IWF,,,,,
GENBAND,805-0115-141,G9 PACKET CONTROL CARD - PAC-2,,,,,
GENBAND,825-0057-141,GENBAND GP Chassis Chassis Chassis 65AMP MAX,€273.8,$0.00,,,
GENUINE,MXPD-033S-F,SFP,€230.0,$0.00,,,
GRANDSTREA,961-00020-20B,ANALOG TELEPHONE ADAPTER,,,,,
GUIZHOU,MZJ-50D/60.48A,MZJ-400S/48 48A5 DC Contactor,€0.0,$0.00,,,
HARMONIC,PRM-1K-IOM-GBE-0002,GBE IOM Card,,,,,
HARMONIC,TC74S-1511,PSU - NSG-PS-AC-02-02F,,,,,
HARRIS,101-901720-001,CSM OW OMIT,,,,,
HARRIS,101-901765-001,Signal Processor Module,,,,,
HARRIS,101-901770-002,LIM E3 1+1 UNBALST RAP,,,,,
HARRIS,201-901375-011,ODU MS+ 37050-37650 38 DBI,,,,,
HARRIS,201-901375-015,ODU MS+38310-38910 38 DBI,,,,,
HARRIS,201-902046-011,ODU 38310-38910 ,,,,,
HARRIS,201-902046-015,ODU 37050-37650,,,,,
HEKIMIAN,3206-06E,Power Supply,,,,,
HEKIMIAN,3206-24E,CEPT DTAU+ LINE INTERFACE UNIT ,,,,,
HEKIMIAN,3206-25E,Common Eqpt,,,,,
HEKIMIAN,3206-99E,Interface Unit Shelf,,,,,
HEKIMIAN,3216A-05E,Power Supply,,,,,
HEKIMIAN,3216A-15A,DTAU+ RS-232C INTERFACE,,,,,
HEKIMIAN,3216A-37E,CEPT DTAU+ ACCESS CONTROL,,,,,
HEKIMIAN,3216A-40E,TEIU,,,,,
HEKIMIAN,3216A-99E,DTAU CONT SHELF,,,,,
HEKIMIAN,3286-02,Power Supply 48VDC,,,,,
HEKIMIAN,6351-99,Protocol Vital Signs Test System,,,,,
HEKIMIAN,6701-97E,Digital Remote Test Unit Shelf,,,,,
HEKIMIAN,6711-61E,Power Supply,,,,,
HEKIMIAN,6712-61E,Shelf Ctrl,,,,,
HEKIMIAN,6714-05E,V11 Line Intfc,,,,,
HEKIMIAN,6714-64E,V11 Line Intfc,,,,,
HEKIMIAN,6716-61E,E1Test,,,,,
HEKIMIAN,6717-63E,Data Test,,,,,
HEKIMIAN,6719-01E,PVS Test Interface,,,,,
HENGXIN,04130067,RF Jumper Cable 4m - DIN50SM-II - COAX50-8.7/3.5,€5 -750.0,$0.00,,,
HENGXIN,52020BEK,JUMPER CABLE ( 2M ) MALE-MALE 7/16 CONNECTOR ,€5 -750.0,$0.00,,,
HENGXIN,52020BEL,JUMPER CABLE (3M) MALE-MALE 7/16 CONNECTOR ,€5 -750.0,$0.00,,,
HENGXIN,52030AAC,RF Jumper cable 4m - 7-16 DIN male/4.3-10 male,€5 -750.0,$0.00,,,
HENGXIN,52030AAD,RF Jumper cable 3m - 7-16 DIN male/4.3-10 male,€5 -750.0,$0.00,,,
HENGXIN,52030AAE,RF Jumper cable 6m - 7-16 DIN male/4.3-10 male,€5 -750.0,$0.00,,,
HENGXIN,52030AAL,RF Jumper cable 3m - 4.3-10 male /4.3-10 male,€5 -750.0,$0.00,,,
HENGXIN,52030AAM,RF Jumper cable 4m - 4.3-10 male /4.3-10 male,€5 -750.0,$0.00,,,
HENGXIN,52030AAN,RF Jumper cable 6m - 4.3-10 male /4.3-10 male,€5 -750.0,$0.00,,,
HENGXIN,52030AAO,RF Jumper cable 8m - 4.3-10 male /4.3-10 male,€5 -750.0,$0.00,,,
HENGXIN,NKJ157,JUMPER CABLE 3.5m RFF - 1/2   - 7/16m-7/16 RIGHT ANGLE MAL,€11.5,$0.00,,,
HG,MXP-033S-F,SM-1.5Km-1310-166M-C,,,,,
HG,MXPD-123SI-F,S-4.1DDMW // 1AB196360005,,,,,
HG GENUINE,MXPD-033S,SFP,€230.0,$0.00,,,
HG GENUINE,MXPD-123S-F,SFP,€0.0,$0.00,,,
HP,030-2873-002,PCIE X8 GEN3 4P 10GBE SFP+ SR OPTIC,,,,,
HP,0B24372,HEWLETT PACKARD146GB 15K SAS Hard Drive,,,,,
HP,142263-001,HP IEC C14 to IEC C13 AC Power cable 2m,,,,,
HP,228481-003,MODULAR PDU CONTROL UNIT,,,,,
HP,311143-421,PROLIANT DL380 2U RACK SERVER,,,,,
HP,321632-001,DPS-600PB B,,,,,
HP,361392-001,DPS-460BB,,,,,
HP,365695-007,72.8-GB U320 SCSI HP 15K,,,,,
HP,373465-001,"3.5"" HDD Caddy Tray",,,,,
HP,378705-421,PROLIANT DL360,,,,,
HP,379123-001,DPS-800GB A,,,,,
HP,379124-001,HP DL380 G5 Power Supply 1000w,,,,,
HP,408838-421,DL385G2 HE 2216 EU Svr,,,,,
HP,412751-015,146GB HDD 15k,,,,,
HP,453154-B21,SFP,,,,,
HP,453156-001,SFP,€230.0,$0.00,,,
HP,455885-001,HP 10Gb Sr Sfp+ ,€230.0,$0.00,,,
HP,468506-001,SFP,€230.0,$0.00,,,
HP,518216-002,HP 146-GB 6G 15K 2.5 DP SAS HDD,,,,,
HP,573161-001,ProLiant DL385 G6 Server0,€164.3,$0.00,,,
HP,579237-b21,ProLiant DL385 G6 Server0,€180.7,$0.00,,,
HP,651089-001,HP 1U CABLE MANAGEMENT ARM FOR G8 SERVER ,,,,,
HP,679368-001,HP 1U CABLE MANAGEMENT ARM FOR G8 SERVER ,,,,,
HP,70805,HPE BL460C G6 SYSTEM BOARD,,,,,
HP,720480-B21,Power Supply DC 800W -48v,,,,,
HP,755258-B21,HP DL360 GEN9 8 SFF CTO SERVER,,,,,
HP,88143J,HP 4.8GB 1024 MOD,,,,,
HP,906204,SFP,€230.0,$0.00,,,
HP,9F6066-035,146GB 10KRPM SAS 2.5 HDD,,,,,
HP,9X3006-053,HP 72 GB 10000 RPM 3.5 inch Ultra-320 SCSI 80PIN,,,,,
HP,9X3006-153,72.8GB 10000RPM WIDE ULTRA320 SCSI,,,,,
HP,9YZ264-035,1TB7200rpm SAS,,,,,
HP,A7446B,HP 4GB SHORT WAVE FIBRE CHANNEL SFP AFBR-57R5AEZ,€230.0,$0.00,,,
HP,AFBR-57D7APZ-HP1,SFP,€230.0,$0.00,,,
HP,AFBR-57R6AEZ-HP,SFP,€230.0,$0.00,,,
HP,AJ716B,SFP,€230.0,$0.00,,,
HP,AJ718A,SFP HP 8G SW FC SFP+,€230.0,$0.00,,,
HP,AJ941A,HPE AJ941A D2700 SFF 2.5 DISK ENCLOSURE0,€230.0,$0.00,,,
HP,AP839B,HP P2000 SFP MODULAR SMART ARRAY ,,,,,
HP,ASIE15023.0001G6JI7R01,0,,,,,
HP,ASIE15034.0002G6JJ7R01,0,,,,,
HP,AW592A,P2000 G3 MSA SAS Controller,,,,,
HP,BL620CG7,BLADE SERVER,€0.0,$0.00,,,
HP,DL380,378737-421 SERVER  W/O HDD,€115.0,$0.00,,,
HP,DL380G5,SERVER,€115.0,$0.00,,,
HP,DL380G6,SERVER,€0.0,$0.00,,,
HP,DL380G7,583914-B21,€438.1,$0.00,,,
HP,DL385G2,SERVER,€328.6,$0.00,,,
HP,DL385G6,SERVER,€2 -026.2,$0.00,,,
HP,DL580,HP SERVER,€1 -095.2,$0.00,,,
HP,DL585,HP SERVER,€2 -464.3,$0.00,,,
HP,DPS-7000GB,Power Supply,€164.3,$0.00,,,
HP,DT-350,PREFORMATTED QIC-80 QIC 80 DT-350 MINICARTRIDGE 425FT 129.2M,,,,,
HP,FTLF8528P2BNV-H2,8Gb FC 850nm SFP+ Optical Transceiver AJ716A (AMX),€230.0,$0.00,,,
HP,FTLF8528P2BNV-HP,HP TRANSCEIVER 8GB SHORT WAVE FIBRE CHANNEL FC SFP+ OPTICAL ,€230.0,$0.00,,,
HP,HP1GBSFPRJ-45Module,453154-B21 (alt. 453578-001 453156-001),€230.0,$0.00,,,
HP,HPBLADESYSTEMC7000,HP-BladeSystem-C7000,,,,,
HP,HP-BladeSystem-C7000,HP Blade System C7000,€410.7,$0.00,,,
ERICSSON,SETOFMATERIALS/SparepartSUP6601,NTB101291,,,,,
ERICSSON,NTB101291,Connectors SUP 6601,,,,,
ERICSSON,BFL9010094,SUP 6601 c/fan BKV1061351/ BKV1061352,,,,,
HP,PROLIANTDL360-G5,378705-421,,,,,
HP,HPProliantDL320,DL320,,,,,
HP,DL320,SERVER,€2 -738.1,$0.00,,,
HP,HPPROLIANTDL380G7,311143-421,€328.6,$0.00,,,
HP,HSTNM-N035,QR481B HP SN6000B 16GB 48/48PWR PACK SWITCH,€383.3,$0.00,,,
HP,J6X43A,HP 12AWG 48V DC 10 Ft / 3M 800W Cable Power Cord,,,,,
HP,MB1000FBZPL,1TB 7200rpm SAS,,,,,
HP,PLRXPL-VE-SH4-3H,SFP,€230.0,$0.00,,,
HP,PROLIANTDL360G5,378705-421 (w/o HDD),€49.3,$0.00,,,
HP,Q1546-60001,HP 20/40GB INTERNAL DAT HOT PLUG TAPE DRIVE,,,,,
HP,SPARCENTERPRISEM5000,SERVER,€821.4,$0.00,,,
HP,STORAGEWORKSMSA50,SERVER,€54.8,$0.00,,,
HUAWEI,003051119,03051119,€0.0,$0.00,,,
HUAWEI,003051488,03051488,€0.0,$0.00,,,
HUAWEI,0063206700,2TCM-PLR,,,,,
HUAWEI,01071087,APM30H - WD28280PC,,,,,
HUAWEI,1071381,01071381,,,,,
HUAWEI,01071381,Rectifier EPU05A-02,€328.6,$0.00,,,
HUAWEI,01071382,EPU05A-03,,,,,
HUAWEI,01071394,APM30H,,,,,
HUAWEI,01071773,PDB480D-16DC Chassis,€0.0,$0.00,,,
HUAWEI,014130196,Optical Cable LC-SC-10MT-SINGLE MODE ,,,,,
HUAWEI,014130196,Optical Cable LC-SC-10MT-SINGLE MODE ,€5 -750.0,$0.00,,,
,14130222,014130222,,,,,
HUAWEI,014130222,Optical Cable LC-LC-10MT-MULTI MODE ,€5 -750.0,$0.00,,,
HUAWEI,014130280,Optical Cable LC-SC-20MT SINGLE MODE ,,,,,
HUAWEI,014130280,Optical Cable LC-SC-20MT SINGLE MODE ,€5 -750.0,$0.00,,,
HUAWEI,014130296,Optical Cable LC-LC-5MT MULTIMODE  ,,,,,
HUAWEI,014130296,Optical Cable LC-LC-5MT MULTIMODE  ,€5 -750.0,$0.00,,,
HUAWEI,014130355,PATCH CORD - LSH/APC - FC/UPC - SINGLE-MODE - 20M - G.652D -3mm -,,,,,
HUAWEI,014130363,PATCH CORD - LSH/APC - LSH/APC - SINGLE-MODE - 3M - G.652D -3mm -,,,,,
HUAWEI,14130367,014130367,,,,,
HUAWEI,014130367,Optical Cable LC-SC-10MT-SINGLE MODE ,€5 -750.0,$0.00,,,
HUAWEI,014130368,Optical Cable LC-SC-15MT-SINGLE MODE ,,,,,
HUAWEI,014130368,Optical Cable LC-SC-15MT-SINGLE MODE ,€5 -750.0,$0.00,,,
HUAWEI,014130369,Optical Cable multi MODE SC-LC-20MT,,,,,
HUAWEI,014130369,Optical Cable multi MODE SC-LC-20MT,€5 -750.0,$0.00,,,
HUAWEI,014130425,Optical Cable Single Mode LC-SC-50 mt,,,,,
HUAWEI,014130425,Optical Cable Single Mode LC-SC-50 mt,€5 -750.0,$0.00,,,
HUAWEI,014130505,FIBER TYPE CABLE FC-SC 20MT ,,,,,
HUAWEI,014130505,FIBER TYPE CABLE FC-SC 20MT ,€5 -750.0,$0.00,,,
HUAWEI,014130594,Optical Cable MULTIMODE LC-LC-1MT ,,,,,
HUAWEI,014130594,Optical Cable MULTIMODE LC-LC-1MT ,€5 -750.0,$0.00,,,
HUAWEI,014130599,PACTCH CORD - LC/PC-FC/PC - SINGLE MODE - G657A2 -2mm - 20M - LSZH,,,,,
HUAWEI,014130600,Optical Cable LC-SC-15MT SINGLE MODE ,,,,,
HUAWEI,014130600,Optical Cable LC-SC-15MT SINGLE MODE ,€5 -750.0,$0.00,,,
HUAWEI,014130616,Optical Cable MULTI MODE LC-LC Armoured 10MT,,,,,
HUAWEI,02311KVA,RRU3260 LTE 2600 MHz (2T4R) Remote Radio Unit,,,,,
HUAWEI,014130616,Optical Cable MULTI MODE LC-LC Armoured 10MT,€5 -750.0,$0.00,,,
HUAWEI,014130622,OPTICAL DLCK-DLCK-2MICK40-L70,,,,,
HUAWEI,014130640,Optical Cable LC-LC-30MT-SINGLE MODE ,,,,,
HUAWEI,014130640,Optical Cable LC-LC-30MT-SINGLE MODE ,€5 -750.0,$0.00,,,
HUAWEI,014130643,Optical Cable SINGLE MODE 30MT UPC-UPC,,,,,
HUAWEI,014130643,Optical Cable SINGLE MODE 30MT UPC-UPC,€5 -750.0,$0.00,,,
HUAWEI,014130645,Optical Cable DLC / UPC single mode 50mT,,,,,
HUAWEI,014130645,Optical Cable DLC / UPC single mode 50mT,€5 -750.0,$0.00,,,
HUAWEI,014130647,Optical Cable  -DLC/UPC -DLC/UPC -single mode -70mt,,,,,
HUAWEI,014130647,Optical Cable  -DLC/UPC -DLC/UPC -single mode -70mt,€5 -750.0,$0.00,,,
HUAWEI,014130650,Optical Cable DLC/UPC - Single Mode 9/125um - 150mt,,,,,
HUAWEI,014130650,Optical Cable DLC/UPC - Single Mode 9/125um - 150mt,€5 -750.0,$0.00,,,
HUAWEI,014130669,PATCH CORD - LU/UPC - LC/UPC - 10M - G.657A2 -2mm,,,,,
HUAWEI,014130670,Optical Cable LC-LC-20MT-SINGLE MODE ,,,,,
HUAWEI,014130670,Optical Cable LC-LC-20MT-SINGLE MODE ,€5 -750.0,$0.00,,,
HUAWEI,014130676,PATCH CORD - LC/UPC - FC/UPC - SINGLE-MODE - 30M - G.657A2 -2mm,,,,,
HUAWEI,014130792,Optical Cable LC-LC MULTI MODE Armoured,,,,,
HUAWEI,014130792,Optical Cable LC-LC MULTI MODE Armoured,€5 -750.0,$0.00,,,
HUAWEI,014130801,Optical Cable LC-SC-40MT-SM Single mode ,,,,,
HUAWEI,014130801,Optical Cable LC-SC-40MT-SM Single mode ,€5 -750.0,$0.00,,,
HUAWEI,014130863,Optical Cable MULTIMODE LC-LC-30MT,,,,,
HUAWEI,014130863,Optical Cable MULTIMODE LC-LC-30MT,€5 -750.0,$0.00,,,
HUAWEI,014131261,OPTIC CABLE PARTS - 4E2000/APC+2LC/UPC - SINGLE MODE,,,,,
HUAWEI,014131589,Optical Cable PARTS - 6E2000/APC/SINGLE MODE,,,,,
HUAWEI,02080901,FLQ8-L-SC,,,,,
HUAWEI,02081012, STORAGE UNIT,,,,,
HUAWEI,020MEM,EF8F,,,,,
HUAWEI,020MWY,03020MWY,€0.0,$0.00,,,
HUAWEI,020PLS,TN81CO1,,,,,
HUAWEI,020QYR,03020QYR,€0.0,$0.00,,,
HUAWEI,020SNB,UBBPb,,,,,
HUAWEI,020UWX,UMPT,,,,,
HUAWEI,02100054,BTS ENVIRONMENT MONITOR UNIT (EMU),€0.0,$0.00,,,
HUAWEI,02103011,SLPU,,,,,
HUAWEI,02110511,OptiX Metro 155/622H (Metro 1000),,,,,
HUAWEI,02111743,OptiX Metro 6040,,,,,
HUAWEI,02111925,OptiX OSN 3500 ETSI,,,,,
HUAWEI,02112439,OPTIN OSN 3800 TN2K1CASE ,,,,,
HUAWEI,021124718,RRU KIT  50CM*12CM*1CM Wall Mount Kit,,,,,
HUAWEI,02112612,-CR0BYGSR,,,,,
HUAWEI,02112722,HERT BBU.WD2BBBUC.HERT BBU BOX,€65.7,$0.00,,,
HUAWEI,02112781,OptiX OSN 500,,,,,
HUAWEI,02112893,OPTIX OSN 1800 I,,,,,
HUAWEI,02112894,OPTIX OSN 1800 - TNFB1CASE,,,,,
HUAWEI,02113047,OPTIX PTN 910,,,,,
HUAWEI,02113058,CASSE OADM,,,,,
HUAWEI,02113077,OPTIX PTN 950 CASE,,,,,
HUAWEI,02113089,S9303 Assembly Chassis,,,,,
HUAWEI,02113090,S9306 ASSEMBLY Chassis,€2 -190.5,$0.00,,,
HUAWEI,02113095,Osn500 Tnhb00case01,€164.3,$0.00,,,
HUAWEI,02113203,TMC11H,,,,,
HUAWEI,02113254,OPTIX RTN 910 CHASIS,,,,,
HUAWEI,02113330,OPTIX OSN 550,€136.9,$0.00,,,
HUAWEI,02113352,OPTIX RTN 910 CHASIS,,,,,
HUAWEI,02113354,CASE-II (2U - FAN) FIBER STORAGE (TNFBDCCASE02),€0.0,$0.00,,,
HUAWEI,02113455,ATN 910 (Probably Chassis),,,,,
HUAWEI,02113607,ATN 950B Assembly Chassis(-48V)  - ANDB00CASE01,€0.0,$5 -000.00,,,
HUAWEI,02113718,BTS 3900 Chassis (VER. D - DC -48 V),€0.0,$0.00,,,
HUAWEI,02113719,BTS3900L Chassis,€0.0,$0.00,,,
HUAWEI,02113737,IBBS200D-Chassis,,,,,
HUAWEI,02113782,TMC11H,,,,,
HUAWEI,02113821,RTN 950A Assembly Chassis(-48V),,,,,
HUAWEI,02114225,12U Probe Server Base Configuration Chassis,€0.0,$0.00,,,
HUAWEI,02114374,CR5B0N68ES60 2.2M ROUTER ASSEMBLY CABINET WITH DOUBLE SWING DOOR,,,,,
HUAWEI,02114391,Antenna,€0.0,$0.00,,,
HUAWEI,02114671,ASSEMBLY Chassis BTS 3900A(220 V AC) HUAWEI,€54.8,$0.00,,,
HUAWEI,02115075,BTS Support Mount Kit,,,,,
HUAWEI,021150754,BTS Support Mount Kit,,,,,
HUAWEI,021152421,WD2K000EIK04 V3R6 Outdoor Base GSM-R,,,,,
HUAWEI,02120104,FAN,,,,,
HUAWEI,02120107,FAN ,,,,,
HUAWEI,02120110,FAN,,,,,
HUAWEI,02120130,FAN,,,,,
HUAWEI,02120142,NE40-4 FAN,,,,,
HUAWEI,02120173,FAN UNIT,,,,,
HUAWEI,02120182,FAN UNIT SSC6FAN,,,,,
HUAWEI,02120217,FAN,,,,,
HUAWEI,02120244,FANSSRX000FAN00 - OPTIX OSN 1500 Fan Unit,€54.8,$0.00,,,
HUAWEI,02120308,FAN,,,,,
HUAWEI,02120354,GM5E1BFAN BTS 3012 FAN,€109.5,$0.00,,,
HUAWEI,02120370,BASE STATION Controller 9 Fan Unit,€164.3,$0.00,,,
HUAWEI,02120371,SSTME2FANA01 Cabinet Fan Unit,€54.8,$0.00,,,
HUAWEI,02120382,FAN UNIT - H80E1FCBC,,,,,
HUAWEI,02120406,BSC 32 FAN - CR5E2TSR,€54.8,$0.00,,,
HUAWEI,02120408,CN2E2IFFB  - OSTA2.0 INTEGRATED FRAME Fan Unit ,€109.5,$0.00,,,
HUAWEI,02120427,DPD100-6-20,,,,,
HUAWEI,02120458,WD2E1FAN,€21.9,$0.00,,,
HUAWEI,02120463,HERT.WD22FMUB.FAN UNIT,€109.5,$0.00,,,
HUAWEI,02120464,TPFAN01A  FAN Unit,€65.7,$0.00,,,
HUAWEI,02120472,DC POWER DISTRIBUTION UNIT - DCDU-03B,€54.8,$0.00,,,
HUAWEI,021204726,02120472,€0.0,$0.00,,,
HUAWEI,02120476,TN8B0E1FAN00 Chassis Fan,€98.6,$0.00,,,
HUAWEI,02120477,TN7BE1FANB00,€87.6,$0.00,,,
HUAWEI,02120479,DC POWER DISTRIBUTION UNIT - DCDU-03C,€109.5,$0.00,,,
HUAWEI,021204796,02120479,€0.0,$0.00,,,
HUAWEI,02120480,FAN 01A,,,,,
HUAWEI,02120481,BSC 6600 H80F01FCBB81 - Fan Unit for 48-port VDSL2,€71.2,$0.00,,,
HUAWEI,02120482,E000FBX01 Integrated Chassis 3-fan Fan Unit,€219.0,$0.00,,,
HUAWEI,02120495,TN5M0E1FAN01 OSN8800 FAN ,€120.5,$0.00,,,
HUAWEI,02120514,CR5M000FBX61 Chassis FAN ,€21.9,$0.00,,,
HUAWEI,02120516,TN1E2FAN,€191.7,$0.00,,,
HUAWEI,02120529,CR52-PEMA 48V DC Power Entry Module NE40E-X3,€38.3,$0.00,,,
HUAWEI,02120532,T8280 Power Supply 220VAC-12DC-300W,€301.2,$0.00,,,
HUAWEI,02120540,USN9810 FAN FRAME CN2E02FFB CGA,€2 -135.7,$0.00,,,
HUAWEI,02120546,FAN UNIT - H8E1FMCA,,,,,
HUAWEI,02120554,LE0M00FBXB00 Wide Voltage 68 Fan Unit,€1 -150.0,$0.00,,,
HUAWEI,02120559,W048FAU0A FAN 02A,,,,,
HUAWEI,02120560,CR5M000PEM60 NE40E-X8 48V DC Power Entry Module,€21.9,$0.00,,,
HUAWEI,02120562,CR5M000FBX60 Fan Unit ,€129.2,$0.00,,,
HUAWEI,02120577,BBU3900 FAN WD2M000FAN02 | Fan module ,€59.1,$0.00,,,
HUAWEI,02120586,TN1E6FAN,,,,,
HUAWEI,02120609,SMARTAX MA5616 -FAN H83E1FCBB,,,,,
HUAWEI,02120615,FAN 01B,,,,,
HUAWEI,02120616,FAN 02B,,,,,
HUAWEI,02120618,DCDU-11B,,,,,
HUAWEI,02120632,CR52FCBE Fan Unit  -PGP,€284.8,$0.00,,,
HUAWEI,02120662,PFNS,,,,,
HUAWEI,02120664,CN2E01FMB OSTA.2 8290 FRAME Fan Unit,€273.8,$0.00,,,
HUAWEI,02120699,02120699-FAN-12C Fan Module,€0.0,$0.00,,,
HUAWEI,02120713,POWER DISTRIBUTION BOX AC/DC Power Rack,€273.8,$0.00,,,
HUAWEI,02120724,0,,,,,
HUAWEI,02120725,HERT WD2MUFAN03C FAN,€0.0,$0.00,,,
HUAWEI,02120730,DCDU-12A,€32.9,$81.00,,,
HUAWEI,02120731,DC Power Distribution Unit (DCDU),€71.2,$0.00,,,
HUAWEI,02120732,DCDU-12C,,,,,
HUAWEI,02120734,FAN 02D,,,,,
HUAWEI,02120747,FAN MODULE - H831FCBB0,,,,,
HUAWEI,02120757,WP1M00EPEM00 Power Entry Module -REV:a(PARCb),€412.9,$0.00,,,
HUAWEI,02120774,TNVE1FAN,,,,,
HUAWEI,02120826,TN18FAN - FAN ,,,,,
HUAWEI,02120866,Fan Unit / E000FBX08,,,,,
HUAWEI,02121114,TNS1FCD| - Fan Unit,€246.4,$0.00,,,
HUAWEI,02121606,H90F2FMMA - FAN ,,,,,
HUAWEI,02121774,DPD80-16-16 DC Power Distribution Box,€0.0,$0.00,,,
HUAWEI,02121775,FAN-HERT MPE-WD2E15FAN-OFU03D.,€0.0,$0.00,,,
HUAWEI,02121823,H90F2FMLA - FAN ,,,,,
HUAWEI,02121961,FT482A10 FAN TNG1FAN,€1 -752.4,$0.00,,,
HUAWEI,02122461,FAN UNIT - H90F3FMMA,,,,,
HUAWEI,02122720,DCDU16D,€0.0,$0.00,,,
HUAWEI,02130608,W0ACPSU00 POWER MODULE --33~65DEGC -90~290VAC --53.5V/30A,€120.5,$0.00,,,
HUAWEI,02130617,GERM4815T,,,,,
HUAWEI,02130748,AC-DC Power.-5degC.45degC.170V.275V.54V/37A.non US,€54.8,$0.00,,,
HUAWEI,02130809,Rectifier Module,€383.3,$0.00,,,
HUAWEI,02130859,LE0MPSA08 800W AC Power Module(Gray),€104.0,$0.00,,,
HUAWEI,02130865,CR52-PWRD-AC Rectifier.-10degC-55degC.90V-280V.48V/30A.,€180.7,$0.00,,,
HUAWEI,02130872,HUAWEI box module / Model EPW50-48,,,,,
HUAWEI,02130879,W0PSA5000,,,,,
HUAWEI,02130898,APIU,,,,,
HUAWEI,02130970,PAC-350WA-F,,,,,
HUAWEI,02130995,APIU,,,,,
HUAWEI,02131212,PAC-350WB-L 350W AC Power Module,€172.5,$1 -286.00,,,
HUAWEI,021JAH,PAMU,,,,,
HUAWEI,021MXJ,SL91EG4,,,,,
HUAWEI,021PFK,SL91ISV3,,,,,
HUAWEI,021QVV,NO REFERENCE,€0.0,$0.00,,,
HUAWEI,021UDH,RTN 950A CSHO,€318.7,$0.00,,,
HUAWEI,021VHD,WBBPF3,,,,,
HUAWEI,02230ADG,GPS AUXILIARY (RG-8U) KIT (INCL. ARRESTER - CONNECTORS - CABLES - TAPES),,,,,
HUAWEI,02230CJP,IFODU-5D01 -  Installation Accessories(5D) Assembly Kit,€0.0,$0.00,,,
HUAWEI,02230EYA,OCB-01M OUTDOOR CABLE CONNECTI,,,,,
HUAWEI,02230FQE,QWHMPACTER01. Package of Terminal for Single Input 25mm^2 DC Power Cable or Grounding Cable,,,,,
HUAWEI,02230HRK,1U box generic necessity accessories package.,,,,,
HUAWEI,02230HSN,ANDX00PWRC01. Power Cable Package(Includes 10m Power Cable & 10m PGND Cable set),,,,,
HUAWEI,02230JAB,ACCESSORY KIT - HUAWEI - S-M | ACCESSORY KIT (CONTAINS 12 METAL TERMINALS FOR .,,,,,
HUAWEI,02230LAA,GPBD - H80D00GPBD02,,,,,
HUAWEI,02231CRN,SPM60A AC Lightning protection box,€126.0,$0.00,,,
HUAWEI,02231EPA,Power connector -WaterProof Round Connector kit,€0.0,$0.00,,,
HUAWEI,02231EVH,multi-mode eSFP kit for 2.5GE or 3G CPRI -0.3km,,,,,
HUAWEI,02231FEN,SSNPACKRACK01,,,,,
HUAWEI,02231GJH,WD2M00EEUM00 Embedded Environment Monitoring Unit,€0.0,$0.00,,,
HUAWEI,02231GJJ,SSNPACKRACK01,,,,,
HUAWEI,02231XCK,Power Cable Package(Includes 8m Power Cable & 10m PGND Cable set).,,,,,
HUAWEI,02231XPH,SSNPCKRACK02 ,,,,,
HUAWEI,02231XPJ,SSNPackSubR01,,,,,
HUAWEI,02232222,OPTIX 2500+ (METRO3000),,,,,
HUAWEI,02232DLB,QWMP4310AAU0  DIN-4.3-10 ADAPTER JUMPER KIT,€0.0,$0.00,,,
HUAWEI,02232FHR,1U Power Cable Package(Includes 8m Power Cable & 10m PGND Cable set,,,,,
HUAWEI,02232PAN,MPE AUX METERIALS KIT FOR BBU 5900,€0.0,$0.00,,,
HUAWEI,02232RRK,Huawei APMTS01 Outdoor Power System Generic Delivery Accessories Package,,,,,
Huawei,02232UBN,RRU5909 MultiMode 900Hz 2x60W,,,,,
HUAWEI,02232WES,OXC Cleaning Tools Kit (Mandatory Component For OXC Subrack),,,,,
HUAWEI,02233AVX,Cab Pwr Cable OT End Term Set,,,,,
HUAWEI,02233CEL,GPS Antenna,€0.0,$0.00,,,
HUAWEI,02233DFE,MPE SITE MATERIALS KIT_2U,,,,,
HUAWEI,02234854,"DBS 1/2"" SuperFlexible Cable -Antenna Feeder Accessories Kit Per Sector",€5 -750.0,$0.00,,,
HUAWEI,02234857,TMA Macro cell And 40WRRU Double Tower Mounted Amp,€0.0,$0.00,,,
HUAWEI,02234858,SBT Kit with AISG CABLE,€5 -750.0,$0.00,,,
HUAWEI,02236527,ALARM UNIT,€0.0,$0.00,,,
HUAWEI,02237111,BSC 6900 WP11OMUb,€1 -067.9,$0.00,,,
HUAWEI,02237123,WP11OMUa Board,€1 -423.8,$0.00,,,
HUAWEI,02237127,OPTIX 2500+ (METRO3000),,,,,
HUAWEI,02237415,OCB (Outdorr Connection Box) DC POWER C,,,,,
HUAWEI,02237428,DBS Antenna FEEDER INST AUX Assembling Kit ,€0.0,$0.00,,,
HUAWEI,02237536,OPTIX WDM / INSTALL  KIT,,,,,
HUAWEI,02237895,EPS30-4815AF,,,,,
HUAWEI,02237901,DC power cables consist of the power cable for a 180 W/260 W/3,,,,,
HUAWEI,02238083,RTN 600 IFX Board Delivery Accessories,,,,,
HUAWEI,02238587,OMUa WP11OMUa,€2 -847.6,$0.00,,,
HUAWEI,02238806,Wp11omua,€569.5,$0.00,,,
HUAWEI,02239135,IFODU-5D00 -  INSTALLATION ACCESSORIES(5D) Assembly Kit,€0.0,$0.00,,,
HUAWEI,02239349,SITE MATERIALS KIT - SITE AUXILIARY MATERIAL KIT,,,,,
HUAWEI,02239582,SERVICE AWARE UNIT (SAU Board),€690.0,$0.00,,,
HUAWEI,02239643,Grounding Cable Power cable 2.5mm + Set of connectors etc,€5 -750.0,$0.00,,,
HUAWEI,02239645,Site Materials Kit,,,,,
HUAWEI,02239646,Grounding Cable+Power Cable 2.5mm+Set of connectors etc,€5 -750.0,$0.00,,,
HUAWEI,02239675,ATN 2U Standard Auxiliary Material Package,,,,,
HUAWEI,02270017,DC-NEPS600,,,,,
HUAWEI,02270059,HUAWEI DC/DC POWER Module -3700W --5DEGC -55DEGC --38V,€284.8,$0.00,,,
HUAWEI,02270078,CR52-PWRA-DC DC/DC Power Module,,,,,
HUAWEI,02270082,DC/DC POWER Module 100W W0POWER01,€0.0,$0.00,,,
HUAWEI,02270089,CR52-PWRB-DC POWER MODULE,,,,,
HUAWEI,02270099,W2PSD2201,,,,,
HUAWEI,022HEM,W2PSD2201,,,,,
HUAWEI,022HKB,W2PSD2201,,,,,
HUAWEI,022VHK,W2PSD2201,,,,,
HUAWEI,022VUU,03022VUU,€0.0,$0.00,,,
HUAWEI,02300395,OPTIX METRO 3100,,,,,
HUAWEI,02300483,Optix OSN 3500,,,,,
HUAWEI,02300486,Optix OSN 2500,,,,,
HUAWEI,02300496,OptiX OSN 1500 - SSR1AFB - Subrack,€547.6,$0.00,,,
HUAWEI,02300518,OPTIX METRO 6100,,,,,
HUAWEI,02300520,OPTIX METRO 6100,,,,,
HUAWEI,02300527,CHASSIS /  -H60K2HABF,,,,,
HUAWEI,02300529,SST1AFB Subrack ,€547.6,$0.00,,,
HUAWEI,02300549,SSEK5AFB OPTIX 1600 Chassis,€0.0,$0.00,,,
HUAWEI,02300562,PARC BASE SHELF WP1K1PBCS,€273.8,$0.00,,,
HUAWEI,02300603,SUBRACK MA5680T - H80K1MABH,,,,,
HUAWEI,02300612,GEPS4890-30AR DC EMBEDDED POWER SYSTEM,€383.3,$0.00,,,
HUAWEI,02300615,TNB1AFB Chassis OPTIX PTN 3900,€1 -642.9,$0.00,,,
HUAWEI,02300618,SSNK01EAFB OSN 3500 OPTIX Subrack,€547.6,$0.00,,,
HUAWEI,02300619,OPTIX OSN 2500,,,,,
HUAWEI,02300628,WASN9770,,,,,
HUAWEI,02300642,TN52AFB  - Assembly Subrack(OSN 8800 T32).,€1 -369.0,$0.00,,,
HUAWEI,02300643,OPTIX OSN 6800A,,,,,
HUAWEI,02300651,T8280 INTEGRATED FRAME,€1 -369.0,$0.00,,,
HUAWEI,02300652,"TN1K3AFB Assembly Subrack(OSN 6800).
",€547.6,$0.00,,,
HUAWEI,02300653,OSN 1500B SSRK000AFB01 - Subrack,€383.3,$0.00,,,
HUAWEI,02300665,SSN1SUBRACK01 Type III Subrack OSN 3500,€657.1,$0.00,,,
HUAWEI,02300666,OptiX OSN 7500 Chassis,,,,,
HUAWEI,02300674,TNN1AFB07 OSN 7500 Subrack,€1 -095.2,$0.00,,,
HUAWEI,02300696,TN1K7AFB Chassis OSN8800 T16,,,,,
HUAWEI,02300703,SUBRACK MA5680T - H80K1MABH,,,,,
HUAWEI,02300704,TN53AFB Assembly Subrack(OSN 8800 T32 Enhanced),€1 -642.9,$0.00,,,
HUAWEI,02300708,SUBRACK MA5680T - H80K1MABH,,,,,
HUAWEI,02300711,CN2K01T8290  OSTA 2.0 8290 Frame,€1 -095.2,$0.00,,,
HUAWEI,02300766,ASSEMBLY SUBRACK OSN 8800,,,,,
HUAWEI,02300783,Optix OSN 1800v,,,,,
HUAWEI,02300802,FIBRE STORAGE TRAY,,,,,
HUAWEI,02301621,TMBK01AFB Assembly Chassis(OptiX OSN 1800 II TP -DC),,,,,
HUAWEI,02301736,02301736-OPTIX OSN 9800 P32 CHASIS,€0.0,$0.00,,,
HUAWEI,02310AGF,CX600 SERIES FAN ,,,,,
HUAWEI,02310AGJ,CX600 SERIES FAN,,,,,
HUAWEI,02310AGW,LRFU 80B20,,,,,
HUAWEI,02310ANF,02312ANF,€0.0,$0.00,,,
HUAWEI,02310BES,SLBE1FAN / RTN 980 RTN 980 FAN,€109.5,$0.00,,,
HUAWEI,02310BTQ,N/A,€0.0,$0.00,,,
HUAWEI,02310CEW,WD5M18MRFU07  BTS3900A MRFUd 900MHz EGSM,€1 -095.2,$0.00,,,
HUAWEI,02310CGS,HUAWEI RRU3828  2100MHz UMTS for DBS3900 DBS5900,€547.6,$0.00,,,
HUAWEI,02310CJV,RRU3929,,,,,
HUAWEI,02310CJW,RRU 3908,,,,,
HUAWEI,02310CKD,RRU3829 2100MHz,,,,,
HUAWEI,02310CNF,HXFP8441-290|OPTIX WS OPM GEN -SSX4T2XP09 -10.71G OPTICAL TRANSPONDER(-19DBM~0DBM -1550NM;800PS,€164.3,$0.00,,,
HUAWEI,02310CNK,LS5MPSD17  Power Module 170W DC,€74.8,$302.00,,,
HUAWEI,02310CWJ,ePico3801B UMTS Enhanced Micro Base Station INCL ANTENNA,,,,,
HUAWEI,02310CXA,RRU3702 WIMAX,,,,,
HUAWEI,02310CXB,RRU 3702,,,,,
HUAWEI,02310DRN,1-Port 4 Pair G.SHDSL WAN Interface Module,€93.1,$0.00,,,
HUAWEI,02310EKR,TN5M3ND201 -Optix OSN 8800 -Line Serv Brd,€460.0,$0.00,,,
HUAWEI,02310ERS,Power supply unit  R4850N1,,,,,
HUAWEI,02310EUM,ATOM BTS -WD6MMDOCK1a -Dock-1a Unit,€0.0,$0.00,,,
HUAWEI,02310FFA,Power supply unit  R4850G2 ,,,,,
HUAWEI,02310FJD,Rectifier Module - R4850 - 2U - 3000W - High Efficiency,€131.4,$0.00,,,
HUAWEI,02310FJV,CR52PFUC - Filtering Module ,€54.8,$0.00,,,
HUAWEI,02310GBM,ES5M0PSD1700 1700W DC power Module,€82.1,$0.00,,,
HUAWEI,02310GVT,eRRU3232 Multi-mode Multi-carriers Remote Radio Unit(1785-1800MHz -AC).,,$45 -910.00,,,
HUAWEI,02310HBJ,WD2MR4850G00 - Rectifier Module - R4850 - 1U - 3000W - High Efficiency.,€164.3,$0.00,,,
HUAWEI,02310HFW,HUAWEI RRU3926,€328.6,$0.00,,,
HUAWEI,02310HFY,RRU3926 900MHz,,,,,
HUAWEI,02310HHE,RRU3232,,,,,
HUAWEI,02310JFA,ES0W2PSA0150 ,,,,,
HUAWEI,02310JFD,150W DC POWER MODULE,,,,,
HUAWEI,02310JLJ,AR01SLV1XA  1-Port VDSL2 over POTS WAN Interface Module,€136.9,$0.00,,,
HUAWEI,02310JUU,RECTIFIER R4815N1 1000W,,,,,
HUAWEI,02310JWY,WRFUE For WCDMA 2100mhz (2*80w) 3G Qwmmwrfu8101,,,,,
HUAWEI,02310KBH,MRFU for Multi-Mode 1800MHz,,,,,
HUAWEI,02310KGE,ETP4830,,,,,
HUAWEI,02310KKQ,Wd5m21382600 HUAWEI Rru 2100mhz,€547.6,$0.00,,,
HUAWEI,02310LAL,WRFUA FOR WCDMA 2100MHZ 1*100W ,€438.1,$0.00,,,
HUAWEI,02310LHN,IT11002K5P00 2500W Server DC Power Supply Module,€0.0,$0.00,,,
HUAWEI,02310LKL,IT1MPOWERM00 EPW3000-12A 3000W platinum AC Power Supply Unit,€109.5,$0.00,,,
HUAWEI,02310LMH,RRU3256 4T4R 80MHZ LTE TDD 2300MHZ,,,,,
HUAWEI,02310LYP,Power Monitor Unit (PMU),€32.9,$0.00,,,
HUAWEI,02310LYX,02310LYX-RRU 2100MHZ 3G,€0.0,$0.00,,,
HUAWEI,02310MAA,3838 RRU.B01.2100-2.080.2T2R.Y/XC.SFP.25900DC 3G,€876.2,$0.00,,,
HUAWEI,02310MDU,HUAWEI OPTIX METRO 100,,,,,
HUAWEI,02310MJW,ETP48100-B1,,,,,
HUAWEI,02310MKS,RRU3232,,,,,
HUAWEI,02310MNN,RRU3936  900MHz,,,,,
HUAWEI,02310MNP,Same as 02310MNN,,,,,
HUAWEI,02310MNQ,RRU3936 1800MHz,,,,,
HUAWEI,02310MNS,WD5M9E393600 RRU3936 for Multi-mode 900MHz EGSM,€920.0,$0.00,,,
HUAWEI,02310MNW,SFP-10G-USR  10GBASE-USR OPTICAL Transceiver -SFP+ -,€32.9,$0.00,,,
HUAWEI,02310MNY,RRU3232 - WD5MKSRB1AK,,,,,
HUAWEI,02310MPA,MRFU V2 OPTIMIZED Module,€1 -095.2,$0.00,,,
HUAWEI,02310MPN,NE40E-X2-M8 DC Fan Unit.,€87.6,$0.00,,,
HUAWEI,02310NAH,ATN 910,,,,,
HUAWEI,02310NJB,OptiX RTN.PI-DC B10.power injector,,,,,
HUAWEI,02310PLY,SMU01C Site Moni,,,,,
HUAWEI,02310PMJ,PAC-600WA-F,,,,,
HUAWEI,02310PVU,0,,,,,
HUAWEI,02310PWC,"ANPM000AOC00
ATN 905A System -Outdoor -AC -2*GE/FE Combo -2*GE/FE(o) -2*GE(o).",€0.0,$0.00,,,
HUAWEI,02310PWP,RRU3938 900MHz RF Unit,,,,,
HUAWEI,02310PYC,RRU 3938 900 E gsm,,,,,
HUAWEI,02310QAT,AR160 Series Access Router,€57.5,$0.00,,,
HUAWEI,02310QDG,WD5M08LRRU68 RRU3268 for LTE 800M (2*40W),€1 -369.0,$36 -300.00,,,
HUAWEI,02310QMB,GPFD - H80D00GPFD01,,,,,
HUAWEI,02310QMP,CR5M002FBX72 X2 M16 Fan Unit,€109.5,$0.00,,,
HUAWEI,02310QMT,MRFUd 900MHz,€821.4,$0.00,,,
HUAWEI,02310QNN,2200 W DC Power Supply,€93.1,$0.00,,,
HUAWEI,02310QSB,SUBRACK-6 CORES 1U*482mm*265mm HUAWEI GREY-STEE SHEET 19*,,,,,
HUAWEI,02310QSL,H83MMA569823. xPON/GE Multi-service Access Module Assembly Chassis(AC. supporting backup power.2GE ETH+2GE ETH/Fiber COMBO.supporting 3 CLOCK. without Optical Transceiver).,€657.1,$4 -600.00,,,
HUAWEI,02310QSM,xPON/GE Multi-service Access Module Assembly Chassis(double DC.2GE ETH+2GE ETH/Fiber COMBO.supporting 3 CLOCK.without Optical Transceiver).,€657.1,$4 -430.00,,,
HUAWEI,02310QXA,MPW800-48A-1 -AC/DC POWER  Module,€0.0,$0.00,,,
HUAWEI,02310RAV,HUAWEI 1000BASE-T SFP Module - RJ45 Electrical Module,€21.9,$0.00,,,
HUAWEI,02310RFR,CR56PMUA Energy/Power Monitoring Module,€43.8,$0.00,,,
HUAWEI,02310RLA,Optix OSN 1800 ALL-IN-ONE Fan Unit,,,,,
HUAWEI,02310RMM,Power supply unit  R4850N2,,,,,
HUAWEI,02310SFM,WD2M00PEIUD2 Power And Environment Interface Unit,€82.1,$0.00,,,
HUAWEI,02310SHW,pRRU3901 -WD6M1PRU3 -pRRU -LTE Single-mode Remote Radio Unit(BandIII:TX1805-1860MHz/RX1710-1765MHz -PoE/12VDC -1.25G -2T2R -2*100mW - Installation Kit will be checked) ,€747.5,$0.00,,,
HUAWEI,02310SUV,((rru 1800mhz 4g Wd80drh3918b)) not verified,,,,,
HUAWEI,02310SVL,RRU3929 ,,,,,
HUAWEI,02310TLL,Same as 02310MNQ,,,,,
HUAWEI,02310TQD,Power supply unit  R4850N6,,,,,
HUAWEI,02310UGP,RH2288-8 disks,€0.0,$0.00,,,
HUAWEI,02310UMD,SERVER E9000 SHELF Module(6*AC POWER 14*FAN B,€0.0,$0.00,,,
HUAWEI,02310UNY,WD5M21382401 - RRU3824 for WCDMA 2100M (1*60W),,,,,
HUAWEI,02310UPA,RRU3826 2100MHz 80W,€127.0,$0.00,,,
HUAWEI,02310UUQ,WRFU 2100,,,,,
HUAWEI,02310VBV,SLD3IRU101 RTN 905 System 4*GE(RJ45)+2*GE(SFP)+16*E1+2*STM-1(SFP)+2*Combo Port+1*IF IDU Unit(-48VDC). INDOOR MWave,€1 -642.9,$4 -200.00,,,
HUAWEI,02310VTE,WD2M048BBU10 BBU3910 Box,€0.0,$0.00,,,
HUAWEI,02310WWE,RRU 3262,,,,,
HUAWEI,02310WYG,HUAWEI BBU 3910,,,,,
HUAWEI,02310XFC,RRU3826 2100MHz,,,,,
HUAWEI,02310YAQ,HV0M1UCS Universal Calculate Server -12C128G -,€0.0,$0.00,,,
HUAWEI,02310YDR,ATN 905 DC System -Indoor -DC -2*GE/FE Combo -2*GE/FE(o) -2*GE/FE(e),€219.0,$0.00,,,
HUAWEI,02310YSU,RRU3826 2100MHz (02310XFC // 02310KKQ),,,,,
HUAWEI,02310YTD,CFP-100G-LR4,,,,,
HUAWEI,02311397,SSBM1SICU,,,,,
HUAWEI,02311665,LDGD,,,,,
HUAWEI,02311769,Optix Metro 500,,,,,
HUAWEI,02311924,MR2,,,,,
HUAWEI,02311994,OptiX DWDM SSEM2MR201 C-BAND Extended 2-Channel Optical  ,,,,,
HUAWEI,02311AHG,RRU 3959,,,,,
HUAWEI,02311AJT,BBU3910A3 WD2M048BBU1A (-48) ,€547.6,$0.00,,,
HUAWEI,02311APA,WD5M18395300 RRU3953 for Multi-mode 1800MHz (2*80W),€2 -738.1,$0.00,,,
HUAWEI,02311ARG,CR2P2EBASD10 NE20E-S2E,,,,,
HUAWEI,02311ASE,Optical transceiver-SFP+-850nm-8.5Gbps--8dBm--1.3dBm--11.2dBm-LC-MM-0.15km,€38.3,$0.00,,,
HUAWEI,02311BBK,RRU3953w for Multi-mode 1800MHz (2*80W).,,$179 -300.00,,,
HUAWEI,02311BBM,RRU3959-1800,,,,,
HUAWEI,02311BDR,HUAWEI Radio Remote Unit 3839 2100,,,,,
HUAWEI,02311BDR,RRU3839 ,,,,,
HUAWEI,02311BHJ,PSUF-DC Power Supply Unit 600W,,,,,
HUAWEI,02311BJS,BTS3911E 2100M+1800M WDMIMB DGX0A 02311HEQ WD6MIMB,€273.8,$0.00,,,
HUAWEI,02311BPD,RRU3959 WD5MJRUAC8E0 02311BPD 02310CJW for 900MHz/1800MHz/2100MHz,,,,,
HUAWEI,02311BPE,RRU3959W,,,,,
HUAWEI,02311BQQ,NE20E-S2 Fan Unit,,,,,
HUAWEI,02311BQR,NE40E-M2E FAN MOD,,,,,
HUAWEI,02311BTE,WD5M18395903-RRU3959wforMulti-mode1800MHz(2*60W),,,,,
HUAWEI,02311BYE,RRU3959 for Multi-mode 1800MHz (2*60W),€383.3,$0.00,,,
HUAWEI,02311CHK,WD2M000FAN08 2U FAN Module,€27.4,$0.00,,,
HUAWEI,02311CMD,AAU3920 Easy Macro 1800 MHz - 2100 MHz - and 2500–2690 MHz,,,,,
HUAWEI,02311CNP,PM2200W DC Power Supply,€0.0,$0.00,,,
HUAWEI,02311CPG,LRFUe for LTE 2600MHz (2*60W),€0.0,$0.00,,,
HUAWEI,02311DUV,WD2ME2PDU03D - PDU,€54.8,$0.00,,,
HUAWEI,02311DYK,MRFUD FOR MULTI-MODE 1800MHZ,€0.0,$0.00,,,
HUAWEI,02311EKM,RRU 3952m B03 1800MHZ/B01 2100MHZ 3G4G,€547.6,$0.00,,,
HUAWEI,02311EKS,RRU 3952M B01 2100MHZ/B03 1800MHZ 3G4G,€711.9,$0.00,,,
HUAWEI,02311EQL,LRFUe BTS3900/BTS5900  WD5M08LRFUE1 800MHZ 4G,€547.6,$0.00,,,
HUAWEI,02311GYC,RRU B07 2600MHZ ,€876.2,$0.00,,,
HUAWEI,02311GYV,RRU3959 2100MHz 900/1800/2100MHz multi‑band (2×60 W) GSM/WCDMA/LTE,,,,,
HUAWEI,02311HEF,RRU3281,,,,,
HUAWEI,02311HKL,WD5M18397100 RRU3971 for Multi-mode 1800MHz (4*40W),€500.0,$0.00,,,
HUAWEI,02311JAP,RRU3959-1800,,,,,
HUAWEI,02311JDJ,WD5M21395800 RRU3958 for Multi-mode 2100MHz (2*40W),€547.6,$0.00,,,
HUAWEI,02311JHY,RRU3962 for Multi-mode 1800MHz-2100MHz (2*80W).,,$149 -650.00,,,
HUAWEI,02311KHK,RRU3971 - Remote Radio Unit - 1800MHz - Multi-Mode - 4x40W,€383.3,$0.00,,,
HUAWEI,02311KVB,RRU3268,,,,,
HUAWEI,02311KWT,RRU3662 850MHz,,,,,
HUAWEI,02311LDE,RRU3268 - WD5MLRUA8K0L - 862MHZ.,€657.1,$0.00,,,
HUAWEI,02311MAE,02311MAE-RRU B07 2600MHZ 4G,€0.0,$0.00,,,
HUAWEI,02311MJH,RRU3936 WD5MJRUD88EB 02311MJH for DBS3900 D,€164.3,$0.00,,,
HUAWEI,02311MYP,RRU3959 -WD5MIRUYC10F -KUNLUN -TX2110-2165MHz/RX1920-1975MHz --48VDC -9.8G -2T2R -2*60W,,,,,
HUAWEI,02311NCV,RRU3971 WD5MIRUIG10,,,,,
HUAWEI,02311PFF,RRU5301-WD5MLRUMG70-WUYI(TX2620-2690MHz/RX2500-2570MHz --48VDC -9.8G -4T4R -4*40W),,,,,
HUAWEI,02311PPP,WD5M18590900 RRU5909 for Multi-Mode 1800MHz (2*60W) ,,,,,
HUAWEI,02311PRD,RRU5905 for Multi-Mode 1800MHz(2*80W),,,,,
HUAWEI,02311QFY,WD5M21395300 RRU3953 RRU.B01-2100MHZ 2T4R,,,,,
HUAWEI,02311QMD,WD5M185901GB RRU5901 for Multi-Mode 1800MHz(4*40W),,,,,
HUAWEI,02311QRL,Antenna pRRU3911-WD6MXAAD6AV0,€0.0,$0.00,,,
HUAWEI,02311QXQ,AAU3920 Easy Macro 1800 MHz and 2100 MHz,,,,,
HUAWEI,02311SJK,RRU5905W FOR MULTI-MODE 1800MHZ ( 2*80W ),,,,,
HUAWEI,02311SNY,RRU5507,,,,,
HUAWEI,02311TAY,RRU5909 -WD5MJRULC8B -WUYI -TX935-960MHz/RX890-915MHz --48VDC -9.8G -2T2R -2*60W,,,,,
HUAWEI,02311TBA,WD5M9E5909GB. RRU5909 for Multi-Mode 900MHz,,,,,
HUAWEI,02311TBC,RRU5909-2100,,,,,
HUAWEI,02311TBD,WD5M215909GB RRU5909 for Multi-Mode 2100MHz(2*60W),,,,,
HUAWEI,02311TVH,WD2M0UPEUE00 Power and Environment interface Unit(-48V) UPEUe,,,,,
HUAWEI,02311TVV,RRU5309 for LTE 800MHz(2*60W). WD5M085309GB,,,,,
HUAWEI,02311ULG,RRU3279,,,,,
HUAWEI,02311UWH,WD5M185904GB RRU5904 for Multi-Mode 1800MHz(4*60W),,$207 -552.00,,,
HUAWEI,02311UWT,WD5M215904GB RRU5904 for Multi-Mode 2100MHz(4*60W),€876.2,$0.00,,,
HUAWEI,02311VFF,WD2M0BBU5900 BBU5900 Box (Shelf),€175.00,,,,
HUAWEI,02311VGW,FANd WD2M000FAN 2U FAN MODULE ,€82.1,$0.00,,,
HUAWEI,02311VGY,RRU3953s 900MHz,,,,,
HUAWEI,02311VJV,Power supply unit  R4850G6,,,,,
HUAWEI,02311VMD,RRU5501,,,,,
HUAWEI,02311WJQ,SLD4IRU201 OptiX RTN 905F - Function Module -SLD4IRU201 -4*GE(RJ45)+2*GE(SFP)+4*10GE(SFP+)+2*STM-1(SFP)+16*E1+2*IF IDU Unit(-48VDC),,,,,
HUAWEI,02312284,LWXD,,,,,
HUAWEI,02312525,UPWR,,,,,
HUAWEI,02312678,MR2,,,,,
HUAWEI,02312700,OCU,,,,,
HUAWEI,02312896,LDG,,,,,
HUAWEI,02312AAR,RRU5901w,,,,,
HUAWEI,02312AFM,RRU5258 3700,,,,,
HUAWEI,02312ANF,Intel Xeon Platinum 8176(2.1GHz/28-core/38.5MB/165W) Processor (with narrow Integrated heatsink). BC6MD0CPU,€1 -150.0,$0.00,,,
HUAWEI,02312BCY,RRU5905 900 Mhz,,,,,
HUAWEI,02312BSJ,RRU5502 1800-2100MHz,€700.00,$800.00,,,
HUAWEI,02312BSS,OSN010N24 High Speed Transceiver -QSFP28 -1310nm -100G --4.3dBm -4.5dBm --8.6dBm -LC -SMF -10km,,,,,
HUAWEI,02312CME,RRU5304 (2600 MHz),,,,,
HUAWEI,02312DDF,WD5MBW5502UT RRU5502,,,,,
HUAWEI,02312EPX,RRU5905,,,,,
HUAWEI,02312ESG,OPTIX RTN 320 F OAU 2 F,€575.0,$0.00,,,
HUAWEI,02312FUC,AAU 5613,,,,,
HUAWEI,02312FXL,RRU5258_3500,,,,,
HUAWEI,02312FYP,RRU5909 700M,,,,,
HUAWEI,02312GCA,RRU5258 2600,,,,,
HUAWEI,02312GCS,RRU5304W,,,,,
HUAWEI,02312GEB,RRU5509T 700MHZ~900MHZ,,,,,
HUAWEI,02312GUW,RRU5301 1452-1492,,,,,
HUAWEI,02312HMY,RRU3971a,,,,,
HUAWEI,02312JKA,RRU5308 for LTE 800MHz(2*40W) WD5MD85308GB,,,,,
HUAWEI,02312KYA,RRU5251_2300,,,,,
HUAWEI,02312LXR,RRU5301 2650-2685,,,,,
HUAWEI,02312MAW,GPHF - H902GPHF02,,,,,
HUAWEI,02312NVQ,QSFP28-100G-1310-40km-SM High Speed Transceiver -QSFP28 -1310nm -100G --2.9dBm -2.9dBm --20.9dBm -LC -40km,,,,,
HUAWEI,02312PWA,RRU5903,,,,,
HUAWEI,02312QFM,RRU5258,,,,,
HUAWEI,02312QFS,RRU5258 for Multi-Mode 2575MHz~2615MHz(8*30W),,,,,
HUAWEI,02312QTD,R4850G2 02310QYW 02310FFA 02312QTD HUAWEI R4850G2,,,,,
HUAWEI,02312RMS,TaiShan 200 (Model 2280) 512G Standard Configuration(2*Kunpeng 920-64Core@2.6GHz CPU -16*32G Memory -12*1200GB SAS HDD -Avgo3508(2G cache)+SuperCap -2*4 GE -2*4 10GE/25GE SFP+ -2*2000W AC).,€0.0,$0.00,,,
HUAWEI,02312RQE,RRU5502 B03 1800-B01 2100MHz 48V33A 4T4R,,,,,
HUAWEI,02312RSM,ANRB00CASE01 Assembly Chassis(DC),,,,,
HUAWEI,02312SGW,hRRU5901 for Multi-Mode 1800MHz(2*40W).,,$48 -196.00,,,
HUAWEI,02312SJM,RRU5519et,,,,,
HUAWEI,02312TPC,RRU5519et,,,,,
HUAWEI,02312TQK,RRU 5515t,,,,,
HUAWEI,02312XBW,RRU5508_900,,,"400 mm x 300 mm x 150 mm (18 L)
21kg",,
HUAWEI,02312YMW,RRU5512T,,,,,
HUAWEI,02313088,LWM,,,,,
HUAWEI,02313555,MM.850N.1250.500M.C,,,,,
HUAWEI,02313728,HUAWEI OPTIX METRO 100,,,,,
HUAWEI,02313949,TMX,,,,,
HUAWEI,02313978,LWM (SSCM6LWM05),,,,,
HUAWEI,02313982,LOG (SSCM6LOG05),,,,,
HUAWEI,02313995,LOG (SSCM6LOGT01),,,,,
HUAWEI,02313CQM,RRU5909 MultiMode 900Hz 2x60W,,,,,
HUAWEI,02313ETG,RRU5909N,,,,,
HUAWEI,02313EYK,RRU5502N_2100-DEM,,,,,
HUAWEI,02313FAQ,RRU5904N,,,,,
HUAWEI,02313NWQ,RRU5513t Multimode for 1800MHz/2100MHz/2600Mhz 4x100W,,,,,
HUAWEI,02313VHS,RRU5512,,,,,
HUAWEI,02314171,1.25G 100m RJ45 ESFP,,,,,
HUAWEI,02314260,AS8 (SSCM7AS8T03),,,,,
HUAWEI,02314334,L4G (SSCM7L4GT01),,,,,
HUAWEI,02314430,L4G (SSCM7L4G03),,,,,
HUAWEI,02314442,AS8 (SSCM7AS801),,,,,
HUAWEI,02314539,BBU3806,,,,,
HUAWEI,02314551,32 PORT EMUA ENVIRONMENT MONITORING Module(-48VDC),€136.9,$0.00,,,
HUAWEI,02314819,BBU3806-QWFMHBBUQ,,,,,
HUAWEI,02314919,ETMX [SSCM8ETMXT01],,,,,
HUAWEI,02314CKK,RRU5910 900MHz,,,,,
HUAWEI,02314ERO,RRU 5517t,,,,,
HUAWEI,02314MKL,RRU5910x 850MHz,,,,,
HUAWEI,02315076,DOUBLE Transceiver UNIT GM5M6DTRU,€575.0,$0.00,,,
HUAWEI,02315111,BTS3606 EPMU01 Power Supply RECTIFIER - GM51DEPM,€121.6,$0.00,,,
HUAWEI,02315118,GM5M6DDPU  - DUAL DUPLEXER UNIT FOR DTRU BTS,€438.1,$0.00,,,
HUAWEI,02315200,HUAWEI 1250Mbps SFP Transceiver - LC Connector P/N 2315201,€230.0,$0.00,,,
HUAWEI,02315204,Optical Transceiver -eSFP -GE -Multi-mode Module(850nm -0.55km -LC),€21.9,$0.00,,,
HUAWEI,02315205,Optical Transceiver -eSFP -100M/155M -Single-mode Module(1310nm -15km -LC),€21.9,$0.00,,,
HUAWEI,02315285,Optical Transceiver -eSFP -GE -BIDI Single-mode Module(TX1310/RX1490 -10km -LC),€230.0,$0.00,,,
HUAWEI,02315286,Optical Transceiver -eSFP -GE -BIDI Single-mode Module(TX1490/RX1310 -10km -LC),€230.0,$0.00,,,
HUAWEI,02315296,TMX (SSCM7TMXT01),,,,,
HUAWEI,02315528,WD2MUPEUA - Power Supply AND ENVIRONMENT INTERFACE BOARD,€49.3,$0.00,,,
HUAWEI,02315615,BBU3806,,,,,
HUAWEI,02315639,WD2M00UEIU00 Universal Environment Interface Control Unit,€32.9,$0.00,,,
HUAWEI,02315664,DUAL DUPLEXER UNIT FOR DTRU BTS,€356.0,$0.00,,,
HUAWEI,02315692,DOUBLE Radio And FILTER UNIT-DRFU Module,€115.0,$0.00,,,
HUAWEI,02315804,WRFU 2100 Radio BASE STATION TXRX 2100MHZ 80W,€219.0,$0.00,,,
HUAWEI,02315848,BBU3900 - QWLM1BBU2 - Distributed Base Station Base Band Unit (-48 V),€109.5,$0.00,,,
HUAWEI,02315989,Data communication processing module GRFU 900MHz PGSM,€109.5,$0.00,,,
HUAWEI,02316005,EPMU0302316005,,,,,
HUAWEI,02316042,CF-1G,,,,,
HUAWEI,02316203,RRU3804-QW3M1RRUD - 2100Mhz,,,,,
HUAWEI,02316255,MA5600-EASYKIT  LCT,,,,,
HUAWEI,02316361,GM5M4DRFU  - DOUBLE Radio AND FILTER UNIT,€180.7,$0.00,,,
HUAWEI,02316417,LPUF20A,,,,,
HUAWEI,02316449,RRU3702 ,,,,,
HUAWEI,02316784,150W DC POWER MODULE GRAY,,,,,
HUAWEI,02316791,RRU3804 -WD5MARU261 -DISTRIBUTED BASE STATION RADIO,€328.6,$0.00,,,
HUAWEI,02316867,LE0MPSD16 1600W DC Power Module(Gray),€54.8,$0.00,,,
HUAWEI,02316957,OPTIX PTN 912,,,,,
HUAWEI,02317086,EchoLife HG850a,,,,,
HUAWEI,02317165,MRRU.BXX.1800.B.080,,,,,
HUAWEI,02317202,TMX (SSCM9TMXT01),,,,,
HUAWEI,02317237,BTS3900/A -WD5MMRFU68B -Multi-Mode Transceiver Unit -900M RX890-915MHz/TX935-960MHz,€273.8,$0.00,,,
HUAWEI,02317275,BTS 3012 PMU 01B,,,,,
HUAWEI,02317370,OPTIX PTN 950 HOST,,,,,
HUAWEI,02317806,ME60-X8 CR5M000CMU60 Centralized Monitoring Unit,€328.6,$0.00,,,
HUAWEI,02317807,FFU,,,,,
HUAWEI,02318169,LE0M0XSM88  - Optical Transceiver  - SFP+  - 10G  - Multi-mode Module (850nm  - 0.3km  - LC),€5.5,$0.00,,,
HUAWEI,02318425,BTS3900/A -WD5MMRFU78B -V2 -Multi-Mode Transceiver Unit -900M RX890-915MHz/TX935-960MHz,€328.6,$0.00,,,
HUAWEI,02318471,BTS3900/A -WD5MMRFU78 -V2 -Multi-Mode Transceiver Unit -900M RX880-915MHz/TX925-960MHz,€383.3,$0.00,,,
HUAWEI,02318474,BTS3900/A -WD5MGRFU78 -V2 -GSM Multiple Carriers Transceiver Unit -900M RX880-915MHz/TX925-960MHz,€1 -095.2,$0.00,,,
HUAWEI,02318544,MRFU 1800A BTS3900 INDOOR MODULE WD5MMRFU73A,,,,,
HUAWEI,02318968,DBS3900 - WD5MJRUAC8E - MRRU V2 - Multi-mode Multi-carriers Remote Radio Unit (TX925-960 MHz/RX880-915 MHz - -48 V DC - 2.5 G) RRU 3908,€547.6,$0.00,,,
HUAWEI,02319231,MARP RFU V100R102 - WD5MWFUB81 - Multi-Carrier Transceiver Unit (EDHT 80 W - Band 1 - RX1920-1980 MHz/TX2110-2170 MHz) - 9 U,€1 -095.2,$0.00,,,
HUAWEI,02319402,LRFU 2600E,,,,,
HUAWEI,02319419,IPCLK SERVER Module DUAL WITHOUT GPS QW3MM00PCKS03,€0.0,$0.00,,,
HUAWEI,02319432,UAP2105 UMTS ACCESS POINT,,,,,
HUAWEI,02319575,RRU3806 - WD5MARU281 - Distributed Base Station Radio Remote Unit (-48 V - EDHT 80 W - 2100 M - with Mount Accessories)_60 MHz,€1 -314.3,$0.00,,,
HUAWEI,02319659,EchoLife HG8245,,,,,
HUAWEI,02319890,WPSU50A01 PSU Module (AC/DC).50A,€172.5,$1 -813.00,,,
HUAWEI,02319897,UPEUc,€0.0,$0.00,,,
HUAWEI,02319940,BBU3900 - WD2B1BBU4 - Distributed Base Station Base Band Unit (-48 V),€136.9,$0.00,,,
HUAWEI,02350BUR,NE40E-M2F CHASSIS,,,,,
HUAWEI,02350FGB,H90Z1BPMB - SmartAX MA5800-X7,,,,,
HUAWEI,02350RTC,CE6855-48S6Q-HI,,,,,
HUAWEI,02350SSF,MA5800 OLT CHASSIS,,,,,
HUAWEI,02350TKM,ATN 910C-B 4*10GE(o) - 8*10GE/GE/FE(o) - 8*GE/FE(o) - 8*GE/FE(e),€862.5,$13 -000.00,,,
HUAWEI,02351004,HUAWEI SUBRACK-H80Z1MABH,,,,,
HUAWEI,023510046,SUBRACK MA5680T,,,,,
HUAWEI,02351082,H80Z1MABC  H80Z1 ETSI SERVICE SHELF 48V/60V FAN,€191.7,$0.00,,,
HUAWEI,02351304,HUAWEI INTEGRATED SHELF,€0.0,$0.00,,,
HUAWEI,02351368,LS-S2318TP-EI-AC,,,,,
HUAWEI,02351370,LS-S2309TP-EI-DC,,,,,
HUAWEI,02351416,S3328TP-EI-24S,,,,,
HUAWEI,02351417,S3328TP-EI-24S,,,,,
HUAWEI,02351460,UGW9811,,,,,
HUAWEI,02351596,CR52-BKPE-4U-DC Integrated DC Chassis Components(NE40E-X3)-4U	,€1 -642.9,$0.00,,,
HUAWEI,02351606,24*E1/T1 DB100 to RJ48 Port Conversion Box,€0.0,$0.00,,,
HUAWEI,02351610,S5300 SERIES GIGABIT 24 PORT S,,,,,
HUAWEI,02351622,LS-S5352C-EI,,,,,
HUAWEI,02351651,HUAWEI FAN ASSEMBLY - QUIDWAY,,,,,
HUAWEI,02351652,SmartAX MA5683T,,,,,
HUAWEI,02351652N,SmartAX MA5603T,,,,,
HUAWEI,02351730,HTUO1A - HEATER UNIT GM6M0000HU00,,,,,
HUAWEI,02351753,SOU 01A,,,,,
HUAWEI,02351897,S5328C Switch,,,,,
HUAWEI,02351930,CR5B0BKP0870  NE40E-X8 Integrated Chassis Components(Including 4 DC Power),€4 -600.0,$20 -000.00,,,
HUAWEI,02352289,CX600 SERIES CHASSIS,,,,,
HUAWEI,02352306,CX600 SERIES CHASSIS,,,,,
HUAWEI,02352765,S6348-EI Mainframe (48 GE SFP/10 GE SFP+. Chassis. Dual Slots of power. Without Power Module,€3 -285.7,$0.00,,,
HUAWEI,02352933,AR0M012VBA00  - AR1220V.2GE WAN.8FE LAN.2 USB.2 SIC.build-in 32-channel DSP,€383.3,$0.00,,,
HUAWEI,02352934,AR2220.3GE WAN(1GE Combo).2 USB.4 SIC.2 WSIC.1 DSP Slot.150W AC Power AR0M0022BA00,€273.8,$0.00,,,
HUAWEI,02352QDD,SmartAX MA5800 - H90Z8BPMB,,,,,
HUAWEI,02353425,Chassis - NO REFERENCE Mistake is expected,€287.5,$0.00,,,
HUAWEI,02353679,MULTI-SERVICE ACCESS EQUIPMENT,,,,,
HUAWEI,02353756,SmartAX MA5603T,,,,,
HUAWEI,02353848,AR157.ADSL2+ ANNEX A/M WAN.4FE LAN.1USB,€164.3,$0.00,,,
HUAWEI,02353ABJ,0,,,,,
HUAWEI,02354105,DPD63-8-8,,,,,
HUAWEI,02354135,S5700-52C-PWR-SI,,,,,
HUAWEI,02355495,H80BZ1MABR01 - SmartAX MA5608T,,,,,
HUAWEI,02355504,NE40E-X2-M8 Integr.DC Chassis Components,,,,,
HUAWEI,02355707,NE40E-X2-M8 CHASSIS,,,,,
HUAWEI,02357649,SMARTAX MA5603T,,,,,
HUAWEI,02358793,SLPU Monitoring Signal Lightning Protection Unit (1-16 Boolean Alarm),,,,,
HUAWEI,02359063,MODEM  WIRELESS GPRS - 48KBPS - Radio INTERFACE - STLMOMODEM48,,,,,
HUAWEI,02359513,USG6360-AC,,,,,
HUAWEI,02400421,EPS30-4815AF  -  POWER DISTRIBUTION Chassis -220V -50/60HZ -8200MA,,,,,
HUAWEI,02400460,EPS 01B,,,,,
HUAWEI,02400595,EPU03A-09,,,,,
HUAWEI,024HRC,SL91EM6,,,,,
HUAWEI,024QLM,SL91ISM8,,,,,
HUAWEI,025030581,Power Cable - 600V/1000V - ROV-K - 2x4mm^2 - BLACK,,,,,
HUAWEI,025050238,CAT5E CABLE 305 MT  SYMMETRY TWIST OUTDOOR SFTP,,,,,
HUAWEI,025EHG,UBBPF0,,,,,
HUAWEI,025KFD,H806GPFD,,,,,
HUAWEI,02675010,HUAWEI Optix OSN 1500 PIUA Board,€547.6,$0.00,,,
HUAWEI,02675610,TSB SSN1TSB8 8channel switching & bridging,€547.6,$0.00,,,
HUAWEI,027010829,Directional Antenna -DXX-790-960/1710-2180-65/65-15i/17.5i-M/M -4*7/16 DIN Female -Downtilt kit packed separately,,,,,
HUAWEI,02735110,(0302735) Single Channel Dispersion Compensation Board(60km.LC),€876.2,$0.00,,,
HUAWEI,02824510,03028245,€0.0,$0.00,,,
HUAWEI,02QAF,NO REFERENCE,€0.0,$0.00,,,
HUAWEI,03020AGQ,TN11PIU /Power Interface Board,€0.0,$0.00,,,
HUAWEI,03020AQD,PRTA,,,,,
HUAWEI,03020AVW,BTS3012  - GM51DCSU  - COMBINED Chassis SIGNAL COMMECTIONADAPTER COUPLING BOARD,€43.8,$0.00,,,
HUAWEI,03020AXQ,Undefined Board,€0.0,$0.00,,,
HUAWEI,03020BRS,Optix PTN 960 FAN,€32.9,$0.00,,,
HUAWEI,03020BXR,H801GPBC - 4-PORT GPON OLT INTERFACE BOARD,,,,,
HUAWEI,03020CKS,DC Power Input Unit,€38.3,$0.00,,,
HUAWEI,03020CMA,Undefined Board,€0.0,$0.00,,,
HUAWEI,03020CMY,PRTG,,,,,
HUAWEI,03020CQV,SSN4GSCC System Control and Communication Board,€383.3,$0.00,,,
HUAWEI,03020DHJ,PIUA - SSQ1PIUA,,,,,
HUAWEI,03020DHK,SSN1PIUA Power Interface Board,€82.1,$0.00,,,
HUAWEI,03020DKF,PL3A ,,,,,
HUAWEI,03020DND, LE0DG48CEAT0 36-Port 10/100/1000BASE-T and 12-Port 100/1000BASE-X Interface Card(EA.RJ45/SFP),€1 -095.2,$0.00,,,
HUAWEI,03020EHL,SSN3EGS4 OSN 3500 Switching Board x4,€328.6,$0.00,,,
HUAWEI,03020EUN,TN51ATE Interface Board of Alarm & Timing & Expanding,€0.0,$328.00,,,
HUAWEI,03020EWC,WP1D00PAMU00 Energy Assignment Supervision Module,€109.5,$0.00,,,
HUAWEI,03020EWG,SSR1PIUC  - Power Interface Board,€27.4,$0.00,,,
HUAWEI,03020FAT,H56-SHEB-32-port SHDSL.BIS Service Board,€0.0,$0.00,,,
HUAWEI,03020FED,Universal E1/T1 Lighting Protection unit,€11.5,$75.00,,,
HUAWEI,03020FEX,10Gigabit Ethernet Proc Board,€0.0,$0.00,,,
HUAWEI,03020FKK,The interface circuit and monitoring source APM - WD41APMI,€876.2,$0.00,,,
HUAWEI,03020FQG,DBS3800 -WD22UFLP -Universial FE Lighting Protection,€0.0,$75.00,,,
HUAWEI,03031HRN,No REF,,,,,
HUAWEI,03031SUV,TNZ5UNQ201 osn1800 Board,,,,,
HUAWEI,03031YNU,TNF6TTA01  - 10*Multi-rate Ports Service Processing Board,€700.0,,,,
HUAWEI,03033FTQ,TMK1GTA01,€1 -500.0,,,,
HUAWEI,03020FXB,TN81SCA - AUXILIARY PROCESSING UNIT AND COMMUNICATION SYSTEM CONTROL,€547.6,$0.00,,,
HUAWEI,03020GAJ,PTN 3900,€0.0,$0.00,,,
HUAWEI,03020GBS,TN8D000D1200 32 x E1 120-ohm Electrical Interface Board.,€0.0,$0.00,,,
HUAWEI,03020GCA,TN8D000PIU00 Power Interface Unit,€54.8,$0.00,,,
HUAWEI,03020GDL,TN8D000CD100 2-Port Channelized STM-1 Sub-board,€2 -190.5,$22 -612.00,,,
HUAWEI,03020GDP,TN8D000MP100 Multi-protocol Multi-interface Mother Processing Board,€821.4,$0.00,,,
HUAWEI,03020GFM,TN71L12,€0.0,$0.00,,,
HUAWEI,03020GGB,TN81POD41,€0.0,$0.00,,,
HUAWEI,03020GMJ,TN8D000EG800 81EG8 8xPorts Processing Board,€1 -642.9,$0.00,,,
HUAWEI,03020GNV,H60-SHLB UA5000(F01D),€197.1,$0.00,,,
HUAWEI,03020GNW,SSR1PIUB POWER INTERFACE BOARD,€26.3,$0.00,,,
HUAWEI,03020GNX,PIU Board noREF,€1 -150.0,$0.00,,,
HUAWEI,03020GSA,BBU3900 - QWL1WBBPB4 - WCDMA BaseBand Processing&Interface Unit,€657.1,$0.00,,,
HUAWEI,03020GWA,Board NoREF,€1 -150.0,$0.00,,,
HUAWEI,03020HCQ,SLQ1A,,,,,
HUAWEI,03020HCR,OPTIX OSN 3500  - SSN1SLQ4A  - 4XSTM-4 PCBA OPTICAL INTERFACE BOARD,€109.5,$0.00,,,
HUAWEI,03020HLJ,AUX,,,,,
HUAWEI,03020HML,Optical PTN 1900 PTN1900 TN81EFG2,€328.6,$0.00,,,
HUAWEI,03020JHE,VDMF,,,,,
HUAWEI,03020JNL,TN51EFI1 - EMI Filter Interface Board,€328.6,$1 -050.00,,,
HUAWEI,03020JQE,WMPT,€0.0,$0.00,,,
HUAWEI,03020JRN,TN51EFI2 EMI Filter Interface Board,€219.0,$1 -700.00,,,
HUAWEI,03020JRQ,TN51PIU OptiX OSN 8800 T64 T32 Power Interface Board,€164.3,$732.00,,,
HUAWEI,03020JTN,OPTIX OSN 6800.TN11PIU02.POWER INTERFACE Unit,€54.8,$0.00,,,
HUAWEI,03020JTU,OSN500 TNH1ISUA - 8xFE/21xE1/120ohm(T1/100ohm)/2xSTM-1/4 Integrated system Control Unit,€219.0,$0.00,,,
HUAWEI,03020JUL,OSN 8800 - TN51AUX - System Auxiliary Interface Board,€219.0,$1 -200.00,,,
HUAWEI,03020JVJ,BBU3900 - QWL2WBBPB4 - WCDMA BaseBand Processing Unit,€657.1,$0.00,,,
HUAWEI,03020JVN,OPTIX OSN 3500 -SSN4SL64 -STM-64 OPTICAL INTERFACE BOARD -1X1 ASSEMBLED BOARD (check if 03053220 is compatible) ,,,,,
HUAWEI,03020JWL,H565ADBF2,,,,,
HUAWEI,03020KAJ,TN41PIU,,,,,
HUAWEI,03020KAX,H801SCUN MA5680T GPON H80-SCUN - Super Control Unit Board ,€438.1,$0.00,,,
HUAWEI,03020KHM,4-PORT GIGABIT ETHERNET SWITCH,€438.1,$0.00,,,
HUAWEI,03020KHP,OPTIX OSN 3500  - SSN5EFS0  - 10M-100M FAST ETHERNET PROCESSING Board,€438.1,$0.00,,,
HUAWEI,03020KHQ,EFS0A,,,,,
HUAWEI,03020KHT,EGT2 - SSN2EGT2,,,,,
HUAWEI,03020KHU,4-PORT 10M/100M ,,,,,
HUAWEI,03020KHV,System Control & Communication Board with OSC -Wind Cooling Mode,€230.0,$1 -355.00,,,
HUAWEI,03020KHW,PIU,,,,,
HUAWEI,03020KHX,TNDM000PIU00,€16.4,$0.00,,,
HUAWEI,03020KKP,H80D00X2CS01 2-port 10GE Uplink Interface Card -support SyncE.,€438.1,$0.00,,,
HUAWEI,03020KQP,VSNL,,,,,
HUAWEI,03020KRB,DUAL 2.7G MULTIRATE MUX,,,,,
HUAWEI,03020KSG,TN51THMA,€0.0,$0.00,,,
HUAWEI,03020KSN,MR8,,,,,
HUAWEI,03020KWP,BBU3900 - QWL1WBBPB3 - WCDMA BaseBand Processing&Interface Unit,€821.4,$0.00,,,
HUAWEI,03020LAJ,BBU3900 - QWL1WBBPB2 - WCDMA BaseBand Processing&Interface Unit,€821.4,$0.00,,,
HUAWEI,03020LCU,LE0DCMUA0000 Centralized Monitoring Board,€109.5,$475.00,,,
HUAWEI,03020LGG,LE0MG48SC-48-Port 100/1000BASE-X Interface Board (EC.SFP) ,€547.6,$0.00,,,
HUAWEI,03020LGL,TN54TEM28 24xGE+4x10GE Ethernet Tributary Unit,,,,,
HUAWEI,03020LGV,KW3D00EECA01,€0.0,$0.00,,,
HUAWEI,03020LKL,CITD,,,,,
HUAWEI,03020LLT,TNDD000CXP00 System Control.Cross-connect and Multi-protocol Process Unit,€383.3,$0.00,,,
HUAWEI,03020LLY,SP3D - TNH1SP3DA,,,,,
HUAWEI,03020LTK,TNHD00PL3T01 3*E3/T3 Electrical Interface Board,€547.6,$0.00,,,
HUAWEI,03020LTQ,ETHERNET INTERFACE BOARD,,,,,
HUAWEI,03020LUB,2-Port 10GE XFP Optical Interface Card,,,,,
HUAWEI,03020LUJ,CXPA,,,,,
HUAWEI,03020LUL,16XE1 EIB (75&120ohm),,,,,
HUAWEI,03020LWF,TNDD8FEELE00 8 Channels Fast Ethernet Electric Interface Board,€109.5,$0.00,,,
HUAWEI,03020LWK,8 x FE ethernet interface board.,,,,,
HUAWEI,03020MCT,H83D05VDGE01 16-port VDSL over POTS Service Board(with 600 ohm Impedance Splitter),€547.6,$0.00,,,
HUAWEI,03020MDP,S5300 QUIDWAY LS5D00E4GF014-Port GE SFP Front Optical Interface Unit ,€109.5,$0.00,,,
HUAWEI,03020MLA,ES5D00ETPB00 Extend Channel Board,€109.5,$0.00,,,
HUAWEI,03020MLG,LMPT,,,,,
HUAWEI,03020MMJ,LE0D00SRUB00 Quidway S9306/S9312 Main Control Unit B(Optional Clock),€1 -642.9,$19 -200.00,,,
HUAWEI,03020MMN,LE0DX12XSA00 12-PORT 10GBASE-X INTERFACE Board(SA -SFP+),€1 -642.9,$24 -100.00,,,
HUAWEI,03020MNS,AR0MXEGFTA00 24-Port 10/100/1000 Base RJ45 Ethernet Switch,€0.0,$2 -611.84,,,
HUAWEI,03020MRM,TN8D000SCA01 System Control.Communication and Auxiliary Process Unit,€657.1,$5 -940.00,,,
HUAWEI,03020MTN,SP3D - TNH1SP3D9,,,,,
HUAWEI,03020MWY,LPUF-40-A FLEXIBLE CARD LINE PROCESSING UNIT 2 SUB-SLOTS,€0.0,$0.00,,,
HUAWEI,03020NBH,TNH2SL1Q OptiX OSN 550 Optical/Electrical Interface SL1Q Board,€82.1,$0.00,,,
HUAWEI,03020NDE,H801PRTE Connect Power Board,€27.4,$0.00,,,
HUAWEI,03020NDF,MA5600 DSLAM 32-port VDSL2 Service Board,€0.0,$0.00,,,
HUAWEI,03020NER,LE0MG48TC 48-Port 100/1000BASE-T Interface Board(EC -RJ45),€492.9,$0.00,,,
HUAWEI,03020NES,LEOMG48TD 48-Port 100/1000BASE-T Interface Card(ED.RJ45),€492.9,$0.00,,,
HUAWEI,03020NFT,OPTIX PTN3900 -CROSS-CONNECT AND SYNCHRONOUS TIMING UNIT -XCS,€0.0,$0.00,,,
HUAWEI,03020NKS,CD1,,,,,
HUAWEI,03020NLC,BMPT,,,,,
HUAWEI,03020NME,BBBI,,,,,
HUAWEI,03020NMK,SSN1EGSH 16-port Gigabit Ethernet Switching Processing Board,€1 -369.0,$27 -771.54,,,
HUAWEI,03020NPW,S5700 SERIES STACK SWITCH - ES5D00ETPC00,,,,,
HUAWEI,03020NSD,TN52STI-Synchronous Timing Interface Board,€38.3,$185.72,,,
HUAWEI,03020NTU,LE0MFSUA Enhanced Flexible Service Unit,€345.0,$6 -200.00,,,
HUAWEI,03020NWR,LE0MMCUA Quidway S9303 Main Control Unit A,€191.7,$0.00,,,
HUAWEI,03020PFJ,H83D00VDSE01 24-port VDSL2 over POTS Service Board(with 600 ohm Impedance Splitter),€438.1,$0.00,,,
HUAWEI,03020PLX,NO REFERENCE,€0.0,$0.00,,,
HUAWEI,03020PPC,CXPG,,,,,
HUAWEI,03020PPD,TNDD00CXPH00 System Control.Cross-connect and Multi-protocol Process Unit(120ohm),€821.4,$0.00,,,
HUAWEI,03020PQY,NO REFERENCE,€0.0,$0.00,,,
HUAWEI,03020PRW,LE0MG24SC 24-Port 100/1000BASE-X Interface Board(EC -SFP),€657.1,$0.00,,,
HUAWEI,03020PSR,BBU3900 - QWL2WBBPB2 - WCDMA BaseBand Processing Unit,€438.1,$0.00,,,
HUAWEI,03020PSS,BBU3900 - QWL2WBBPB3 - WCDMA BaseBand Processing Unit,€438.1,$0.00,,,
HUAWEI,03020PVY,TNF1LSX.10Gbit/s Wavelength Conversion Board - OSN 1800,€328.6,$4 -958.88,,,
HUAWEI,03020QCD,SSN2PSXCSA OSN 3500-200G TDM and 100G Packet Switching and Synchronous Timing Board,€547.6,$0.00,,,
HUAWEI,03020QCQ,H80D00GICK01 2-port GE Optical/Electrical Interface Board,€82.1,$0.00,,,
HUAWEI,03020QES,LE0MG24SD 24-Port 100/1000BASE-X Interface Board(ED,€1 -095.2,$0.00,,,
HUAWEI,03020QGU,TNF1OPU Optical Pre-Amplifier Unit (-19dBm/1dBm -20dB Gain -C-BAND)  -Wind Cooling Mode,€547.6,$6 -086.31,,,
HUAWEI,03020QLT,NO REFERENCE,€0.0,$0.00,,,
HUAWEI,03020QQD,OPTIX OSN 3500 SSN4SLO16 8XSTM,,,,,
HUAWEI,03020QTR,WBBPD2,,,,,
HUAWEI,03020QYR,BB3900 QWL1WBBPD2 WCDMA BaseBand Processing Unit,€438.1,$0.00,,,
HUAWEI,03020RAR,SL91CSH  Hybrid System Control And Cross-connect Board-1,€273.8,$0.00,,,
HUAWEI,03020RBJ,HYBRID SYSTEM CONTROL AND CROSS-CONNECT BOARD,€273.8,$0.00,,,
HUAWEI,03020RDK,SL9D00EM6T01 4 * FE (RJ45)/2 *GE(RJ45) Fast/Gigabit Ethernet Board with switch function,€164.3,$0.00,,,
HUAWEI,03020RDV,OPTIX RTN 900 -SL91IF1 -TDM IF BOARD,,,,,
HUAWEI,03020REB,SL91CXPR| OPTIX RTN 950  MULTI PROTOCOL AND CROSS-CONECT PROCESSING CARD,€328.6,$0.00,,,
HUAWEI,03020RES,RTN900,,,,,
HUAWEI,03020RFR,SSND0SLQ1640 4xSTM-16 Optical Interface Board,€230.0,$10 -857.00,,,
HUAWEI,03020RGT,RTN910 CSHC UNIT (16E1+2FE+2GE+2STM1),€273.8,$0.00,,,
HUAWEI,03020RUK,SSND0SLD6440 2xSTM-64 Optical Interface Board,€438.1,$22 -845.81,,,
HUAWEI,03020RWV,SEP1 - SSN1SEP102-B2,,,,,
HUAWEI,03020RXP,LDE - TNF1LDE,,,,,
HUAWEI,03020RXQ,TNM1AUX Assistant Channel Interface Board,€80.0,$0.00,,,
HUAWEI,03020SCF,SL91EM6F Gigabit Ethernet Board EM6F,€93.1,$0.00,,,
HUAWEI,03020SHP,48-Port 100/1000BASE-X Interface Card(FA -SFP),,,,,
HUAWEI,03020SJX,CSHA,,,,,
HUAWEI,03020SSA,BBU3900 - QWL1WBBPD1 - WCDMA Baseband Process Unit D - 1*1,€438.1,$0.00,,,
HUAWEI,03020SUL,SS44PD2-T(75&120),,,,,
HUAWEI,03020SUT,TNF1TSPB,,,,,
HUAWEI,03020SWY,SL9D0SP3SA01 16*E1/120ohm Tributary Board,€82.1,$0.00,,,
HUAWEI,03020SXA, OptiX RTN 900 -SL91SP3SB -16*E1/75ohm Tributary Board -1*1,€82.1,$0.00,,,
HUAWEI,03020SXB,SL91SL1D RTN 980 microwave SL1D 2*STM-1 Optical Interface Board ,€76.7,$0.00,,,
HUAWEI,03020TES,EFT8,,,,,
HUAWEI,03020THS,PW31SMIA,,,,,
HUAWEI,03020TLC,SSND6GSCC000 System Control and Communication Board,€438.1,$0.00,,,
HUAWEI,03020TLF,SSN1PIUB Power Interface Unit,€43.8,$0.00,,,
HUAWEI,03020TNR,SST1PIUB OptiX OSN 7500 Power Interface Unit,€32.9,$0.00,,,
HUAWEI,03020TNT,48-port GE/FE Optical Interface Board,,,,,
HUAWEI,03020TSG,TN8D000XCS02 Cross-connect and Synchronous Timing Unit,€1 -369.0,$0.00,,,
HUAWEI,03020UBB,MA5616 H83D00CCUC01 Multi-Service Centralized Control Unit Board,€109.5,$0.00,,,
HUAWEI,03020UGF,TNHD0SP3DA01 32*E1/120ohm Electrical Interface Board.,€93.1,$0.00,,,
HUAWEI,03020UGQ,TNH2SL4D - 2*STM-4 Optical Interface Board,€0.0,$0.00,,,
HUAWEI,03020UKW,SSR1SLQ103 - 4xSTM-1 Optical Interface Board,€0.0,$0.00,,,
HUAWEI,03020ULD,TSPA 21XE1 (75OHM) + 2XSTM-1,,,,,
HUAWEI,03020ULU,VSPH,,,,,
HUAWEI,03020UNJ,TNDD000MD1B00 32*120ohm E1 Interface Board,€547.6,$0.00,,,
HUAWEI,03020VBF,TN11ST2 - Bidirectional optical supervisory channel and timing transmission unit - 1*1,,,,,
HUAWEI,03020VLX,1xSTM-Optical Interface Board,,,,,
HUAWEI,03020VVT,ISU2,,,,,
HUAWEI,03020VVW,OPTIX RTN 950a SL91ISX2 TDM/Hybrid/Packet Integration XPIC IF Board,€547.6,$0.00,,,
HUAWEI,03020VWP,TNN1PSXCS Super Cross-connect and Synchronous Timing Board,€1 -095.2,$0.00,,,
HUAWEI,03020VWW,SLB1CSHN CSHN Nodal System Control and Cross-connect Board,€438.1,$0.00,,,
HUAWEI,03020WAK,TN16XCH OSN 8800 High Cross-connection. System Control and Clock Processing Board,€931.0,$7 -350.89,,,
HUAWEI,03020WFU,BSSN2SL01 8XSTM-1 OPTICAL INTERFACE Board,€164.3,$0.00,,,
HUAWEI,03020WGE,TN16AUX OSN 8800 System Auxiliary Interface Board,€438.1,$2 -222.29,,,
HUAWEI,03020WQE,TN16EFI EMI Filter Interface Board,,,,,
HUAWEI,03020WQV,SLB1PIU RTN 980 Power Interface Unit,€54.8,$0.00,,,
HUAWEI,03020WXP,TN16PIU Power Interface Board,,,,,
HUAWEI,03020XBG,CAME ,,,,,
HUAWEI,03020XCN,WBBPD3,€0.0,$0.00,,,
HUAWEI,03020XHX,TN54TOA-8 OSN 8800 Any-rate Ports Service Processing Board,€517.5,$13 -436.63,,,
HUAWEI,03020XWA,CXPH,,,,,
HUAWEI,03020XWV,2-Port 10GE SFP+ OPTICAL Interface Card,,,,,
HUAWEI,03020YFB,TNH2SL1D 2*STM-1 OPTICAL INTERFACE BOARD  - ESFP OPTICAL Module,€383.3,$0.00,,,
HUAWEI,03020YNE,TNH2EFS8 8-Port 100M Fast Ethernet Processing Board,€492.9,$0.00,,,
HUAWEI,03020YSG,TNH2SP3DA 42xE1/120ohm(T1/100ohm) Electrical Interface Board,€164.3,$0.00,,,
HUAWEI,03020YVN,TNH2PL3T 3*E3/T3 Electrical Interface Board,€164.3,$0.00,,,
HUAWEI,03020YXP,CENTRAL MONITOR UNIT,,,,,
HUAWEI,03021202,FAN - SSRE1FAN,,,,,
HUAWEI,03021203,FAN,,,,,
HUAWEI,03021205,FAN,,,,,
HUAWEI,0302120757,02120757,€0.0,$0.00,,,
HUAWEI,03021AER,DC Power Lightning Protection Board Spare Part,,,,,
HUAWEI,03021AFF,OptiX OSN 500  - TNH2EGT1  - 1-Port Gigabit Ethernet Transparent Transmission B,€109.5,$0.00,,,
HUAWEI,03021AGQ,ASPB,,,,,
HUAWEI,03021ARY,PSXCSA,,,,,
HUAWEI,03021AYE,VSPL,,,,,
HUAWEI,03021BQW,8-PORT GPON OLT INTERFACE BOARD,,,,,
HUAWEI,03021BRG,WDM TN11LOA01 8 X ANY-RATE MUX OTU2 WAVELENGTH CONVERSION BOARD,,,,,
HUAWEI,03021CCY,FAST/GIGABIT ETHERNET BOARD WITH DATA SWITCH,€219.0,$0.00,,,
HUAWEI,03021CGE,TN16SCC System Control and Communication Board,€547.6,$4 -171.45,,,
HUAWEI,03021CYJ,TN53TDX01 2*10g Tributary Service Processing Board,€1 -095.2,$18 -920.08,,,
HUAWEI,03021DGA,H565ADBF3,,,,,
HUAWEI,03021DHP,ND2 2X10G LINE SVC PROCESSING,,,,,
HUAWEI,03021DHQ,TN53NS201 1 x 10G Line Service Processing Board,€1 -095.2,$14 -476.63,,,
HUAWEI,03021DVB,H80D00SCUH01 Super Control Unit Board,€1 -369.0,$0.00,,,
HUAWEI,03021EDJ,UFLP,,,,,
HUAWEI,03021ETC,4 Channels FE/GE Adaptive Electronic Interface Board,,,,,
HUAWEI,03021ETL,TN55TQX - 4 x 10G Tributary Service Processing Board,€547.6,$27 -434.40,,,
HUAWEI,03021ETT,TNF1LDX 2*10Gbit/s Wavelength Conversion Board,€328.6,$9 -421.75,,,
HUAWEI,03021FAS,LQM2,,,,,
HUAWEI,03021FAT,4xMULTI-RATE PORTS WAVELENGTH CONVERSION BOARD - WIND COOLING,,,,,
HUAWEI,03021FSF,TN52UXCH - OSN 8800 3.2T Universal Cross Connect Board-ODUk -PKT -VC4,€2 -190.5,$40 -377.00,,,
HUAWEI,03021FTM, OSN 1800 LSX 10Gbit,,,,,
HUAWEI,03021FVF,SST1PSXCSA02,,,,,
HUAWEI,03021HER, TNF1OBU C-BAND Optical Booster Unit (MAX -3dBm IN and 20dBm OUT -Gain 23dB),€547.6,$9 -129.75,,,
HUAWEI,03021HPH,LBBP,,,,,
HUAWEI,03021HPJ,BBU3900 -WD22LBBPD2 -LTE Baseband Processing and Interface Unit(3 cell -4T4R) -1*1,,,,,
HUAWEI,03021HPR,WBBPF4,€0.0,$0.00,,,
HUAWEI,03021KNY,CE-SFU12C. CE12812 Switch Fabric Unit,€1 -552.5,$52 -470.00,,,
HUAWEI,03021KPN,VCMM - 48-port VDSL2 Service Board,,,,,
HUAWEI,03021KUP,PDVA  -  SECONDARY HIGH-POWER BOARD,,,,,
HUAWEI,03021MCG,TNDD00CXPC00 System Control.Cross-connect and Multi-protocol Process Unit,€821.4,$0.00,,,
HUAWEI,03021MXJ,SL91EG4 2*GESFP-RJ45+2*GERJ45 GIGABIT ETHERNET BOARD WITH SWITCH FUNCTION,,,,,
HUAWEI,03021NMV,03021NMV-CE-CMUA CloudEngine 12800 Main Unit,€0.0,$0.00,,,
HUAWEI,03021NUD,03021NUD-CE MPUA CARD,€0.0,$0.00,,,
HUAWEI,03021PBA,1.6T Universal Cross Connect.System Control and Clock Processing Board-ODUk.PKT.VC4&VC12.,,,,,
HUAWEI,03021PEV,CXPL - System Control Cross-Connect and Multi-protocol Process Unit,,,,,
HUAWEI,03021PFK,SL91ISV3 Versatile IF Board,€191.7,$0.00,,,
HUAWEI,03021PKH,SL91EG4P 2*GE(SFP/RJ45)+2*GE(RJ45/Power over Ethernet)Gigabit Ethernet Board with switch function,,,,,
HUAWEI,03021PQT,VCMM,,,,,
HUAWEI,03021PTG,1-PORT VDSL2 OVER POTS WAN INTERFACE CARD BOARD,€54.8,$0.00,,,
HUAWEI,03021PVD,TN52AUX System Auxiliary Interface Board,€164.3,$793.72,,,
HUAWEI,03021QAM,03021QAM-OPTICAL CARD TM20,€0.0,$0.00,,,
HUAWEI,03021QRG,EFI,,,,,
HUAWEI,03021RSV,MCUD - Control Unit Board,,,,,
HUAWEI,03021SJC,SSN2PQ1B03 63xE1 Service Processing Board(E1/120ohm),€186.2,$0.00,,,
HUAWEI,03021SJH,PD1  -  SSR2PD1BO2,,,,,
HUAWEI,03021SLL,PRTE - H80-PRTE,,,,,
HUAWEI,03021TUN,SSN5EFS001,,,,,
HUAWEI,03021TUQ,EFS4,,,,,
HUAWEI,03021TUS,2-port Gigabit Ethernet Switch procesing Board / EGS2,,,,,
HUAWEI,03021TUT,03021TUT-SN1EFS0A01 EFSOA Optical Board,€0.0,$0.00,,,
HUAWEI,03021UEH,EPON/GPON/GE Type C Upl. Interf. Card,,,,,
HUAWEI,03021VCC,AR-4ES2G-S 4-Port 1000-RJ45 L2 Ethernet Interface BOARD(SIC),€54.8,$0.00,,,
HUAWEI,03021VDE,SCUN - H80D00SCUN02,,,,,
HUAWEI,03021VGY,CENTRAL MONITOR UNIT,,,,,
HUAWEI,03021VHB,BBU3900 -QWL3WBBPF1 -Baseband Processing Unit ( CE:UL192/DL256) -1*1,€301.2,$0.00,,,
HUAWEI,03021VHD,BBU3900 -QWL3WBBPF3 -Baseband Processing Unit (CE:UL384/DL512) -1*1,€383.3,$0.00,,,
HUAWEI,03021WPF,GPFD - H80D00GPFD22,,,,,
HUAWEI,03021WSH,H806 - GPBH ,,,,,
HUAWEI,03021WVF,LBBP,,,,,
HUAWEI,03021XJF,LOA - TN11LOA02,,,,,
HUAWEI,03021YHY,VPEA,,,,,
HUAWEI,03021YNW,PIU / TNF5PIU,,,,,
HUAWEI,03021YTF,SL91CSHU TDM/Hybrid/Packet system control and Cross-connect Board,€402.5,$1 -639.00,,,
HUAWEI,03021YTJ,GPFD - H803GPFD,,,,,
HUAWEI,03021YUV,CE-SFU12A CE12812 Switch Fabric Unit A,€876.2,$20 -988.00,,,
HUAWEI,03021YUW,48-Port-10GE Interface Card(EF -SFP+).,€0.0,$57 -000.00,,,
HUAWEI,03021YVH,TNM1EGS4 - 4-port Gigabit Ethernet Switching Processing Board,€273.8,$0.00,,,
HUAWEI,03022423,Power Supply,,,,,
HUAWEI,03022700,dc/dc power module,,,,,
HUAWEI,03022ACJ,HERT BBU -WD22UBRIb - Universal BaseBand Radio Interface Board type B,€164.3,$0.00,,,
HUAWEI,03022AUH,TN12AUX - OSN 8800 System Auxiliary Interface Board,€136.9,$0.00,,,
HUAWEI,03022AWS,POSER INTERFACE BOARD (TN18PIU),,,,,
HUAWEI,03022BAJ,WD8D0RFC0800 MRFC RF INTERFACE UNIT,,,,,
HUAWEI,03022DTJ,H802OPGE,,,,,
HUAWEI,03022FWW,"ANDD002PIU00 Power Interface Board
",€34.5,$429.00,,,
HUAWEI,03022GAC,Fan Board - NO REFERENCE,€109.5,$0.00,,,
HUAWEI,03022GPK,GPBD - H806GPBD,,,,,
HUAWEI,03022GRR,OPTIX OSN 1800 - BIDIRECTIONAL OPT SUPERV CHA,,,,,
HUAWEI,03022HEG,WD2DUBBPD100 UBBPd1 Universal baseband processing unit,,,,,
HUAWEI,03022HEJ,WD2DUBBPD300 Universal Baseband Processing Unit d3,€136.9,$0.00,,,
HUAWEI,03022HEK,WD2DUBBPD400 Universal Baseband Processing Unit d4,€328.6,$0.00,,,
HUAWEI,03022HEL,WD2DUBBPD500 Universal Baseband Processing Unit d5,€821.4,$0.00,,,
HUAWEI,03022HEM,WD2DUBBPD600 Universal Baseband Processing Unit d6 UBBPD6,,,,,
HUAWEI,03022JAP,ANDD00CXPB02 System Control -Cross-connect and Multi-protocol Process Unit,€383.3,$0.00,,,
HUAWEI,03022JGB,WRONG PN,,,,,
HUAWEI,03022KNY,UFLPC,,,,,
HUAWEI,03022KTE,ANDD00CXPE02 System Control -Cross-connect and Multi-protocol Process Unit,€575.0,$11 -500.00,,,
HUAWEI,03022MLM,GPFD - H805GPFD,,,,,
HUAWEI,03022MLN,H807 - GPBH,,,,,
HUAWEI,03022NDK,TN55TTX  -OSN 8800 10 X 10G TRIBUTARY SERVICE PROCESSING BOARD,€383.3,$0.00,,,
HUAWEI,03022NJR,UBBPd9,,,,,
HUAWEI,03022NVL,TNS1PIU01 Power interface Unit,€82.1,$0.00,,,
HUAWEI,03022PBR,TNS1EFI01 EMI Filter Interface Board(U16) EFI,€109.5,$0.00,,,
HUAWEI,03022PQV,03022PQV-CE-L12CF-EG CARD,€0.0,$0.00,,,
HUAWEI,03022PYL,TNF1CE601 6-ports Encrypted Optical Board,€1 -642.9,$0.00,,,
HUAWEI,03022QGW,OptiX OSN 8800 TN54STG Clock Board,€191.7,$2 -339.00,,,
HUAWEI,03022QJB,CLOCK BOARD (TNK3STG),,,,,
HUAWEI,03022REU,GPBD - H807GPBD,,,,,
HUAWEI,03022RVV,CIUA - H901CIUA,,,,,
HUAWEI,03022RVX,H901 PILA MODULE,,,,,
HUAWEI,03022RWC,H901MPLB,,,,,
HUAWEI,03022SQW,GPHF - H901GPHF,,,,,
HUAWEI,03022STN,AR-2X10GL-W 2-Port 10GE Optical Ports Interface Card,€438.1,$0.00,,,
HUAWEI,03022TLJ,SLF2CSHO 16*E1(TDM)/2*STM-1(SFP)/4*GE(RJ45)/2*GE(SFP) Hybrid System Control and Cross-connect Board,€492.9,$0.00,,,
HUAWEI,03022VHK,SL91ISM6 Versatile Dual IF Board,,,,,
HUAWEI,03022VUU,TN12ST2 Optical Supervisory Channel (OSC) Board,€243.1,$0.00,,,
HUAWEI,03022WNP,BIDIRECTIONAL OPTICAL SUPERVISORY CHANNEL & TIMING,,,,,
HUAWEI,03022XTN,MPLA - H901MPLA ,,,,,
HUAWEI,03022YNP,TNU2UXCS OSN 9800 Enhanced Universal Cross-Connection Board,€1 -095.2,$0.00,,,
HUAWEI,03023004,OPTIX OSN 1500,,,,,
HUAWEI,03023006,OPTIX OSN 1500,,,,,
HUAWEI,03023096,FAN,,,,,
HUAWEI,030230MNS,03020MNS,,,,,
HUAWEI,0302310SHW,02310SHW,€0.0,$0.00,,,
HUAWEI,03023198,UPEU,,,,,
HUAWEI,03023267,SS61E12S ,,,,,
HUAWEI,03023APE,GPON 16 PORTS H901GPSF ,,,,,
HUAWEI,03023AWH,CCME,,,,,
HUAWEI,03023BTJ,TNF2LDX 2*10Gbit/s Wavelength Conversion Board OSN1800 OSN8800,€328.6,$0.00,,,
HUAWEI,03023CAJ,WD22PMIA POWER MONITOR INTERFACE APM30H APM5930,€109.5,$0.00,,,
HUAWEI,03023DDU,OPTIX OSN 3500 -SSN4EGS401 -4-PORTGIGABIT ETHERNET SWITCHING PROCESSING BOARD,,,,,
HUAWEI,03023FWA,SDMM,,,,,
HUAWEI,03023GHT,SL91EM6D RTN 950 2*10GE/GE+4*GE Ethernet Service Processing Board with Super Dual Band Feature,€711.9,$0.00,,,
HUAWEI,03023HCL,TN13STG Synchronous Timing Generation Board,,,,,
HUAWEI,03023JCH,Super Control Unit Board ,,,,,
HUAWEI,03023NLF,XCH,,,,,
HUAWEI,03023NRR,TN52SRAPXF SUPER EXTENED C-BAND BACKWARD RAMAN BASE BOARD WITH 1 PLUGGABLE ERBIUM DOPED FIBER HYBRID OPTICAL AMPLIFIER AND XFIU (RAMAN GAIN 14-18DB FOR G.652),,,,,
HUAWEI,03023QJN,OptiX OSN 9800 TN11AST2 - bidirectional optical supervisory channel and timing transmission unit.,,,,,
HUAWEI,03023TQT,NO REFERENCE,€0.0,$0.00,,,
HUAWEI,03023WEE,VDMF,,,,,
HUAWEI,03024191,D12S,,,,,
HUAWEI,03024414,TSB1,,,,,
HUAWEI,03024CFA,WD22UBBPEM BASEBAND PROCESSING UNIT  - DBS5900,€2 -190.5,$0.00,,,
HUAWEI,03024DXF,03024DXF-48-PORT-10GE INTERFACE BOARD(FG -SFP+),€0.0,$0.00,,,
HUAWEI,03024GDV,H902MPLA,,,,,
HUAWEI,03024HRC,SL91EM6 4*GE(SFP/RJ45)+2*FE(RJ45) Gigabit Ethernet Board with switch function RTN 950a,€109.5,$0.00,,,
HUAWEI,03024JUL,TNU2CTU01 System Control and Communication Board With Clock Processing Function OSN 9800 T64,€1 -533.3,$21 -900.00,,,
HUAWEI,03024LTC,TN52DAP EXTENTED C BAND OA BASE Board,,,,,
HUAWEI,03024QLM,SL91ISM8 Versatile Dual IF Board RTN 950a,,,,,
HUAWEI,03024QLU,SL91CSHUF| TDM/HYBRID/PACKET LARGE CAPACITY SYSTEM CONTROL AND CROSS-CONNECT BOARD,€2 -190.5,$0.00,,,
HUAWEI,03024QLX,SLF2CSHOF RTN 950A 16*E1(TDM)+4*GE(RJ45)+2*10GE(SFP+)+2*GE/STM-1(SFP) Hybrid System Control and Cross-connect Board,€356.0,$0.00,,,
HUAWEI,03024RHJ,BASEBAND PROCESSING AND INTERFACE UNIT-wd2dubbpf100,€700.00,,,,
HUAWEI,03024RHK,UBBP-W BOARD TYPE WD22UBBPFW1,,,,,
HUAWEI,03024YEH,TMA1UXCL System Control - Cross-connect - Timing - and Line Board,,,,,
HUAWEI,03024YKV,TMP1CTU01 System Control and Communication Board With Clock Processing Function,,,,,
HUAWEI,03025054,FAN,,,,,
HUAWEI,03025072,155/622H -48XE1 ELECTRICAL INTERFACEBOARD(120OHM) ,,,,,
HUAWEI,03025179,FAN,,,,,
HUAWEI,03025865,FAN,,,,,
HUAWEI,03025AEM,LRFUe -WD5MLFUHC7H -KL -TX2655-2690MHz/RX2535-2570MHz --48VDC -5G -2T2R -2*60W,,,,,
HUAWEI,03025KET,H902PILA,,,,,
HUAWEI,03025KEY,H902GPHF,,,,,
HUAWEI,03025KFC,H902CIUA - CIUA,,,,,
HUAWEI,03025KFD,GPON 16 PORTS H805GPFD,,,,,
HUAWEI,03025KFE,MPLA - H903MPLA,,,,,
HUAWEI,03025TRM,H903GPHF,,,,,
HUAWEI,03025VXX,TMF1SCC System Control and Communication board,€985.7,$0.00,,,
HUAWEI,03026564,POWER INTERFACE UNIT ,,,,,
HUAWEI,03026673,EOW,,,,,
HUAWEI,03026727,SSN1D75S - 32X E1/T1 ELECTRICAL INTERFACE,,,,,
HUAWEI,03026728,SSN1D12S 32xE1/T1 Electrical Interface Switching Board(120 Ohm) OSN 3500,€82.1,$0.00,,,
HUAWEI,03026734,SSN1D34S OptiX OSN 6xE3/T3 PDH Interface Switching Board,€109.5,$0.00,,,
HUAWEI,03026741,SSN1OU08 OSN 3500 8xSTM-1 Optical Access Board（LC -S-1.1),€109.5,$0.00,,,
HUAWEI,03026756,SSN1TSB8 8-Channel Switching&Bridging Board,€71.2,$0.00,,,
HUAWEI,03026772,SSR1PIU SDH HUAWEI SS PIU 1500B,€82.1,$0.00,,,
HUAWEI,03026811,SSN1ETF8  - 8-Port 10M-100M BaseT Fast Ethernet Interface Board  - 1*1 ,€54.8,$0.00,,,
HUAWEI,03026BAR,TN51AST2 BIDIRECTIONAL OPTICAL SUPERVISORY CHANNEL AND TIMING TRANSMISSION UNIT,€383.3,$0.00,,,
HUAWEI,03026EAS,TMF1AUX System auxiliary Communication Board With Clock Processing Function,,,,,
HUAWEI,03027083,D12B,,,,,
HUAWEI,03027139,OU08 - SSN2OU08,,,,,
HUAWEI,03027179,PIU,,,,,
HUAWEI,03027416,DPFU,,,,,
HUAWEI,03027486,AUX,,,,,
HUAWEI,03027541,OptiX OSN 3500 SSN1DCU Single Channel Dispersion Compensation Board (80km -LC),€547.6,$0.00,,,
HUAWEI,03027581,SSN1C34S 3xE3/T3 PDH Interface Swithching Board,€32.9,$0.00,,,
HUAWEI,03027LKA,03027LKA-TMP1EF02 CARD OSN 9800 P32,€0.0,$0.00,,,
HUAWEI,03027LKC,03027LKC-TMP1PIUC CARD OSN 9800 P32,€0.0,$0.00,,,
HUAWEI,03027MWY,OXC Optical Backplane Insertion Loss Detection Unit,€0.0,$149180.00,,,
HUAWEI,03027SLL,PRTE ,,,,,
HUAWEI,03027VDE,SCUN - H80D00SCUN02,,,,,
HUAWEI,03028193,PIU,,,,,
HUAWEI,03028245,SST1E0W E0W Board ( ex 02824510 ),€98.6,$0.00,,,
HUAWEI,03028246,SST1AUX OSN 7500 System Auxiliary Interface Board,€136.9,$0.00,,,
HUAWEI,03028262,BTS3012  - GM51DSAC  - SIGNAL ACCESS CARD FOR DTRU ,€1 -150.0,$0.00,,,
HUAWEI,03028413,L12S - SSR1L12S,,,,,
HUAWEI,03028434,GICG - H80-GICG,,,,,
HUAWEI,03028435,GICF - H80-GICF,,,,,
HUAWEI,03028708,BTS3012 -GM51DELC -E1 SIGNAL LIGHTNING-PROTECTION BOARD,€27.4,$0.00,,,
HUAWEI,03028712,BTS3012 -GM51DMLC -MONITOR SIGNAL LIGHTNING-PROTECTION BOARD FOR DTRU BTS -2*1,€21.9,$0.00,,,
HUAWEI,03028HGP,03028HGP-OptiX OSN 9800 M12 03028HGP TMP2MON3201 OXC,€0.0,$0.00,,,
HUAWEI,03029118, OPTIX OSN 3500  - SSN1SLQ4A04  - 4XSTM-4 OPTICAL PCBA INTERFACE BOARD SFP  - 1X1 ,€164.3,$0.00,,,
HUAWEI,030291186,NO REFERENCESLQ4A Board-> 2 pc to 03029118,€0.0,$0.00,,,
HUAWEI,03029283,SSN2DCU(40km -LC -3dB) Single Channel Dispersion Compensation Board(40km.LC.3dB),€547.6,$0.00,,,
HUAWEI,03029451,RTN 910 - FAN ,,,,,
HUAWEI,03029593,SSN2DCU(60km/60km -LC -3dB) Dual Channel Dispersion Compensation Board(60km/60km.LC.3dB),€1 -095.2,$0.00,,,
HUAWEI,03029749,BTS3012 -GM51DCCU -SIGNAL ADAPTER COUPLING BOARD,€38.3,$0.00,,,
HUAWEI,03029804,SSN1SL1A ,,,,,
HUAWEI,03029945,AMU ,,,,,
HUAWEI,0302LLT,03020LLT,€0.0,$0.00,,,
HUAWEI,03030500,EGS2 - SSN2EGS211 ,,,,,
HUAWEI,03030506,SLD4 - SSN1SLD411,,,,,
HUAWEI,03030508,EFF8,,,,,
HUAWEI,03030509,CXL4- SSQ2CXL410-S4.1,,,,,
HUAWEI,03030521,ISU - TNHD00ISUA01,,,,,
HUAWEI,03030523,EGT2 - SSN2EGT211,,,,,
HUAWEI,03030524,CXLLN - SSR2CXLL1602,,,,,
HUAWEI,03030545,EGT2 - SSN2EGT216,,,,,
HUAWEI,03030548,UMPT,,,,,
HUAWEI,03030705,MR2,,,,,
HUAWEI,03030AMW,SSQ2CXL16 STM-16 System Control -Cross-connect -Optical,€547.6,$0.00,,,
HUAWEI,03030AMX,SSQ2CXL1602 OSN 2500 - STM-16 System Control - Cross-Connect - Optical Interface Board (S-16.1  - LC,€766.7,$0.00,,,
HUAWEI,03030AMY,SSQ2CXL1603 OSN 2500 STM-16 System Control - Cross-Connect - Optical Interface Board (L-16.1 - LC),€821.4,$0.00,,,
HUAWEI,03030ANA,CXL16,,,,,
HUAWEI,03030ANC,D40 (SSC6D4001),,,,,
HUAWEI,03030AQM,SPU,,,,,
HUAWEI,03030ATP,V40 (SSC6V4001),,,,,
HUAWEI,03030AUG,Switch Fabric Unit D - OLD Equipment,€164.3,$0.00,,,
HUAWEI,03030AVG,HUAWEI N1 SLQ16,€0.0,$0.00,,,
HUAWEI,03030AVP,SSN1SLQ1600 OPTIX OSN 3500 4XSTM-16 OPTICAL INTERFACE BOARD,€273.8,$0.00,,,
HUAWEI,03030AXL,PVMCB,,,,,
HUAWEI,03030AYY,OptiX OSN 2500 - SSQ1CXL1604 - STM-16 System Control - Cross-connect - Optical Interface Board (L-16.2 - LC),€54.8,$0.00,,,
HUAWEI,03030BCA,SSN1MST401,€0.0,$0.00,,,
HUAWEI,03030BDK,SL64,,,,,
HUAWEI,03030BDL,TQS Board,€0.0,$0.00,,,
HUAWEI,03030BME,SL64,,,,,
HUAWEI,03030BMY,GM51DTMU0  Transmission&Timing&Management Unit for DTRU BTS 3012,€0.0,$0.00,,,
HUAWEI,03030BWS,EMS4,€0.0,$0.00,,,
HUAWEI,03030BYU,OBU,,,,,
HUAWEI,03030CAG,UMSC ATM INTERFACE CARD,,,,,
HUAWEI,03030CAH,KW-UEEC,,,,,
HUAWEI,03030CAJ,KW-UEFC,,,,,
HUAWEI,03030CBF,TN11SCC01 System Control and Communication Board OSN  6800 ,€356.0,$3 -476.01,,,
HUAWEI,03030CBK,SCUA,,,,,
HUAWEI,03030CCS,SSN1SL64(Ls-64.2 -LC) 10G STM-64 optical interface board (Ls-64.2 - LC),€2 -190.5,$0.00,,,
HUAWEI,03030CDS,H602IPMB60 - IP Service Process Board of Master Frame,,,,,
HUAWEI,03030CEP,SSN3GSCC01 OptiX OSN 3500 System Control and Communication Board,€328.6,$0.00,,,
HUAWEI,03030CNB,SS-SL64A(I-64.2 LC) /STM-64 Optical Interf,€0.0,$0.00,,,
HUAWEI,03030CNS,SAP,,,,,
HUAWEI,03030CVA,NO REFERENCE,€0.0,$0.00,,,
HUAWEI,03030CVE,LBE,,,,,
HUAWEI,03030DAQ,CITA,,,,,
HUAWEI,03030DEW,V5 Rubidium synchronization and Maintenance Interface Unit ,,,,,
HUAWEI,03030DFD,SSN2PD3 6xE3/DS3 Service Processing Board OSN 3500,€301.2,$0.00,,,
HUAWEI,03030DFR,OPTIX OSN 3500  - SSN2SLQ1602  - 4X2.5G OPTICAL INTERFACEBOARD ,€876.2,$0.00,,,
HUAWEI,03030DFS,SLQ16,,,,,
HUAWEI,03030DFT,SLQ16,,,,,
HUAWEI,03030DGH,MA 5600T 16-port FE P2P Optical Access Board OPFA,,,,,
HUAWEI,03030DGS,NETENGINE5000E  - CR52MPUB0  - MAIN PROCESSING UNIT ,€1 -040.5,$0.00,,,
HUAWEI,03030DJB,CN21SDMC0 -SHELF DATA MODULE,€131.4,$0.00,,,
HUAWEI,03030DJX,SST1SXCSA Super Cross-Connect and Synchronous Timing Board,€1 -642.9,$0.00,,,
HUAWEI,03030DKF,SSN1SXCSA Optix Osn3500 Super Cross-connect and Synchronous Timing Board(Without Extension Host),€547.6,$0.00,,,
HUAWEI,03030DKH,SXCSB,,,,,
HUAWEI,03030DKL,Infinite Cross-connect and Synchronous Timing Board,,,,,
HUAWEI,03030DQM,SCC (SSC8SCC01),,,,,
HUAWEI,03030DSJ,TN11M40V01,,,,,
HUAWEI,03030DSV,TN11XCS01 Centralized Cross Connect Board,€547.6,$0.00,,,
HUAWEI,03030DTA,MCA4,,,,,
HUAWEI,03030DTF,GICD CARD,,,,,
HUAWEI,03030DTG,GICE,,,,,
HUAWEI,03030DTW,TN11RMU901  9-PORT ROADM MULTIPLEXING BOARD C_BAND OSN 6800,€821.4,$0.00,,,
HUAWEI,03030DTX,TN11SC201 03030DTX Optix OSN 6800 TN11SC2,€0.0,$0.00,,,
HUAWEI,03030DTY,OPTIX OSN 6800 -TN11SC101 -UNIDIRECTIONAL OPTICAL SUPERVISORY CHANNEL BOARD,€273.8,$0.00,,,
HUAWEI,03030DUA,TN11ROAM01,€0.0,$0.00,,,
HUAWEI,03030DWV,SCC,,,,,
HUAWEI,03030DXE,TN11WSD901 OPTIX OSN 6800 9-PORT WAVELENGTH SELECTIVE SWITCHING DEMULTIPLEXING BOARD C_EVEN,€9 -309.5,$0.00,,,
HUAWEI,03030DYC,LWC (SSC6LWC1T06),,,,,
HUAWEI,03030DYD,LWC (SSC6LWC1T07),,,,,
HUAWEI,03030EAD,EFS4,,,,,
HUAWEI,03030EAE,SSN4EFS001 10M/100M Fast Ethernet Processing Board,€438.1,$0.00,,,
HUAWEI,03030EEU,STM-4/STM-1 OPTICAL INTERFACE,,,,,
HUAWEI,03030EFT,PMU (SSC8PMU),,,,,
HUAWEI,03030EKL,TN81MD101 32 ch E1 Mixed Sub-board,€0.0,$0.00,,,
HUAWEI,03030ENX,SCC,,,,,
HUAWEI,03030EPQ,SL16A,,,,,
HUAWEI,03030EPX,SSN3SL1602  OPTIX OSN 3500  STM-16 OPTICAL INTERFACE BOARD L-16.2JE,€273.8,$0.00,,,
HUAWEI,03030EPY,OSN1500 2500 3500 7500 1-port STM-16 2.5G optical interface board SSN3SL1603 equipped with 1 V-16.2Je 140km SFP module,€273.8,$0.00,,,
HUAWEI,03030EQH,TN11CRPC01 C Band Backward Raman Processing Board.,,,,,
HUAWEI,03030ESK,SSR2PD1B 32xE1 Service Processing Board(120ohm),€109.5,$0.00,,,
HUAWEI,03030ESL,SSN2PQ1B01 63xE1 Service Processing Board 120ohm,€136.9,$0.00,,,
HUAWEI,03030ESQ,TN11VA101 RMU9 BOARD,€1 -095.2,$0.00,,,
HUAWEI,03030ESR,TN11MCAB01,,,,,
HUAWEI,03030ESS,TN11OBU101 OSN 6800 C-BAND Optical Booster Unit ,€0.0,$0.00,,,
HUAWEI,03030ETC,TN11FIU OSN 8800 Fiber Interface Board,€0.0,$0.00,,,
HUAWEI,03030ETD,TN11M4001 40-channel Multiplexing Board(C_ Even -196.00THz~192.10THz -100GHz -Thermal AWG -LC),€383.3,$8 -182.89,,,
HUAWEI,03030ETE,TN11D4001 40-channel Demultiplexing Board(C Even -196.00THz~192.10THz -100GHz -Thermal AWG -LC),€328.6,$8 -182.89,,,
HUAWEI,03030ETF,TN11OAU101 C-BAND Optical Amplifier Unit,€1 -533.3,$0.00,,,
HUAWEI,03030ETQ,CR52EAGFG0 NE80E 10-port GbE SFP Optical Interface LPU,€1 -369.0,$0.00,,,
HUAWEI,03030ETS,4*OC-3c/STM-1 POS-SFP Optical Interface LPU,€0.0,$0.00,,,
HUAWEI,03030EYS,MR4,,,,,
HUAWEI,03030EYU,MR4 LOW LOSS SMF C + BAND DCM 25 KM - MU,,,,,
HUAWEI,03030EYV,MR4,,,,,
HUAWEI,03030EYX,WP21POMUO MOUNTING PLATE ,€2 -738.1,$0.00,,,
HUAWEI,03030FAJ,SCS,,,,,
HUAWEI,03030FBE,MR4,,,,,
HUAWEI,03030FBF,MR4,,,,,
HUAWEI,03030FBK,MR4,,,,,
HUAWEI,03030FBM,MR8,,,,,
HUAWEI,03030FBN,MR8,,,,,
HUAWEI,03030FBP,MR8,,,,,
HUAWEI,03030FBQ,MR8,,,,,
HUAWEI,03030FBU,4-CHANNEL OPTICAL ADD/DROP M.BOARD (1471/1491/.),,,,,
HUAWEI,03030FBV,4-CHANNEL BOARD DWDM,,,,,
HUAWEI,03030FCA,SRUb,,,,,
HUAWEI,03030FEG,TN11LOGT03|8 OSN 6800 GIGABIT ETHERNET UNIT(AFEC -SUPER WDM -TUNABLE) -50GHZ(800PS/NM -RX1_PIN -TX1_-3DBM~+2DBM -,€1 -916.7,$0.00,,,
HUAWEI,03030FFR,MR4,,,,,
HUAWEI,03030FHC,CMR4,,,,,
HUAWEI,03030FHQ,SSN2PL3A OSN 3500  3xE3/T3 Front Leading-out Service Processing Board,€109.5,$0.00,,,
HUAWEI,03030FHR,SSN2PL3 OSN 1500b 3xE3/T3 Service Processing Board,€82.1,$0.00,,,
HUAWEI,03030FHT,LQMS,,,,,
HUAWEI,03030FJC,TN11TQM01 OSN 6800 4 X MULTI-RATE PORTS Tributary,€54.8,$0.00,,,
HUAWEI,03030FQC,H561SCUB1 MA5600 SUPER CONTROL UNIT BOARD ,€109.5,$0.00,,,
HUAWEI,03030FQJ,03050FQJ,€0.0,$0.00,,,
HUAWEI,03030FXJ,TN11OAU103 OSN 6800 -TN11OAU103 -C-BAND OPTICAL AMPLIFIER UNIT(MAX -4DBM IN AND 20DBM OUT -GAIN 24,€0.0,$0.00,,,
HUAWEI,03030FXN,Optical Booster unit OBU1,,,,,
HUAWEI,03030FXP,TN110BU205 OBU2,,,,,
HUAWEI,03030GBP,TN11OBU103 C-BAND Optical Booster Card(MAX -3dBm IN and 20dBm OUT Gain 23dB),€0.0,$0.00,,,
HUAWEI,03030GBR,CR53-P10-4xATM/STM1-SFP 4-Port OC-3c/STM-1c ATM-SFP Flexible Card,,,,,
HUAWEI,03030GBV,CR53P1UF0  - NETENGINE80E 1-PORT OC-48C-STM-16C POS-SFP FLEXIBLE CARD,€1 -369.0,$36 -040.00,,,
HUAWEI,03030GBY,TN11DCU07 Dispersion Compensation Unit(S -5km -for G.652),€438.1,$6 -756.03,,,
HUAWEI,03030GDY,TN11ITL01 Interleaver Board(C Band),€547.6,$12 -901.19,,,
HUAWEI,03030GED,CR52SRUA1 NETENGINE40E SWITCH AND ROUTE PROCESSING UNIT A,€931.0,$0.00,,,
HUAWEI,03030GFK,TN11M4002 40-channel Multiplexing Board(C_Odd -196.05THz~192.15THz -100GHz -Thermal AWG -LC),€438.1,$8 -182.89,,,
HUAWEI,03030GFY,SSN3SL16A00 STM-16 optical interface board,€0.0,$0.00,,,
HUAWEI,03030GGV,HSFP4140,,,,,
HUAWEI,03030GGW,SSN1SLD6402  OSN 3500 2xSTM-64 Optical Interface Board,€931.0,$0.00,,,
HUAWEI,03030GMU,GBTS Packet Process Unit,€54.8,$0.00,,,
HUAWEI,03030GNB,2-Port 10GBase LAN-XFP Line Processing Unit E CR52,€0.0,$0.00,,,
HUAWEI,03030GNU,4-Port 10GBase LAN-XFP Line Processing Unit,€0.0,$0.00,,,
HUAWEI,03030GQM,SSN2BPA(14/-38.LC) Optical Booster & Pre-amplifier Board(-38dBm~-10dBm.22dB~33dB;-6dBm~+3dBm.14dBm.LC).,€547.6,$0.00,,,
HUAWEI,03030GSG,CR52-P20-12x10/100/1000Base-TX-RJ45,,,,,
HUAWEI,03030GSH,CR52-P20-12x100/1000Base-X-SFP 12-Port 100/1000Base-SFP Flexible Card,€147.9,$0.00,,,
HUAWEI,03030GSK,"CR52-P20-1x10GBase WAN/LAN-XFP
1-Port 10GBase WAN/LAN-XFP Flexible BOARD",€109.5,$0.00,,,
HUAWEI,03030GSP,TN1-NS2T05-50GHz-AFEC -Super WDM -Tunable-DR,€0.0,$0.00,,,
HUAWEI,03030GUH,TN11DCP02 Double Channel Protect Board(MM),,,,,
HUAWEI,03030GUK,ETMXS,,,,,
HUAWEI,03030GVN,WSD9,,,,,
HUAWEI,03030GVP,CXL16,,,,,
HUAWEI,03030GXA,TN13FIU01 -OSN 9800 Fiber Interface Board,€87.6,$1 -342.86,,,
HUAWEI,03030GXT,.TN11TDX01 OPTIX OSN 6800 2 X 10G Tributary Service Processing Board,€109.5,$0.00,,,
HUAWEI,03030GXY,TN11TMXT05,,,,,
HUAWEI,03030GYH,03030GYH TN17LSCT61 100GBS WAVELENGTH CONVERSION,,,,,
HUAWEI,03030GYN,TN12VA401 OSN 6800 4-Channel Variable Optical Attenuator Board,€273.8,$4 -285.73,,,
HUAWEI,03030GYN01,03030GYN,€0.0,$0.00,,,
HUAWEI,03030GYQ,TN12VA101 OSN 6800 1-Channel Variable Optical Attenuator Board,€164.3,$1 -980.01,,,
HUAWEI,03030GYQ01,03030GYQ,€0.0,$0.00,,,
HUAWEI,03030GYT,TN12FIU01 Fiber Interface Board,€180.7,$1 -485.72,,,
HUAWEI,03030HAG,TN11DCU08 Dispersion Compensation Unit (T - 10km -for G.652).,€438.1,$7 -111.46,,,
HUAWEI,03030HAH,TN11DCU01 Dispersion Compensation Unit (A - 20km -for G.652),€492.9,$8 -574.32,,,
HUAWEI,03030HAJ,TN11DCU02 Dispersion Compensation Unit (B - 40Km -for G.652),€602.4,$11 -660.05,,,
HUAWEI,03030HAL,TN11DCU04 Dispersion Compensation Unit (D - 80km -for G.652),€821.4,$17 -260.64,,,
HUAWEI,03030HAM,TN11DCU05 Dispersion Compensation Unit (E - 100km -for G.652),€1 -040.5,$21 -541.23,,,
HUAWEI,03030HAN,TN11DCU06 Dispersion Compensation Unit (F - 120km - for G.652),€1 -259.5,$26 -822.39,,,
HUAWEI,03030HAR,TN11TBE01 10G Ethernet Tributary Board,€1 -095.2,$12 -008.62,,,
HUAWEI,03030HAT,SRU,,,,,
HUAWEI,03030HED,TN12DCP01 Double Channel Protect Board(SM),,,,,
HUAWEI,03030HKY,TN13WSM9C01 - 9-Port Wavelength Selective Switching Multiplexing Board(C_Band -196.05THz~192.10THz -50GHz -LC),€2 -190.5,$111 -712.45,,,
HUAWEI,03030HLA,TN13WSD9C01 - 9-Port Wavelength Selective Switching Demultiplexing Board(C_Band -196.05THz~192.10THz -50GHz -LC),€2 -190.5,$111 -712.45,,,
HUAWEI,03030HMQ,TN11TOM01 8xMulti-rate Ports Service Processing Board,€931.0,$15 -808.06,,,
HUAWEI,03030HNK,HERT BBU - WD22GTMUa - GBTS Main Processing & Transmission Unit (4E1 + 2FE + 6CPRI + 1EXT),€273.8,$0.00,,,
HUAWEI,03030HPY,TN12XCS01 Connect Board OSN 8800,,,,,
HUAWEI,03030HSS,NO REFERENCE,€1 -150.0,$0.00,,,
HUAWEI,03030HUT,OPTIX PTN 3900 -TN81MQ101 -63 CH E1 MIXED SUB-BOARD,€0.0,$0.00,,,
HUAWEI,03030HVJ,12-PORT 100/1000BASE-X-SFP Flexible Card B P20-B,,,,,
HUAWEI,03030HYA,C-BAND OPTICAL AMPLIFIER UNITMAX 0DBM INAND 23DBM OUT -GAIN 23~34DB,€0.0,$0.00,,,
HUAWEI,03030JBA,LQMS,,,,,
HUAWEI,03030JBG,LDMS,,,,,
HUAWEI,03030JBH,2XMULTI-RATE PORTS OTU1 WAVELENGTH CONV. BOARD,,,,,
HUAWEI,03030JCB,HXFP8240 10G 40km 1550nm,,,,,
HUAWEI,03030JCY,CR53-P10-4xPOS/STM4-SFP 4-port OC-12c/STM-4c POS-SFP Flexible Board,€575.0,$30 -528.00,,,
HUAWEI,03030JFJ,TN12XCS02 Centralized Cross Connect Board,,,,,
HUAWEI,03030JRX,SSE7LWFST01-STM-64 Transmit-receive Line Wavelength Conversion Board,€1 -095.2,$0.00,,,
HUAWEI,03030JSA,SSN3SL16ASTM-16 Optical Interface Board,€49.3,$0.00,,,
HUAWEI,03030JSC,OLP,,,,,
HUAWEI,03030JSP,C-BAND Optical Booster Unit(23dB Gain.20dBm OUT).,,,,,
HUAWEI,03030JTF,PQM -SSN1PDM,,,,,
HUAWEI,03030JTW,MPUB,,,,,
HUAWEI,03030JTY,CR53-P10-4xPOS/STM1-SFP 4-port OC-3c/STM-1c POS-SFP Flexible Card,,,,,
HUAWEI,03030JUA,NE40E-X8 8-port OC-3c/STM-1c POS-SFP Flexible Board,€547.6,$21 -200.00,,,
HUAWEI,03030JUB,NE40E-X8 8-port OC-3c/STM-1c POS-SFP Flexible Board,€547.6,$50 -880.00,,,
HUAWEI,03030JUD,TN12SC101 Unidirectional Optical Supervisory Channel Board,€273.8,$1 -845.15,,,
HUAWEI,03030JUH,TN12SC201 Bi-direction Optical Supervision Channel Board,€410.7,$2 -879.44,,,
HUAWEI,03030JUK,CR52-P21-4x10GBase WAN/LAN-XFP 4-port 10GBase WAN/LAN-XFP Flexible Card(Occupy two sub-slots) NETENGINE80E,€383.3,$48 -336.00,,,
HUAWEI,03030JUL,CR52-P21-40x100/1000Base-X-SFP 40-Port 100/1000Base-SFP Flexible Card(Occupy two sub-slots) NE40E-X3,€657.1,$33 -072.00,,,
HUAWEI,03030JVD,MR4 ,,,,,
HUAWEI,03030JVE,MR4,,,,,
HUAWEI,03030JVX,SCC - TN51SCC01,,,,,
HUAWEI,03030JVY,03030JVY-CN21XCRF0 CARD SWIA0,€0.0,$0.00,,,
HUAWEI,03030JWW,CXLQ41  -  SSRDCXLQ4100,,,,,
HUAWEI,03030JYU,TNF1MR801 8-ch Add/Drop Optical Add/Drop Multiplexer -100GHz(192.1/192.2/192.3/192.4/192.5/192.6/192.7/192.8THz),€301.2,$8 -218.32,,,
HUAWEI,03030JYX,MR8,,,,,
HUAWEI,03030KAA,TNF1MR802 8-ch Add/Drop Multiplexer -100GHz(192.9/193.0/193.1/193.2/193.3/193.4/193.5/193.6THz),€301.2,$8 -218.32,,,
HUAWEI,03030KAF,8-CH ADD/DROP MULTIPLEXER,,,,,
HUAWEI,03030KAG,MR4,,,,,
HUAWEI,03030KAJ,FIBER INTERFACE UNIT - (CWDM&DWDM) TNF1FIU01,,,,,
HUAWEI,03030KBB,CR53-P10-2xcPOS/STM1-SFP 2-Port Channelized OC-3c/STM-1c POS-SFP Flexible Card NE40E-X16,€273.8,$0.00,,,
HUAWEI,03030KBL,EOW,,,,,
HUAWEI,03030KBM,SXCSA,,,,,
HUAWEI,03030KCJ,TN11MR8V01 8-Channel Optical Add/Drop Multiplexing Board with VOA(100GHz -192.1THz~192.8THz),€0.0,$16 -789.78,,,
HUAWEI,03030KDK,MR4,,,,,
HUAWEI,03030KDL,MR4,,,,,
HUAWEI,03030KDM,MR4,,,,,
HUAWEI,03030KHJ,TN72CXP01 CONTROL SYSTEM AND CROSS-CONNECTOR AND MULTI-PROTOCOL PROCESSOR BOARD,€0.0,$0.00,,,
HUAWEI,03030KHP,CR53-P10-24xcE1/cT1-DB100 24-Port Channelized E1/T1-DB100 Flexible Card,€492.9,$8 -056.00,,,
HUAWEI,03030KJU,ATE,,,,,
HUAWEI,03030KJY,CR52-LPUF-21-A Flexible Card Line Processing Unit(LPUF-21 -2 sub-slots) A (L3VPN -MVPN -IPv6 Enhanced),€931.0,$0.00,,,
HUAWEI,03030KJY.,03030KJY,€0.0,$0.00,,,
HUAWEI,03030KKQ,CR52-P20-12x100/1000Base-X-SFP-A 12-Port 100/1000Base-SFP Flexible Card A(Supporting 1588v2),€383.3,$13 -568.00,,,
HUAWEI,03030KKR,CR52-MPUD  main processing unit D(Including 1*2G m,€438.1,$0.00,,,
HUAWEI,03030KKS,48x10/100Base-TX,,,,,
HUAWEI,03030KKU,NETENGINE80E  - CR52LPUK21  - FLEXIBLE CARD LINE PROCESSING UNIT LPUF-21 ,€1 -369.0,$0.00,,,
HUAWEI,03030KLP,TN52XCH01 1.28T CENTRALIZED CROSS CONNECT BOARD-ODUK -VC4,€1 -642.9,$0.00,,,
HUAWEI,03030KMB,TNF1FAN01 OSN 1800 II Fan Unit,€38.3,$0.00,,,
HUAWEI,03030KNE,CR5M0E8GFA30 8-Port 100/1000Base-X-SFP Flexible Card A(P10-A -Supporting 1588v2),€164.3,$21 -878.40,,,
HUAWEI,03030KQK,SSR2CXLNLN STM-1/4/16 System CONTROL  - Cross-connect  - Optical Interface Board,,,,,
HUAWEI,03030KQM,SSN2PQ1 OSN 2500*3500*7500 63xE1 Service Processing Board,€82.1,$0.00,,,
HUAWEI,03030KQU,TN82EG1601 OPTIX PTN3900 -16-PORT GIGABIT ETHERNET PROCESSING BOARD -EG16,€766.7,$0.00,,,
HUAWEI,03030KRK,TN11ITL04 Interleaver Board(C Band -Dual Module) - OSN 8800,€547.6,$24 -512.10,,,
HUAWEI,03030KSR,CR5D0SRUA470 Switch and Route Processing Unit A4 SRUA NetEngine NE40E-X8,€1 -095.2,$33 -920.00,,,
HUAWEI,03030KSY,SFUI-40-C,,,,,
HUAWEI,03030KTM,SSQ5CXLN - STM -1-4-16 System Control - Cross -Connect - Optical Interface Board OSN 3500,€273.8,$0.00,,,
HUAWEI,03030KWD,CR5MLPUF402A Flexible Card Line Processing Unit(LPUF-40.2 sub-slots) A (L3VPN.MVPN.IPv6 Enhanced),€2 -738.1,$0.00,,,
HUAWEI,03030LBV,CN21ETIA1  - UNIVERSAL REAR BOARD,€273.8,$0.00,,,
HUAWEI,03030LGB,TN52STG01 - Clock Syncronisation Board,€131.4,$1 -336.58,,,
HUAWEI,03030LGC,TN52TOM01 osn 8800 8 x Multi-rate Ports Service Processing Board,€766.7,$15 -808.06,,,
HUAWEI,03030LGL,WP21EMPU0 Main Processing Unit,€1 -095.2,$0.00,,,
HUAWEI,03030LGR,FIU,,,,,
HUAWEI,03030LHK,OAU,,,,,
HUAWEI,03030LHS,FAN,,,,,
HUAWEI,03030LJA,OPTIX PTN 950 FAN,,,,,
HUAWEI,03030LJV,OptiX OSN 6800 TN12ND2T02 2 X (4 X ODU1 multiplexing OTU2) optical interface board (AFEC Super WDM Tunable) 50GHz (800ps-nm Rx1 PIN Tx1-3dBm 2dBm LC),,,,,
HUAWEI,03030LJX,TN12LOGT02 OSN 8800 8*Gigabit Ethernet Board(AFEC -Super WDM -Tunable) -50GHz(800ps/nm -Rx1_PIN -Tx1_-3dBm~2dBm -LC),€1 -369.0,$42 -779.03,,,
HUAWEI,03030LKF,TNCM0FAN0102 RTN 910 FAN Unit,€32.9,$0.00,,,
HUAWEI,03030LKN,TMX,,,,,
HUAWEI,03030LKQ,TN13LSXT02 STM64/10GE WAN/10GE LAN/OTU2,,,,,
HUAWEI,03030LKR,TN12OAU103,,,,,
HUAWEI,03030LMF,TN11AUX02 OptiX OSN 6800 System Auxiliary Interface Board,€136.9,$793.72,,,
HUAWEI,03030LMK,TN12DAU101C-BAND Optical Amplifier Unit,€547.6,$0.00,,,
HUAWEI,03030LML,TN12OAU105 C-BAND Optical Amplifier,,,,,
HUAWEI,03030LMM,DAU1 - TN12OAU100,,,,,
HUAWEI,03030LMN,DBU1 - TN12OBU101,,,,,
HUAWEI,03030LMP,TN12OBU103,,,,,
HUAWEI,03030LMQ,DBU1 - TN12OBU104,,,,,
HUAWEI,03030LMT-,03030LMT,,,,,
HUAWEI,03030LMT,TN52NS3T01 40G Line Service Processing Board(AFEC.DQPSK.Tunable).50GHz(Rx1_PIN.Tx1_-5dBm~0dBm.LC).,,,,,
HUAWEI,03030LMY,TN52TQX01 Tributary Service Processing Board,€766.7,$0.00,,,
HUAWEI,03030LNB,TN52SCC01 System Control and Communication Board,€350.5,$3 -476.01,,,
HUAWEI,03030LPM,HERT BBU - WD22GTMUb - GBTS Main Processing & Transmission Unit (4E1 + 2FE + 6CPRI + 1EXT),€201.3,$0.00,,,
HUAWEI,03030LPT,TN11DCU11 Dispersion Compensation Unit(A -20km -for G.655),€438.1,$12 -861.77,,,
HUAWEI,03030LPV,TN11DCU13 - Dispersion Compensation Unit(C -60km -for G.655),€1 -259.5,$31 -042.41,,,
HUAWEI,03030LPW,TN11DCU14 Dispersion Compensation Unit(D.80km.for G.655),,,,,
HUAWEI,03030LRD,ODX042101 HXFP8441-210|OPTIX WS OPM GEN -SSX4T2XP60 -10.71G OPTICAL TRANSPONDER(-19DBM~0DBM -1550NM;800PS/NM,€82.1,$0.00,,,
HUAWEI,03030LRF,10.71G OPTICAL TRANSPONDER (-19dBm~0dBm -1550nm;800ps/nm,,,,,
HUAWEI,03030LRH,10.71G OPTICAL TRANSPONDER,,,,,
HUAWEI,03030LRK,HXFP8441-260 10G 40km 1556.55nm ,,,,,
HUAWEI,03030LRL,HXFP8441-270 10G 40km 1555.75nm ,,,,,
HUAWEI,03030LRM,HXFP8441-280 10G 40km 1554.94nm,,,,,
HUAWEI,03030LRN,HXFP8441-290 10G 40km 1554.13nm,,,,,
HUAWEI,03030LRU,HXFP8441-350 10G 40km 1549.32nm,,,,,
HUAWEI,03030LRW,HXFP8441-370,,,,,
HUAWEI,03030LSF,HXFP8441-450 10G 40km 1541.35nm ,,,,,
HUAWEI,03030LSG,HXFP8441 10G 40km 1540.56nm,,,,,
HUAWEI,03030LSM,ODX045101 - HXFP8441-510,,,,,
HUAWEI,03030LTQ,TN13WSD9C03 9-Port Wavelength Selective Switching Demultiplexing Board(C_Band -196.05THz~192.10THz -50GHz -LC),€1 -916.7,$111 -712.45,,,
HUAWEI,03030LWL,TN11RMU902 9-Port ROADM Multiplexing Board (with Dark -C_Band),€438.1,$16 -030.35,,,
HUAWEI,03030LWM,TN54NS3T01 40G Line Service Processing Board(AFEC -DQPSK -Tunable) -50GHz(Rx1_PIN -Tx1_-5dBm~0dBm -LC)),€5 -476.2,$201 -328.00,,,
HUAWEI,03030LWQ,030LWQ - 40G LINE SERVICE PROCESSING BOARD,,,,,
HUAWEI,03030LXQ,TN12WSMD401 Mux DeMux Board,,,,,
HUAWEI,03030MDB,CX-MPUG,,,,,
HUAWEI,03030MDD,TN11MCA802 8-Channel Spectrum Analysis Board -Monitoring 40Gbps Signal,€1 -095.2,$22 -885.81,,,
HUAWEI,03030MDF,MCA4 - TN11MCA402,,,,,
HUAWEI,03030MDK,CR5M0L2XXB20 2-Port 10GBase LAN/WAN-XFP Flexible Card B P40-B,,,,,
HUAWEI,03030MDT,TN11SFIU01 Fiber Interface Board OSN 8800-9800,€136.9,$2 -065.72,,,
HUAWEI,03030MEG,TN52XCH02 1.28T Centralized Cross Connect Board-ODUk.VC4,€739.3,$0.00,,,
HUAWEI,03030MEQ,16XE1-120,,,,,
HUAWEI,03030MER,AUX/4XFE-A,,,,,
HUAWEI,03030MGE,CX600 -CX67PSUD0 -Power Supply BOARD,€0.0,$0.00,,,
HUAWEI,03030MJE,10.71G OPTI TRANSP-19dBm~0dBm -1550nm;800ps/nm-1dBm,,,,,
HUAWEI,03030MJF,10.71G OPTICAL TRANSPONDER(-19dBm~0dBm -1550nm;800ps/nm --1dBm,,,,,
HUAWEI,03030MJG,10.71G OPTIC TRANSP(-19dBm~0dBm -1550nm;800ps/nm --1dBm,,,,,
HUAWEI,03030MJH,10G 40km 1558.17nm SM C,,,,,
HUAWEI,03030MKW,XFP 1550nm 10 -71G 196 -00THz LC/PC,,,,,
HUAWEI,03030MMX,LPUI-41,,,,,
HUAWEI,03030MNV,EG2,,,,,
HUAWEI,03030MPA,TN11WSMD901 9-Port Wavelength selective multiplexing and Demultiplexing board (C_Band -196.05THz~192.10THz -50GHz -LC)	,€2 -738.1,$114 -338.74,,,
HUAWEI,03030MPH,CR51MPUG0  Main Processing Unit G (Including 1*1G CF BOARD) NE40,€542.1,$0.00,,,
HUAWEI,03030MPL,CR51NPUI20  Network Processing Unit Integrated with 2-Port 10G,€1 -040.5,$0.00,,,
HUAWEI,03030MQH,FAN,,,,,
HUAWEI,03030MRQ,TNF1LEM1801 16*GE+2*10GE+2*OTU2 Ethernet switch board,,,,,
HUAWEI,03030MSG,TNF2ELOM01 DWDM OSN1800 ENHANCED 8xMULTIRATE-SERVICE PORT,,,,,
HUAWEI,03030MTL,4 Channels FE/GE Adaptive Optical Interface Board,,,,,
HUAWEI,03030MTM,D2ML1A,,,,,
HUAWEI,03030MVG,TN12M4001 40-channel Multiplexing Board(C_ Even -196.00THz~192.10THz -100GHz -Thermal AWG -LC),€383.3,$8 -182.89,,,
HUAWEI,03030MVS,TN13OAU101 C-BAND Optical Amplifier Unit(MAX 0dBm IN and 20dBm OUT -Gain 20~31dB),€492.9,$20 -292.08,,,
HUAWEI,03030MXM,P100-5X10GB BASE LAN/WAN-XFP-A ,,,,,
HUAWEI,03030NAA,40-CHANNEL MULTIPLEXING BOARD WITH VOA ,,,,,
HUAWEI,03030NAB,TN12D4001,,,,,
HUAWEI,03030NDN,4-PORT 10M/100M ,,,,,
HUAWEI,03030NGC,TN55NPO2EL02 OptiX OSN 8800 -TN55NPO2EL02 -10G PID Line Service Processing Board (196.00THz~193.8THz -4*10G -long-haul -20-channel extended),,,,,
HUAWEI,03030NGT,WRONG PN,€0.0,$0.00,,,
HUAWEI,03030NHH,TN13OAU103 C-BAND Optical Amplifier Unit(MAX -4dBm IN and 20dBm OUT -Gain 24~36dB),€711.9,$20 -697.80,,,
HUAWEI,03030NHM,TN13OAU105 C-BAND Optical Amplifier Unit(MAX 0dBm IN and 23dBm OUT -Gain 23~34dB),€821.4,$25 -485.82,,,
HUAWEI,03030NHS,TN12M4002 40-channel Multiplexing Board(C_Odd -196.05THz~192.15THz -100GHz -Thermal AWG -LC),€301.2,$8 -182.89,,,
HUAWEI,03030NHT,TN12M40V02 40-Channel Multiplexing Board With VOA(C_Odd -196.05THz~192.15THz -100GHz -LC),,,,,
HUAWEI,03030NHU,TN12D4002 40-channel Demultiplexing Board(C_Odd -196.05THz~192.15THz -100GHz -Thermal AWG -LC),€410.7,$8 -182.89,,,
HUAWEI,03030NLC,TN11LTXT01,,,,,
HUAWEI,03030NNV,RAU1 - TN11RAU106,,,,,
HUAWEI,03030NNW,TN13OAU106 C-BAND Optical Amplifier Unit(MAX 4dBm IN and 20dBm OUT -Gain 16~23dB),,,,,
HUAWEI,03030NSK,CR5D0L2XFA70 2-Port 10GBase LAN/WAN-SFP+ Flexible Card A(P50-A.Occupy one sub-slot).,€460.0,$300.00,,,
HUAWEI,03030NST,TNH1ISUB06 noREF,€1 -150.0,$0.00,,,
HUAWEI,03030NTD,TNM1PCXLX1606 STM-16 HYBRID SYSTEM CONTROL AND CROSS-CONNECT BOARD,€138.0,$0.00,,,
HUAWEI,03030NTM,NPO2E TN55NPO2ES02 10G PID line service processing board - 20-channel,,,,,
HUAWEI,03030NXV,TN14FIU01 Fiber Interface Board OptiX OSN 6800 OLA,€328.6,$2 -065.72,,,
HUAWEI,03030PBW,TN11RAU201 FIBER INTERFACE Board,€0.0,$70 -111.71,,,
HUAWEI,03030PCB,CR5D00P4CF70,,,,,
HUAWEI,03030PGE,TD20,€0.0,$0.00,,,
HUAWEI,03030PGR,ANDD000FAN03 ATN 950B - and1FAN03,€54.8,$0.00,,,
HUAWEI,03030PHD,8 CHANNEL OPTICAL POWER MONITOR BOARD,,,,,
HUAWEI,03030PLN,CR5D00SP8010 Versatile Service Flexible Card (SP80) NE40E-X8,,,,,
HUAWEI,03030PLX,CR5D00A8CF70 NE40E 8-Port OC-3c/STM-1c ATM-SFP Flexible Card,€547.6,$0.00,,,
HUAWEI,03030PMA,CR5D0EFGFA70 24-Port 100/1000Base-X-SFP Flexible Card A(P51-A),,,,,
HUAWEI,03030PME,"CR5D0L2XFA71 NE40E-X8A 2-Port 10GBase LAN/WAN-SFP+ Flexible Card A(P51-A).
",€164.3,$0.00,,,
HUAWEI,03030PMN,CR5D0EFGFA71 24-Port 100/1000Base-X-SFP Flexible Card A(P101-A) NE40E-X8,€213.6,$0.00,,,
HUAWEI,03030PTB,CR5D00C8CF71 8-Port Channelized STM-1c POS-SFP Flexible Card(P50).,,,,,
HUAWEI,03030PVG,CR5D00C4CF70 4-Port Channelized STM-1c POS-SFP Flexible Card(P50) NE40E-X8,€164.3,$0.00,,,
HUAWEI,03030QAE,CX600-16 CR51NPU500,€0.0,$0.00,,,
HUAWEI,03030QAS,CR5D00PSUC70 DC Power Supply Unit 1200W,€109.5,$0.00,,,
HUAWEI,03030QBJ,CR5D00L2XF70 2x10GE-SFP+ Routers,,,,,
HUAWEI,03030QBK,CR5D00E8GF71 03030QBK NE40E 8-Port 100/1000Base-X Interface Card,€273.8,$0.00,,,
HUAWEI,03030QBL,NETENGINE40E -CR51E8GEB0 -8-PORT 100/1000BASE-RJ45 PHYSICAL INTERFACE CARD,€164.3,$0.00,,,
HUAWEI,03030QBM,CR5D00C4CF71  4-Port Channelized STM-1c POS-SFP Physical Interface Card(PIC),€219.0,$0.00,,,
HUAWEI,03030QDP,CR51MPUK0 - MAIN PROCESSING UNIT,€219.0,$0.00,,,
HUAWEI,03030QEJ,IT0E01FAN000 OSCA Fan Unit,€115.0,$0.00,,,
HUAWEI,03030QFK,TN52ND2T04	Double 10G Line Service Processing Board(AFEC -Super WDM -Tunable) -50GHz(800ps/nm -Rx1_PIN -Tx1_-3dBm~+2dBm -LC) OSN 8800,€2 -464.3,$59 -150.52,,,
HUAWEI,03030QLV,TN15FIU01  Fiber Interface Board,€262.9,$0.00,,,
HUAWEI,03030QLW,TN16FIU01 Fiber Interface Board ,,,,,
HUAWEI,03030QLX,TN12RDU901 9-Port ROADM Splitting Board(C_Band),€328.6,$0.00,,,
HUAWEI,03030RAD,TNV1T130S01 30 ANY-RATE PORTS SERVICE PROCESSING BOARD OSN 9800,€2 -070.0,$0.00,,,
HUAWEI,03030RAD01,03030RAD,€0.0,$0.00,,,
HUAWEI,03030REL,NETENGINE40E -CR51L1XE8GF0 -1-PORT 10GBASE LAN/WAN-SFP+ + 8-PORT 100/1000BASE,,,,,
HUAWEI,03030REX,16 PORT PHYSICAL INTERFACE CARD,,,,,
HUAWEI,03030RFE,CR51NPU1200 - Network Processing Unit (NPU-120),,,,,
HUAWEI,03030RFQ,CR5D00PSUD71 DC Power Supply Unit 1600W,€109.5,$0.00,,,
HUAWEI,03030RGC,LE1D2G48TX1E,,,,,
HUAWEI,03030RJQ,CR5D08CWDM70 8-Channel CWDM Multiplexing & Demultiplexing (1471/1491/1511/1531/1551/1571/1591/1611nm) Physical Interface Card(PIC),€438.1,$0.00,,,
HUAWEI,03030RKM,MPWD - HUAWEI SmartAX MA5608T AC POWER B. ,,,,,
HUAWEI,03030RLG,X40,,,,,
HUAWEI,03030RRQ,TN56NS3T01 40Gbit/s Line Service Processing Board(ULH -HFEC -Coherent -Tunable,€0.0,$0.00,,,
HUAWEI,03030RSC,Universal Cross Connect /  TNF5UXCM01,,,,,
HUAWEI,03030RXB,OSN 9800 U16/U32/U64 2-port 100G Tributary Service Processing Board TNV1T402C01,,,,,
HUAWEI,03030RXG,TNV1T401C01|OPTIX OSN 9800 -TNV1T401C01 -1*100G TRIBUTARY SERVICE PROCESSING BOARD (CFP) BOARD,€1 -095.2,$0.00,,,
HUAWEI,03030SAF,TNRD00MPUK70 BOARD,€0.0,$0.00,,,
HUAWEI,03030SLK,C-BAND OPTIC AMPLI UNIT MAX OUT OPTION 21/22/23dBm,,,,,
HUAWEI,03030SVB,TN12STG01 - HUAWEI OptiX OSN 8800 Synchronous Timing Generation Board,€164.3,$0.00,,,
HUAWEI,03030SVJ,9-PORT WAVELENGTH SELECTIVE MULTIPLEX - DEMULTIPLEX,,,,,
HUAWEI,03030SVN,TN13OBU101 C-BAND Optical Booster Unit(MAX -4dBm IN and 16dBm OUT -Gain 20dB),€547.6,$0.00,,,
HUAWEI,03030SVP,TN13OBU103	C-BAND Optical Booster Unit(MAX -3dBm IN and 20dBm OUT -Gain 23dB),€985.7,$0.00,,,
HUAWEI,03030SVQ,TN13OBU104	C-BAND Optical Booster Unit(MAX -1dBm IN and 16dBm OUT -Gain 17dB),€821.4,$0.00,,,
HUAWEI,03030SVR,TN13OBU105	C-BAND Optical Booster Unit(MAX 0dBm IN and 23dBm OUT -Gain 23dB),€1 -369.0,$0.00,,,
HUAWEI,03030SVU,TN12MR8V01	8-Channel Optical Add/Drop Multiplexing Board with VOA(100GHz -192.1THz~192.8THz),,,,,
HUAWEI,03030SVX,HIGH PO UNIDIRECTIONAL OPTI SUPERVIS ,,,,,
HUAWEI,03030TTM,TN13WSMD401 4-Port Wavelength selective multiplexing and Demultiplexing board (C_Band -196.05THz~192.10THz -50GHz -LC),,,,,
HUAWEI,03030TTS,TN16WSM901 9-Port Wavelength Selective Switching Multiplexing Board(C_Band -196.05THz~192.10THz -50GHz -LC),,,,,
HUAWEI,03030TTT,TN16WSD901 9-Port Wavelength Selective Switching Demultiplexing Board(C_Band -196.05THz~192.10THz -50GHz -LC).,,,,,
HUAWEI,03030ULA,TNF2OBU01 C-BAND Optical Amplifier Unit(MAX -3dBm IN and 20dBm OUT -Gain 23dB -With EVOA),,,,,
HUAWEI,03030ULX,INTERLEAVER BOARD (C Band) TN11ITL06,,,,,
HUAWEI,03030URG,TNF1EMR801-Enhanced 8-ch Optical Add/Drop Multiplexing Board -100GHz(192.1/192.2/192.3/192.4/192.5/192.6/192.7/192.8THz).,€301.2,$0.00,,,
HUAWEI,03030UUD,FIBER INTERFACE BOARD (SINGLE FIU SUBCARD),,,,,
HUAWEI,03030UUP,03030UUP-TN96WSM9 OptiX OSN 8800,€0.0,$0.00,,,
HUAWEI,03030UUR,03030UUR-TN96WSD9 OptiX OSN 9800 U64,€0.0,$0.00,,,
HUAWEI,03030WEE,CR5D00L2XF71 2-Port 10GBase LAN/WAN-SFP+ Physical Interface Card(PIC),,,,,
HUAWEI,03030WLE,UNIVERSALCROSS CONNECT BOARD - TNV2XCS01,,,,,
HUAWEI,03030XEH,100GBIT/S LINE SERVICE PROCESSING BOARD(4*28G -700PS/NM -RX1~,,,,,
HUAWEI,03030XHX,03030XHX-CR52-P20-1x10GBase WAN/LAN-XFP,€0.0,$0.00,,,
HUAWEI,03030YCE,TN12RAU201. C-BAND Backward Raman and Erbium Doped Fiber Hybrid Optical Amplifier Unit(MAX -2dBm LINE IN and MAX 20dBm OUT.Gain 30~41dB for G.652).,€0.0,$122 -695.00,,,
HUAWEI,03030YHN,1-CHANNEL VARIABLE OPTICAL ATTENUATOR BOARD ,,,,,
HUAWEI,03030YHP,TN12MR8V01	8-Channel Optical Add/Drop Multiplexing Board with VOA(100GHz -192.1THz~192.8THz),€821.4,$122 -695.00,,,
HUAWEI,03030YSB,TNS1CTU01 SYSTEM CONTROL AND COMMUNICATION BOARD WITH CLOCK PROCESSING FUNCTION ,€273.8,$0.00,,,
HUAWEI,03031005,SS42SCB0,,,,,
HUAWEI,03031240,SS42OI2D01-S1.1/S1.1,,,,,
HUAWEI,03031242,S16,,,,,
HUAWEI,03031317,SQ1,,,,,
HUAWEI,03031323,SS42SP1D01,,,,,
HUAWEI,03031523,SL4,,,,,
HUAWEI,03031612,SD1,,,,,
HUAWEI,03031649,SS420I2S01-S1.1,,,,,
HUAWEI,03031651,SS42OI2S03-L1.1,,,,,
HUAWEI,03031652,SS42OI2S04-L1.2,,,,,
HUAWEI,03031653,SS42OI2D02-L1.1/L1.1,,,,,
HUAWEI,03031654,SS42OI2D03-L1.2/L1.2,,,,,
HUAWEI,03031674,SD1,,,,,
HUAWEI,03031675,SD4,,,,,
HUAWEI,03031686,SS42PD2TB01,,,,,
HUAWEI,03031688,SS42PD2SB01,,,,,
HUAWEI,03031836,EIPC,,,,,
HUAWEI,03031925,XCS,,,,,
HUAWEI,03031ABK,LSC-TN15LSCT61,,,,,
HUAWEI,03031ACY,NPU-420,,,,,
HUAWEI,03031DJM,CR5D00L4XF72,,,,,
HUAWEI,03031DJR,CR5D00EAGF70 10-Port 100/1000Base-X-SFP Physical Interface Card(PIC),€136.9,$0.00,,,
HUAWEI,03031DJS,0,,,,,
HUAWEI,03031FGJ,TNU3N401T61 1*100G Line Service Processing Board (ULH -SDFEC2 -wDCM -Coherent -Tunable -50GHz -LC),€4 -381.0,$0.00,,,
HUAWEI,03031FXM,TNF3SCC01 System Control & Communication Board with OSC,,,,,
HUAWEI,03031GGW,100Gbit/s LINE SERVICE PROCESS BOARD (LH -SDFEC2 -,,,,,
HUAWEI,03031GGX,TN58NS4T61 100Gbit/s Line Service Processing Board(ULH -SDFEC2 -wDCM - Coherent -Tunable -50GHz -LC).,€0.0,$0.00,,,
HUAWEI,03031JLY,N401P,,,,,
HUAWEI,03031KBG,TN11SRAU02_MAX -7dBm LINE IN and MAX 20dBm OUT - Gain 22~30dB for G.652),,,,,
HUAWEI,03031LMU,TN13FIU03 Fiber Interface Board,€273.8,$0.00,,,
HUAWEI,03031LRW,100GBIT/S WAVELENGTH CONVERSION BOARD (METRO -4*28G -192.1/ ),,,,,
HUAWEI,03031LVL,BAS1,,,,,
HUAWEI,03031MXR,GM5D0GTMUC00  Main Control and Transport unit(4E1&1 electrical FE/GE &1 optical FE/GE).,€172.5,$0.00,,,
HUAWEI,03031QAM,20-ports flexible and tunable wavelength multiplexing board (C_Band -192.05~196.075THz -37.5GHz~400GHz),€0.0,$408 -556.00,,,
HUAWEI,03031RGC,TN12RAU201E  - C-BAND Backward Raman and Erbium Doped Fiber Hybrid Optical Amplifier Unit(MAX -2dBm LINE IN and MAX 20dBm OUT -Gain 30~41dB for G.652 -with fiber monitor interface),€3 -000.0,,,,
HUAWEI,03031SYK,C-BAND FIB HYBR OPTI AMPLI UNI (MAX 1dBm LINE IN,,,,,
HUAWEI,03031TWN,"TN51HBA01 Extended C-Band High-power Booster Amplifier Board.
",€0.0,$153 -470.00,,,
HUAWEI,03031YTS,03031YTS-LSC BOARD TNF1LSCT65,€0.0,$0.00,,,
HUAWEI,03031YXT-,03031YXT,,,,,
HUAWEI,03031YXT,SYSTEM CONTROL & COMM BOARD WITH OSC (TNF3SCC03),,,,,
HUAWEI,03031YXX,TNV3T210 10*10G Tributary Service Processing Board,€547.6,$153 -470.00,,,
HUAWEI,03032184,SS42OI4A02-S4.1,,,,,
HUAWEI,03032241,SCC ,,,,,
HUAWEI,03032262,SS43SCB01,,,,,
HUAWEI,03032351,PQ1,,,,,
HUAWEI,03032448,SS42SP2B01,,,,,
HUAWEI,03032790,AEOW,,,,,
HUAWEI,03032798,ASCC,,,,,
HUAWEI,03032808,ASTI,,,,,
HUAWEI,03032823,ATPR,,,,,
HUAWEI,03032824,EU08,,,,,
HUAWEI,03032827,SP08,,,,,
HUAWEI,03032832,SLQ4,,,,,
HUAWEI,03032879,ACOM,,,,,
HUAWEI,03032BXT,TNF1C1CFPT65 100G CFPT65(Metro -SDFEC2 -Coherent wDCM -Tunable -expanded C Band --3dBm-2dBm --18dBm -50GHz -LC),,,,,
HUAWEI,03032KCL,TNV3T401C21 1*100G TRIBUTARY SERVICEPROCESSING BOARD - OSN 9800,€1 -095.2,$0.00,,,
HUAWEI,03032PBE,0,,,,,
HUAWEI,03032RGM,H901 - GPLF,,,,,
HUAWEI,03032VAA,TN52WSMD901 9-Port flexible Wavelength selective multiplexing and Demultiplexing board(Extended C_Band -191.25~196.075THz -37.5GHz~400GHz -Support WD),,,,,
HUAWEI,03032VNA,TN12C1CFPT61 100G CFPT61(ULH -SDFEC2 -Coherent wDCM -Tunable -Extended C Band --5dBm --1dBm --16dBm -Fixed),€0.0,$0.00,,,
HUAWEI,03032WRN,03032WRN-OXCFP CARD OSN 9800 P32 ,€0.0,$0.00,,,
HUAWEI,03032WRR,03032WRR-TMP1OXCFP03 CARD OSN9800 P32 ,€0.0,$0.00,,,
HUAWEI,03032WSW,48 PORT 100/1000 BASE-X INTERFACE CARD,,,,,
HUAWEI,03032YHC,TN12C2CFPT23 200G CFPT23(LHD - SDFEC2@200G e16QAM/100G QPSK/etc. -flex rate - Coherent -Tunable -Extended C Band --5dBm-0dBm --16dBm -Flexgrid),€0.0,$0.00,,,
HUAWEI,03032YKG,GPUF - H901GPUF,,,,,
HUAWEI,03032YVW,TNF3C1CFPT61 100G CFPT61(ULH -SDFEC2 -Coherent wDCM -Tunable -Extended C Band --10dBm-4dBm --18dBm -Fixed).,€0.0,$0.00,,,
HUAWEI,03032YYG,TN17M40V01 40-Channel Multiplexing Board,,,,,
HUAWEI,03033145,ABPA,,,,,
HUAWEI,03033738,LPU - 1000BASE-GBIC,,,,,
HUAWEI,03033839,SL64,,,,,
HUAWEI,03033926,XCS,,,,,
HUAWEI,03033991,SSE1SCC01 System Control&Communication Board,€0.0,$0.00,,,
HUAWEI,03033AKL,TN17D4001 40-channel Demultiplexing Board,,,,,
HUAWEI,03033BST,TN55OPM801	8 channel flexible bandwidth optical power monitor board,€1 -861.9,$0.00,,,
HUAWEI,03033BTE,S9306/S9312 Main Control Unit H (A1),,,,,
HUAWEI,03033CSN,TN17M40V01 40-Channel Multiplexing Board With VOA(C_Even -196.00THz~192.10THz -100GHz -LC),,,,,
HUAWEI,03033CSP,TN17M40V02 40-Channel Multiplexing Board With VOA(C_Odd -196.05THz~192.15THz -100GHz -LC),,,,,
HUAWEI,03033CSQ,TN17D4001 40-channel Demultiplexing Board(C Even -196.00THz~192.10THz -100GHz -Thermal AWG -LC),,,,,
HUAWEI,03033CSR,TN17D400240-channel Demultiplexing Board(C_Odd -196.05THz~192.15THz -100GHz -Thermal AWG -LC),,,,,
HUAWEI,03033EVH,GPON 16 PORTS H901GPSF,,,,,
HUAWEI,03033FJC,TNG3D4801 48-Channel Demultiplexing Board( Extended C_even -196.0THz~191.3THz -100GHz -Thermal AWG).,€0.0,$0.00,,,
HUAWEI,03033FNP,TNG2UM4002	40-channel Multiplexing Board(Super C_odd - 196.6375THz~190.7875THz - - 150GHz - Thermal AWG) OSN 9800,,,,,
HUAWEI,03033FNR,TNG2UD4002	40-channel Demultiplexing Board(Super C_odd - 196.6375THz~190.7875THz - 150GHz - Thermal AWG),,,,,
HUAWEI,03033FTV,TNG3CXP01	Universal Cross Connect -System Control and Clock Processing Board OptiX OSN 9800 M24,€1 -916.7,$48 -300.00,,,
HUAWEI,03033FUW,200 G CFP2 DWDM  tunable module  OSN 9800/9600 chassis,,,,,
HUAWEI,03033FXE,10-port 100/1000Base-X-SFP MACsec Physical Interface Card(PIC).,€1 -400.0,$10 -000.00,,,
HUAWEI,03033GDR,0,,,,,
HUAWEI,03033GMA,R2CXPA Processing Board,,,,,
HUAWEI,03033GRW,0,,,,,
HUAWEI,03033HCK,TMB1LDX01  2X10GB/S Wavelength Conversion Board NE40E-X3A,,,,,
HUAWEI,03033HED,TNS7N502C01 Programmable 2x200G/100G Hybrid Board,,,,,
HUAWEI,03033JNE,0,,,,,
HUAWEI,03033LAH,CR5D0EFGFM70 24 port 100 / 1000Base-X-SFP MACSEC flexible card (P53) NE40E-X3A,€492.9,$0.00,,,
HUAWEI,03033QQL,200 G CFP2 DWDM tunable module for OSN 9800/9599 chassis,,,,,
HUAWEI,03033REW,K1UNQ2     TMK1UNQ201,,,,,
HUAWEI,03033TBC,TMP2CTU02 SYSTEM CONTROL AND COMMUNICATION BOARD WITH CLOCK PROCESSING FUNCTION ,,,,,
HUAWEI,03033YXS,4*100G or 1*400G Multiplexing Into 1*200G1400G ProgrammableTMN1MS04T3701 Wavelength Conversion Board(SDFEC2 -Coherent -superC -Tunable -Flex)(Short Distance),,,,,
HUAWEI,03033VFQ,OPTICAL CARD OXC 32 DEGREE *32-PORTS ADD AND DROP COLORLESS TMP2OT3232N01,,,,,
HUAWEI,03033VGS,OXC 32D OPTICAL LINE BOARD TMP2ON32S01,,,,,
HUAWEI,03034021,FPIU,,,,,
HUAWEI,03034031,SS44PD2DB01,,,,,
HUAWEI,03034032,SS44PD2SB01,,,,,
HUAWEI,03034033,PMCU,,,,,
HUAWEI,03034035,SS44PD2TB01,,,,,
HUAWEI,03034051,APIU,,,,,
HUAWEI,03034052,OI4,,,,,
HUAWEI,03034054,OI4,,,,,
HUAWEI,03034096,SD4,,,,,
HUAWEI,03034284,SS44SP1B01,,,,,
HUAWEI,03034606,BPIU,,,,,
HUAWEI,03034701,XCS,,,,,
HUAWEI,03034811,EXCL,,,,,
HUAWEI,03034869,SCC,,,,,
HUAWEI,03034871,OI4,,,,,
HUAWEI,03034KHJ,K3SLNO    TMK3SLNO01,,,,,
HUAWEI,03035165,S16,,,,,
HUAWEI,03035302,BPIU,,,,,
HUAWEI,03035553,SS-GXCSA-7500 General Cross-connect and S,€109.5,$0.00,,,
HUAWEI,03036278,DM12,,,,,
HUAWEI,03036347,CTPT,,,,,
HUAWEI,03036394,XCS1,,,,,
HUAWEI,03036439,GXCSA,,,,,
HUAWEI,03036449,SP2,,,,,
HUAWEI,03036466,SCC,,,,,
HUAWEI,03036486,FSCC,,,,,
HUAWEI,03036508,AMXS,,,,,
HUAWEI,03036520,AUX,,,,,
HUAWEI,03036618,TN11AUX01 System Auxiliary Interface Board 8800-3500,€273.8,$0.00,,,
HUAWEI,03036752,CR52L2XXN0 NETENGINE40E  - 2-PORT10GBASE LAN-WAN-XFP FLEXIBLE CARD P40,€109.5,$0.00,,,
HUAWEI,03036787,EFS0,,,,,
HUAWEI,03036884,EFSO,,,,,
HUAWEI,03036885,H565ADBF1,,,,,
HUAWEI,03036944,SL4,,,,,
HUAWEI,03036945,SS42EFS01,,,,,
HUAWEI,03036967,P40-20xGE/FE-SFP,,,,,
HUAWEI,03037064,GSCC,,,,,
HUAWEI,03037070,CR5M0EEGFA20 20-Port 100/1000Base-X-SFP Flexible Card A(P40-A.Supporting 1588v2) NE40E-X16,€2 -738.1,$0.00,,,
HUAWEI,03037098,SSN1AU01 -SSN1AUX System Auxiliary Interface Board OSN 3500,€164.3,$0.00,,,
HUAWEI,03037105,PL1D,,,,,
HUAWEI,03037106,SCC,,,,,
HUAWEI,03037127,SS-PL3 3xE3/T3 Service Processing Board,€109.5,$0.00,,,
HUAWEI,03037134,EFS4,,,,,
HUAWEI,03037316,OPTIX OSN TRIBUTARY BOARD - 63XE1,,,,,
HUAWEI,03037342,SL16A,,,,,
HUAWEI,03037345,PD 3 - SSN1PD301,,,,,
HUAWEI,03037372,SL16A - SSN1SL16A01-116,,,,,
HUAWEI,03037374,SL16A,,,,,
HUAWEI,03037375,SL16A,,,,,
HUAWEI,03037376,SL16A,,,,,
HUAWEI,03037378,SL16,,,,,
HUAWEI,03037390,SLQ4 - SSN1SLQ401,,,,,
HUAWEI,03037391,OptiX OSN 3500 -SSN1SEP101 -8xSTM-1 Signal Process Board,€602.4,$0.00,,,
HUAWEI,03037408,SS-PQ1(120) 63xE1 Service Processing Board,€0.0,$0.00,,,
HUAWEI,03037422,WBA,,,,,
HUAWEI,03037445,FIU,,,,,
HUAWEI,03037463,BTS3012  - GM51DEMU0  - ENVIRONMENT MONITORING UNIT BOARD,€142.4,$0.00,,,
HUAWEI,03037479,SCC,,,,,
HUAWEI,03037489,SAP,,,,,
HUAWEI,03037490,CXL16 - SSQ1CXL1602-S16.1,,,,,
HUAWEI,03037493,CXL16,,,,,
HUAWEI,03037555,PD1 / OPTIX OSN,,,,,
HUAWEI,03037556,AUX,,,,,
HUAWEI,03037557,OPTIX OSN 1500  - SSR1EOW01  - ENGINEERING ORDER WIRE BOARD,€109.5,$0.00,,,
HUAWEI,03037565,SLE,,,,,
HUAWEI,03037673,SCC SSC6SCC01,,,,,
HUAWEI,03037691,EFT8 - SSN1EFT801,,,,,
HUAWEI,03037692,OptiX OSN 3500  - SSN1SL6401  - STM-64 Optical Interface Board ,€547.6,$0.00,,,
HUAWEI,03037843,JSCC,,,,,
HUAWEI,03037854,SSN2SLO101 - OPTICAL INTERFACE BOARD,€87.6,$0.00,,,
HUAWEI,03037886,PMU SSC6PMU01,,,,,
HUAWEI,03037975,CXL16,,,,,
HUAWEI,03037976,CXL16,,,,,
HUAWEI,03038317,SS46SCBB01-16E12S11,,,,,
HUAWEI,03038318,SS46SCBD01-16E12S41,,,,,
HUAWEI,03038327,SS46SCBG01,,,,,
HUAWEI,03038332,SL1 - SSR1SL101,,,,,
HUAWEI,03038334,SSR1SLQ101  6-Port 100GE QSFP28 Interface BOARD (X6E - QSFP28,€219.0,$0.00,,,
HUAWEI,03038341,ULTRA-CONNECT & SYNCHRONOUS,,,,,
HUAWEI,03038461,CR53-LPUF-10 Flexible Card Line Processing Unit(LPUF-10 -four slots) NE40E-X16,€547.6,$0.00,,,
HUAWEI,03038466,NetEngine40 ECR5M0L2XXA20 2-Port 10GBase LAN/WAN-XFP Flexible Card A(P40-A.Supporting 1588v2),,,,,
HUAWEI,03038467,OAU,,,,,
HUAWEI,03038470,OPU,,,,,
HUAWEI,03038471,OBU,,,,,
HUAWEI,03038473,OAU,,,,,
HUAWEI,03038474,OBU,,,,,
HUAWEI,03038475,ETHRNT INTFC BD,,,,,
HUAWEI,03038480,SSR2AUX -System Auxiliary Interface Board - OptiX OSN 1500,€54.8,$0.00,,,
HUAWEI,03038490,FIU (SSC6FIU01),,,,,
HUAWEI,03038927,EGS2,,,,,
HUAWEI,03038930,GSPC,,,,,
HUAWEI,03038942,OAU,,,,,
HUAWEI,03038943,OAU,,,,,
HUAWEI,03039006,SSR1EFT401 OSN 1500 Electrical Interface Board,€547.6,$0.00,,,
HUAWEI,03039014,EGS2,,,,,
HUAWEI,03039021,GSCC,,,,,
HUAWEI,03039079,OptiX OSN 1500  - SSR1PL1B01  - 16xE1 Service Processing Board (120ohm),€328.6,$0.00,,,
HUAWEI,03039181,SC1,,,,,
HUAWEI,03039190,TC2,,,,,
HUAWEI,03039200,EGT2,,,,,
HUAWEI,03039204,TN81EG1601 - 16-PORT PROCESSING ETHERNET CARD|OPTIX PTN 3900,€711.9,$0.00,,,
HUAWEI,03039211,GSCC,,,,,
HUAWEI,03039263,SSN2SL6411-I-64.2,,,,,
HUAWEI,03039289,TN7D000PIU00 Power Interface Board PTN 1900,€86.3,$840.00,,,
HUAWEI,03039534,SS63S16A02-S-16.1 (S16),,,,,
HUAWEI,03039927,PL3A - SSN1PL3A01,,,,,
HUAWEI,03039978,SSE3OPUC03C C-BAND Optical Pre-Amplifier 23DB GAIN  - 15DBM OUT,€547.6,$0.00,,,
HUAWEI,03039985,OAU,,,,,
HUAWEI,0303EAD1,EFS4 - SSN2EFS401,,,,,
HUAWEI,0303ESLW,PQ1 - SSN2PQ1B01,,,,,
HUAWEI,03050509,ULAN,,,,,
HUAWEI,03050579,UBIU,,,,,
HUAWEI,03050614,1x Optical Interface Module (SL1) ,,,,,
HUAWEI,03050615,SL1,,,,,
HUAWEI,03050622,CLX1,,,,,
HUAWEI,03050626,SLQ1,,,,,
HUAWEI,03050627,SLQ1 ,,,,,
HUAWEI,03050634,SL4,,,,,
HUAWEI,03050635,SL4,,,,,
HUAWEI,03050642,CXL4,,,,,
HUAWEI,03050646,SLD4,,,,,
HUAWEI,03050647,SLD4,,,,,
HUAWEI,03050648,SLD4,,,,,
HUAWEI,03050654,4x Optical Interface Module (SLQ4),,,,,
HUAWEI,03050656,SLQ4,,,,,
HUAWEI,03050657,SLQ4,,,,,
HUAWEI,03050658,SSN2SLQ410,€273.8,$0.00,,,
HUAWEI,03050688,CXL4,,,,,
HUAWEI,03050689,CXL4,,,,,
HUAWEI,03050691,CXL4,,,,,
HUAWEI,03050793,SLQ1 // OPTIX OSN 1500  - SSR1SLQ110  - 4XSTM-1 OPTICAL INTERFACE BOARD,,,,,
HUAWEI,03050799,SL4,,,,,
HUAWEI,03050802,SLD4,,,,,
HUAWEI,03050827,UPIU,,,,,
HUAWEI,03050840,EGS2 - SSN2EGS211,,,,,
HUAWEI,03050852,EGT2 - SSN1EGT211,,,,,
HUAWEI,03050871,8-port 10/100M BaseF Ethernet Interface Module ,,,,,
HUAWEI,03050954,CXL4,,,,,
HUAWEI,03050970,SLT1,,,,,
HUAWEI,03050980,CXL4,,,,,
HUAWEI,03050984,SSQ2CXL1 OPTIX OSN 2500 STM 1 SYSTEM CONTROL CROSS CONNECT OPTICAL INTERFACE,€109.5,$0.00,,,
HUAWEI,03050985,CXL1 - SSQ2CXL111,,,,,
HUAWEI,03050986,CXL1,,,,,
HUAWEI,03050AAL,UBBPG1,,,,,
HUAWEI,03050BYF,UBBPG1A,,,,,
HUAWEI,03050FBV,UMPTb6,,,,,
HUAWEI,03050FQJ,CR5DLPUFME73 Flexible Card Line Processing Unit E (LPUF-485-E) ) ,€2 -190.5,$0.00,,,
HUAWEI,03050GVR,SL95CSHUF01 TDM-HYBRID-PACKET LARGE CAPACITY SYSTEM CONTROL AND CROSS-CONNECT BOARD,,,,,
HUAWEI,03051075,UALU,,,,,
HUAWEI,03051116,PARC WP11GCUA GENERAL CLOCK BOARD Rev.A,€391.0,$0.00,,,
HUAWEI,03051117,SCUa,€0.0,$0.00,,,
HUAWEI,03051118,PARC WP11TNUA SWITCHING NETWORK BOARD REV:A ,€569.5,$0.00,,,
HUAWEI,03051119,WP11XPUa XPUa Extensible Processing Unit,€0.0,$0.00,,,
HUAWEI,03051121,PARC WP11EIUA 32-PORT E1-T1 CIRCUIT INTERFACE UNIT REV:A,€427.1,$0.00,,,
HUAWEI,03051122,PARC WP11OIUA 1 PORT CHANNELIZED OPTICAL INTERFACE UNIT REV A,€533.4,$0.00,,,
HUAWEI,03051249,SSN1EGS4  -  4-port Gigabit Ethernet Switching Processing Board,,,,,
HUAWEI,03051250,EGS4 Board SSN1EGS412,€109.5,$0.00,,,
HUAWEI,03051253,EMS4,,,,,
HUAWEI,03051334,OSN 1500B SSN2SLO1 (S-1.1 -LC) 8 XSTM - 1 BOARD,€164.3,$0.00,,,
HUAWEI,03051388,UG02FVPD1,,,,,
HUAWEI,03051485,AOUa,,,,,
HUAWEI,03051488,BSC 33 FG2a FG2A = PACKET OVER  8-PORT FE OR 2-PORT,€0.0,$0.00,,,
HUAWEI,03051492,PARC WP11UOIA 4-PORT ATM-PACK ET OVER UNCHANNELIZED OPTICAL STM-1-OC-3,€925.5,$0.00,,,
HUAWEI,03051493,PARC WP11GOUA 2-PORT PACKET OVER OPTICAL GE ETHERNET INTERFACE REV:A,€657.1,$0.00,,,
HUAWEI,03051551,PARC WP11OMUb Operation and Maintenance Unit REV:b,€219.0,$0.00,,,
HUAWEI,03051576,CX61-SFUD,,,,,
HUAWEI,03051730,WP11SPUa  SIGNALING PROCESSING UNIT REV:A,€569.5,$0.00,,,
HUAWEI,03051746,CN21USI1,€32.9,$0.00,,,
HUAWEI,03051747,USI2,€0.0,$0.00,,,
HUAWEI,03051752,SWU0,,,,,
HUAWEI,03051754,SWI0,,,,,
HUAWEI,03051813,PARC WP13DPUc DATA PROCESSING UNIT REV:c,€533.4,$0.00,,,
HUAWEI,03051814,PARC WP13DPUd DATA PROCESSING UNIT REV:d,€438.1,$0.00,,,
HUAWEI,03051816,PARC WP13DPUb DATA PROCESSING UNIT REV:b,€492.9,$0.00,,,
HUAWEI,03051821,Board GS3GE,€0.0,$0.00,,,
HUAWEI,03051838,GS31SMMD0  - CHASSIS MANAGEMENT MODULE ATAE,€109.5,$0.00,,,
HUAWEI,03051854,UAFU,,,,,
HUAWEI,03051856,NO REFERENCE,€575.0,$0.00,,,
HUAWEI,03051857,TI4CBP GE-FC Exchange Rear Board,€109.5,$0.00,,,
HUAWEI,03051888,2xSTM-4 Optical Interface Board / SLD4A,,,,,
HUAWEI,03051890,SLD4A,,,,,
HUAWEI,03051893,SLQ4A,,,,,
HUAWEI,03051898,SLQ1A,,,,,
HUAWEI,03051912,[MRP6600 MR01NIU0 Network Interface Unit],€109.5,$0.00,,,
HUAWEI,03051948,CX61SFUG0,,,,,
HUAWEI,03051951,GS3DIMGEFC00 EFFC Board T8280 T8290 OSTA2.0 ,€109.5,$0.00,,,
HUAWEI,03051986,URCUc,,,,,
HUAWEI,03051989,UGTPc,,,,,
HUAWEI,03051990,USIGc,,,,,
HUAWEI,03052004,MPU,,,,,
HUAWEI,03052085, FWC2SFUD0 SFU,,,,,
HUAWEI,03052087,QWM2UTRP3 W-ATM 03052087 QWMD0UTRP300 card for HUAWEI BBU3900 BBU3910,€109.5,$0.00,,,
CISCO,C3KX-NM-10GT,CTwo 10GB-T ports network module,,,,,
HUAWEI,03052117,ISU,,,,,
HUAWEI,03052121,ISU,,,,,
HUAWEI,03052144,SS49SCBI(16ES4.1),,,,,
HUAWEI,03052182,CN21SMU CGA -CN21SMU1 -System Management Unit,€191.7,$0.00,,,
HUAWEI,03052213,TN81CSTM101,,,,,
HUAWEI,03052275,WP23LPUF50CA00 03020KGT  DMPU  daughter multi-purpose process unit  DMPU  subcard,€109.5,$0.00,,,
HUAWEI,03052276,WP21LPUKD0 Flexible Card Line Processing Unit 128Gbps,€1 -281.4,$0.00,,,
HUAWEI,03052278,LPU,,,,,
HUAWEI,03052284,CN21UPBA0 -UNIVERSAL PROCESS BLADE -2CPU+6*4GDDR2+4G FLASH PART OF ADP MACHINE - OSTA2.0,€711.9,$0.00,,,
HUAWEI,03052289,CN21UPBA1_KW-UPBA1,,,,,
HUAWEI,03052290,OSTA2.0 -CN21UPBA2 -UNIVERSAL PROCESS BLADE -2CPU+6*4GDDR2+2*146G HDDPART OF ADP MACHINE - OSTA 2.0 ,€1 -204.8,$0.00,,,
HUAWEI,03052293,WP21ESPUd  - Enhanced Service Processing Board  - Double CPU  - 16GB ,€547.6,$0.00,,,
HUAWEI,03052320,EGT2 - SSN2EGT210,,,,,
HUAWEI,03052321,EGT2,,,,,
HUAWEI,03052343,EGS2,,,,,
HUAWEI,03052359,SSND00EMS212 OSN1500 EMS212 (needs verify),,,,,
HUAWEI,03052365,CN21SWIA1 -SWTICH BOARD INTERFACE -8 BASE GE+ 8FABRIC GE + L2/L3 CLOCK MODULE OSTA2.0,€492.9,$0.00,,,
HUAWEI,03052366,SWIA0,€0.0,$0.00,,,
HUAWEI,03052367,CN21SWUA1 - SWITCH UNIT - (8 BASE GE + 8 FABRIC GE + TDM MODULE)  - OSTA2.0,€925.5,$0.00,,,
HUAWEI,03052368,SWUA0,€0.0,$0.00,,,
HUAWEI,03052372,ETIA0,€0.0,$0.00,,,
HUAWEI,03052379,CXLLN ,,,,,
HUAWEI,03052380,STM-1/4/16 System Control,,,,,
HUAWEI,03052381,CXLLN,,,,,
HUAWEI,03052546,MPU,,,,,
HUAWEI,03052557,CX61-LPUF-21-B,,,,,
HUAWEI,03052588,USIA1,€0.0,$0.00,,,
HUAWEI,03052589,USIA7,€0.0,$0.00,,,
HUAWEI,03052602,CN21MSPB0 MULTIMEDIA SERVICE PROCESS UNIT B 8GB MEMORY,€438.1,$0.00,,,
HUAWEI,03052608,CN21UPBA3 CGA - -UNIVERSAL PROCESS BLADE -2CPU+6*4G DDR2+1*64G SSD,€2 -081.0,$0.00,,,
HUAWEI,03052636,CR52SFUG0 or WP21SFUG for GGSN9811 UGW9811,€569.5,$0.00,,,
HUAWEI,03052637,UASUC,,,,,
HUAWEI,03052652,WP21L1XXB0  - 1-PORT 10GBASE WAN-LAN XFP FLEXIBLE INTERFACE DAUGHTER CARD,€54.8,$0.00,,,
HUAWEI,03052653,WP21EBGFB0  - 12-PORT 100-1000BASE-X SFP FLEXIBLE CARD A ,€109.5,$0.00,,,
HUAWEI,03052670,CX-MPUB,,,,,
HUAWEI,03052680,UCKI,,,,,
HUAWEI,03052699,SS49OI402-S4.1,,,,,
HUAWEI,03052748,WP1D000POU01 IP Interface Unit (4 STM-1 - Channelized),€2 -135.7,$0.00,,,
HUAWEI,03052760,PARC WP11UOIC 8-PORT ATM/PACKET OVER UNCHANNELIZED OPTICAL STM-1/OC-3 INTERFACE UNIT REV:C|,€1 -067.9,$0.00,,,
HUAWEI,03052761,WP1D000FG201 IP Interface Unit (12 FE/4 GE - Electric),€711.9,$0.00,,,
HUAWEI,03052762,WP1D000GOU01|IP INTERFACE UNIT (4 GE - OPTICAL)|IP INTERFACE UNIT (4 GE - OPTICAL),€1 -281.4,$0.00,,,
HUAWEI,03052780,PARC WP11XPUb Extensible Processing Unit REVb BSC 6900,€783.1,$0.00,,,
HUAWEI,03052781,SPUb Signalling Processing Unit,€0.0,$0.00,,,
HUAWEI,03052790,XPUb Extensible Processing Unit,,,,,
HUAWEI,03052799,PARC WP11DPUE DATA PROCESSING UNIT REVe,€925.5,$0.00,,,
HUAWEI,03052831,UPBA5,,,,,
HUAWEI,03052885,03052885-8xSTM-1 & 8xSTM-4 Optical Interface Board,€0.0,$0.00,,,
HUAWEI,03052924,GS3USM AHCSA7,,,,,
HUAWEI,03052969,SLQ16,,,,,
HUAWEI,03052980,SL64,,,,,
HUAWEI,03052995,WD53UBRI Universal BaseBand Radio Interface Board,€273.8,$0.00,,,
HUAWEI,03053022,II0SAAA-AHCSA4,,,,,
HUAWEI,03053030,SE01ESRU0 SBC ENHANCED SWITCH AND ROUTE PROCESSING BOARD,€985.7,$0.00,,,
HUAWEI,03053055, LPUF-40-B,,,,,
HUAWEI,03053059,CX-SFUI-40-C,,,,,
HUAWEI,03053060,CX6DSFUI401B,,,,,
HUAWEI,03053067,WP11SCUb GE Switching and Control Unit REV:b,€925.5,$0.00,,,
HUAWEI,03053102,SL9D00SL1D02  2xSTM-1 Optical Interface Board for wireless IP microwave RTN 980 RTN950,€164.3,$0.00,,,
HUAWEI,03053149,SL9D00EM6F01 4 * FE (RJ45)/2 *GE(SFP) Fast/Gigabit Ethernet Board with switch function(1000BaseSX.LC),€219.0,$0.00,,,
HUAWEI,03053150,SL9D00EM6F02 4 * FE (RJ45)/2 *GE(SFP) Fast/Gigabit Ethernet Board with switch function(1000BaseLX.LC),€301.2,$0.00,,,
HUAWEI,03053164,4xSTM - 1 Optical Interface Board,,,,,
HUAWEI,03053165,4x Optical Interface Module (SLQ4A),,,,,
HUAWEI,03053169,GS34AEEEE noREF,€1 -150.0,$0.00,,,
HUAWEI,03053194,UACU,,,,,
HUAWEI,03053220,SSN4SL64 1xSTM-64 Optical Interface Board (check if 03020JVN is compatible),,,,,
HUAWEI,03053222,CGA  - CN21LFIA  - LOGIC FUNCTION INTERFACE A,€136.9,$0.00,,,
HUAWEI,03053278,CR52-LPUF-21-B,,,,,
HUAWEI,03053299,WP1D000DPU05 Transcoder Unit(1920 Channel for TDM /3840 Channel for TDM&IP/7680 Channel for IP&IP),€1 -423.8,$0.00,,,
HUAWEI,03053369,WP1D000DPU06 Data Processing Unit (1024 PDCH),€1 -067.9,$0.00,,,
HUAWEI,03053401,CN22UPBA6 UNIVERSAL PROCESS BLADE -1CPU+3*8GDDR3+2*300G HDDPART OF SERVER OSTA2.0,€1 -423.8,$0.00,,,
HUAWEI,03053402,KW3D0UPBA3,,,,,
HUAWEI,03053404,CN22UPBA0  - Universal Process Blade  - 1CPU+3*8G DDR3+4G FLASH OSTA2.0 ,€2 -135.7,$0.00,,,
HUAWEI,03053429,NO REFERENCE,€0.0,$0.00,,,
HUAWEI,03053430,GS39USM16,,,,,
HUAWEI,03053443,ML1,,,,,
HUAWEI,03053445,EAS2 - SSN3EAS201,,,,,
HUAWEI,03053461,WP1X000OMU02 - WP11POMUc  - OPERATION AND MAINTENANCE UNIT ,€1 -437.5,$0.00,,,
HUAWEI,03053481,LPUI-100,,,,,
HUAWEI,03053487,TNM1EM6F-4 * FE (RJ45)/2 *GE Fast/Gigabit Ethernet Board with Switch Function,€93.1,$0.00,,,
HUAWEI,03053520,CN2K2INTE AE3X,€1 -150.0,$0.00,,,
HUAWEI,03053530,AE34ABEF,,,,,
HUAWEI,03053538,PARC  - WP11NIUA  - NETWORK INTELLIGENCE UNIT BOARD,€82.1,$0.00,,,
HUAWEI,03053543,NETENGINE80E CORE ROUTER,,,,,
HUAWEI,03053547,SFUI-200-B,,,,,
HUAWEI,03053557,WP22MPUB4 - Main Processing Unit B4 - PGP,,,,,
HUAWEI,03053558,WP22ESPUE -ENHANCED SERVICE PROCESSING UNIT - PGP,€4 -983.3,$0.00,,,
HUAWEI,03053589,CR5DLPUFA070 100Gbps Flexible Card Line Processing Unit(LPUF-100 -4 sub-slots),€5 -476.2,$0.00,,,
HUAWEI,03053701,IN6BSS,,,,,
HUAWEI,03053774,WM1DOSSGPU00 OSS GENERAL PROCESSING UNIT.,€547.6,$0.00,,,
HUAWEI,03053785,WP1D000SAU03 ACCOUNT SERVICE CARD WITH LINUX SERVER,€657.1,$0.00,,,
HUAWEI,03053790,T14BSS,,,,,
HUAWEI,03053804,CN21SWUB1 - SWITCH UNIT - WITH XTMA Module OSTA2.0 ,€876.2,$0.00,,,
HUAWEI,03053805,CN21SWUB0 - SWTICH UNIT - WITHOUT XTMA Module - OSTA2.0,€876.2,$0.00,,,
HUAWEI,03053845,NO REFERENCE,€0.0,$0.00,,,
HUAWEI,03053858,CN21ESUA0 -ENHANCED SERVICE BOARD -CPU*1+DIMM*48GB+SSD*1 - OSTA2.0,€1 -916.7,$0.00,,,
HUAWEI,03053868,CN21QXIA0 UNIVERSAL REAR BOARD-(4*10GE+4*GE),€328.6,$0.00,,,
HUAWEI,03053874,CN21SWIB0  - SWITCH BOARD INTERFACE  - WITHOUT L2-L3 CLOCK MODULE OSTA 2.0,€273.8,$0.00,,,
HUAWEI,03053875,CN21SWIB1 Switch Unit Interface ,€410.7,$0.00,,,
HUAWEI,03053888,Application Process Cell,,,,,
HUAWEI,03053896,MRP6600  - MR01MPF3  - MULTIMEDIA SERVICE PROCESS- 2*MRM BOARD,€1 -642.9,$0.00,,,
HUAWEI,03053920,TNRD0MPUB470 Main Processing Unit,€0.0,$0.00,,,
HUAWEI,03053960,CGA  - CN21SMUA  - Shelf Management Unit,€191.7,$0.00,,,
HUAWEI,03054012,NO REFERENCE,€0.0,$0.00,,,
HUAWEI,03054089,NO REFERENCE,€0.0,$0.00,,,
HUAWEI,03054109,NO REFERENCE,€0.0,$0.00,,,
HUAWEI,03054111,NO REFERENCE,€0.0,$0.00,,,
HUAWEI,03054153,WD22UMPTa6 ,,,,,
HUAWEI,03054154,UMPTA2,,,,,
HUAWEI,03054206,CR5D0MPUD170 Main Processing Unit D2(Including 2G Memory and 2G USB),€383.3,$0.00,,,
HUAWEI,03054207,CR5D0SRUA770. Switch and Route Processing Unit A7,€547.6,$0.00,,,
HUAWEI,03054230,CR5DSFUIA07D 100Gbps Switch Fabric Unit D(SFUI-100-D),€273.8,$0.00,,,
HUAWEI,03054280,ANDD00EM8T00 8 Channels GE/FE Electric Interface Board,€257.4,$0.00,,,
HUAWEI,03054282,ANDD00EM8F00 8 Channels GE/FE Optical Interface Board,€262.9,$0.00,,,
HUAWEI,03054283,ANDD000EX100 1 Channel 10 GE Optical Interface board,€284.8,$0.00,,,
HUAWEI,03054292,4 Channels GE/FE Optical Interface Board  ATN950B AND1EM4F0P1 ,€0.0,$3 -400.00,,,
HUAWEI,03054294,WP11EOMUA EVOLVED OPERATION AND MAINTENANCE UNIT REV:A,€3 -559.5,$0.00,,,
HUAWEI,03054295,WP11ESAUa Evolved Service Aware Board REV:a,€4 -271.4,$0.00,,,
HUAWEI,03054296,PARC WP11EGPUA EVOLVED GENERAL PROCESSING UnIT ReV: a ,€4 -983.3,$0.00,,,
HUAWEI,03054301,WP22SFU200B0 - Switch Fabric Unit,€766.7,$0.00,,,
HUAWEI,03054308,SRUA Switch and Route Processing Unit,€0.0,$0.00,,,
HUAWEI,03054309,SFUI ? ,€0.0,$0.00,,,
HUAWEI,03054310,NO REFERENCE,€0.0,$0.00,,,
HUAWEI,03054330,WP1D000TNU01 TDM Switching Network Unit,€657.1,$0.00,,,
HUAWEI,03054332,NO REFERENCE,€0.0,$0.00,,,
HUAWEI,03054333,PARC WP11GCUB GENERAL CLOCK BOARD REV:B ,€356.0,$0.00,,,
HUAWEI,03054339,TNDD2GEOPT01 2 Channels GE Optical Interface Board,€109.5,$0.00,,,
HUAWEI,03054355,WP2PGPSPUF01 ENHANCED SERVICE PROCESSING UNIT F GGSN9811 UGW9811,€821.4,$0.00,,,
HUAWEI,03054387,ANDD16E11202 16 Channels E1 Interface Board(120ohm),€273.8,$0.00,,,
HUAWEI,03054389,ANDD32E11202 32 Channels E1 Interface Board(120ohm),€328.6,$0.00,,,
HUAWEI,03054393,CR5DLPUF5170 FLEXIBLE PLUG-IN LINE PROCESSING CARD (LPUF-51 - 2 SUB-SLOTS) FOR HW NE40E ROUTER,,,,,
HUAWEI,03054395,5-Port 10GBase LAN/WAN-SFP+ Integrated Line Processing Unit (LPUI-51).,,,,,
HUAWEI,03054397,CR5D0L4XFA70 4-Port 10GBase LAN/WAN-SFP+ Integrated Line Processing Unit (LPUI-51),€1 -204.8,$0.00,,,
HUAWEI,03054400,CR5D0EMGFA70 48-Port 100/1000Base-X-SFP Integrated Line Processing Unit (LPUI-51),€1 -314.3,$0.00,,,
HUAWEI,03054447,CR5DLPUF5070 Flexible Card Line Processing Unit(LPUF-50.four slots),€821.4,$500.00,,,
HUAWEI,03054520,CR5D0L5XFA7L 5-Port 10GBase LAN/WAN-SFP+ Integrated Line Processing Unit L(LPUI-51-L),€1 -095.2,$0.00,,,
HUAWEI,03054581,AE31SMME0 Chassis Management Module 2,€0.0,$0.00,,,
HUAWEI,03054583,EGT2 - SSN2EGT216,,,,,
HUAWEI,03054600,AE35X2 GE -10GE FC Switching Unit 2,€2 -738.1,$0.00,,,
HUAWEI,03054601,AE35X3 GE -10GE FC Exchange Rear Board 2,€821.4,$0.00,,,
HUAWEI,03054676,AE34AKI Interface Cell 1,€328.6,$0.00,,,
HUAWEI,03054681,CR5D0LBXFA70 12-Port 10GBase LAN/WAN-SFP+ Integrated Line Processing Unit(LPUI-120) - NE40E-X8A,€5 -476.2,$192 -400.00,,,
HUAWEI,03054683,LPUI-120,,,,,
HUAWEI,03054822,TNRD0MPUD270 Main Processing Unit D2,€547.6,$0.00,,,
HUAWEI,03054839,AE11EX650 ATAE EX650 GE/10GE/FC SWITCING BOARD,€383.3,$0.00,,,
HUAWEI,03054842,AE11EI610|ATAE -EI610 -GE*32 INTERFACE BOARD,€273.8,$0.00,,,
HUAWEI,03054843,AE11SM310  SM310 E9000 IT11SMMA Control Board,€136.9,$0.00,,,
HUAWEI,03054885,WD2DUMPTB101 Universal Main Processing & Transmission unit with 4E1 and 2FE/GE interface UMPTb1,€301.2,$0.00,,,
HUAWEI,03054886,WD2D0UMPTB02 Universal Main Processing & Transmission unit with 4E1 and 2FE/GE interface UMPTb2.,€143.8,$0.00,,,
HUAWEI,03055017, ANDD000PQ100  4 Channels  OC-3/STM-1 POS Optical Interface Board,€287.5,$14 -000.00,,,
HUAWEI,03055045,UMPTb3 Universal Main Processing & Transmission Unit b3,,,,,
HUAWEI,03055052,2-Port 10GBase LAN/WAN-SFP+ + 24-Port 100/1000Base-X-SFP Integrated Line Processing Unit E(LPUI-51-E).,,,,,
HUAWEI,03055053,CR5D0EMGFA7J 48-Port 100/1000Base-X-SFP Integrated Line Processing Unit E(LPUI-51-E),€1 -861.9,$0.00,,,
HUAWEI,03055189,CR5DLPUF517E Flexible Card Line Processing Unit(LPUF-51 -2 sub-slots) E NE40E-X8,€1 -642.9,$0.00,,,
HUAWEI,03055263,SERVICE PROCESSING UNIT,,,,,
HUAWEI,03055288,XPUc,,,,,
HUAWEI,03055289,WP11SPUC Signal Processing Unit ,€1 -204.8,$0.00,,,
HUAWEI,03055293,IP Interface Unit (4 GE - Optical) WP1D000GOU03,€0.0,$175 -781.00,,,
HUAWEI,03055308,WM19OSMUa16 OSS Self Maintenance Unit ,€711.9,$0.00,,,
HUAWEI,03055314,WP23EFGFB0 24-Port 100/1000Base-X-SFP Flexible Card(P51) Applicable to the LPUF-51 board,€1 -533.3,$0.00,,,
HUAWEI,03055315,WP23EFGFB0  - 24-PORT 100-1000BASE-X-SFP FLEXIBLE CARD,€142.4,$0.00,,,
HUAWEI,03055316,WP23L2XFC0 | 2-PORT 10GBASE LAN-WAN-SFP+ FLEXIBLE CARD (P51),€213.6,$0.00,,,
HUAWEI,03055690,PB01 EX910  - 16*10GE+4*GE RJ45 BOARD,€1 -150.0,$0.00,,,
HUAWEI,03055691,MANAGEMENT CARD FOR SUBRACK,€1 -955.0,$0.00,,,
HUAWEI,03055702,Universal Main Processing & Transmission Unit With 2FEGE Interface UMPTB9,€241.5,$0.00,,,
HUAWEI,03055720,LPUF-240-E,,,,,
HUAWEI,03055852,PB01SM310  - SHELF MANAGEMENT BOARD-SM310,€230.0,$0.00,,,
HUAWEI,03055858,WP11DEUA DATA ENHANCEMENT PROCESSING UNIT BOARD,€854.3,$0.00,,,
HUAWEI,03056024,D2EX1,,,,,
HUAWEI,03056111,ANDD000EX2S0 2 Channels 10GE Optical Interface Board(SFP+),€80.5,$10 -000.00,,,
HUAWEI,03056112,"ANDD00EM8M00 4 Channels GE/FE Optical Interface and 4 Channels GE/FE Electric Interface Board
 ATN 950B",€164.3,$0.00,,,
HUAWEI,03056113,"ANDD000EX1S0 1 Channel 10GE Optical Interface Board(SFP+)
",€219.0,$0.00,,,
HUAWEI,03056114,ANDD00EM8F01 8 Channels GE/FE Optical Interface Board,€109.5,$0.00,,,
HUAWEI,03056158,WP23LPUF102A03 Firewall UGW9811 1 Port 100GBASE-CFP &12 Port 10GBASE LAN/WAN-SFP+ Integrated Line Processing Board,€219.0,$0.00,,,
HUAWEI,03056240,PARC WP11SCUC GE SWITCHING AND CONTROL BOARD,,,,,
HUAWEI,03056367,SL91EX1 1 CHANNEL 10GE SERVICE PROCESSING BOARD,,,,,
HUAWEI,03056502,SLB1CSHNA RTN 980 2*STM-1/4(SFP)+2*GE(SFP/RJ45)+2*GE(RJ45) -Nodal System Control and Switching Board,€547.6,$0.00,,,
HUAWEI,03056563,EGPUb,,,,,
HUAWEI,03056579,D2EX1S,,,,,
HUAWEI,03056763,CN21QXIB0  -Universal Rear Board B(4*10GE+4*GE) for OSTA2.0 T8280,€328.6,$0.00,,,
HUAWEI,03056764, CN2E01FMB  - ATCA 8290 FRAME Fan Unit  - ATCA 8290 ,€273.7,$0.00,,,
HUAWEI,03056849,OptiX OSN 810-050N1T12DSA,,,,,
HUAWEI,03056916,CN26UPBA0  - UNIVERSAL PROCESS BLADE  - XEON E5-2618L V4 SERVER (1CPU+2*16G DDR4+4G FLASH -  MSOFTX3000,€2 -464.3,$0.00,,,
HUAWEI,03057111,CN25UPBA6  - UNIVERSAL PROCESS BLADE  - 1CPU+3*8G DDR3+2*300G HDD OSTA2.0,€1 -916.7,$0.00,,,
HUAWEI,03057152,UBBPe1 Universal Baseband Processing Unit,,,,,
HUAWEI,03057153,UBBPe2 Universal baseband processing unit,,,,,
HUAWEI,03057154,UBBPe3 Universal baseband processing unit,,,,,
HUAWEI,03057155,UBBPe4 Universal Baseband Processing Unit e4 WD2DUBBPE400,,,,,
HUAWEI,03057156,UBBPE5,,,,,
HUAWEI,03057157,UBBPe6,,,,,
HUAWEI,03057158,UBBPE8,,,,,
HUAWEI,03057159,UBBPE9,,,,,
HUAWEI,03057248,CR5D0MPUD471 Main Processing Unit D4(16G Memory).,,,,,
HUAWEI,03057251,UMPTe1,,,,,
HUAWEI,03057252,WD2DUMPTE201Universal Main Processing & Transmission Unit (2 Electrical FE/GE&2 Optical FE/GE/XGE -UMPTe2).,€438.1,$0.00,,,
HUAWEI,03057253,UMPTe3,,,,,
HUAWEI,03057256,UMPTe5,,,,,
HUAWEI,03057312,WP11FG2e 12-port FE or 4-port electronic GE interface unit REV:e,,,,,
HUAWEI,03057352,K1EM8F,,,,,
HUAWEI,03057389,BBU3900 - WD22UMPTB3 - UNIVERSAL MAIN PROCESSING & TRANSMISSION UNIT WITH 4E1 AND 2FE / GE INTERFACE) INSTALLATION PROCESSOR,€328.6,$0.00,,,
HUAWEI,03057467,K1EM20F,,,,,
HUAWEI,03057484,CR5D00E2ND70 2-Port 100GBase-QSFP28 Integrated Line Processing Unit (LPUI-240),,,,,
HUAWEI,03057627,EOMUb,,,,,
HUAWEI,03057628, Evolved Service Aware Module Board,,,,,
HUAWEI,03057756,03057756-CN26UPBA0 UPBA0b CARD,€0.0,$0.00,,,
HUAWEI,03057758,03057758-CN26UPBA6 UPBA6b,€0.0,$0.00,,,
HUAWEI,03057881,UBBPe10,,,,,
HUAWEI,03057882,UBBPE11,,,,,
HUAWEI,03058118,ANDD03CXPA00 System Control -Cross-connect and Multi-protocol Process Unit,€0.0,$0.00,,,
HUAWEI,03058335,EX920 SERVICE Board ,€2 -300.0,$0.00,,,
HUAWEI,03058542,HERT BBU WD22UMPTg2 Universal Main Processing Transmission Unit (2 Electrical FE-GE2 Optical GE-XGE-YGE UMPTg2),,,,,
HUAWEI,03058543,UMPTg3,,,,,
HUAWEI,03058545,UMPTg5,,,,,
HUAWEI,03058626,HERT BBU WD22UBBPg2 Universal Baseband Processing Unit,,,,,
HUAWEI,03058627,UBBPG3,,,,,
HUAWEI,03058657,ANKD01EXAS01 10 Channel 10GE Optical Interface Board (SFP+),,,,,
HUAWEI,03058661,ANKD001EY101 BOARD,€1 -642.9,$0.00,,,
HUAWEI,03058707,UBBPg2A,,,,,
HUAWEI,03059250,SLF3CSHOF01 16*E1(TDM)+4*GE(RJ45)+2*10GE(SFP+)+2*GE/STM-1(SFP) Hybrid System Control and Cross-connect Board.,€821.4,$0.00,,,
HUAWEI,03059258,"ANND0EM10F00 10 Channels GE/FE Optical Interface Board -High anti-corrosion
",,,,,
HUAWEI,03059443,UBBPg1,,,,,
HUAWEI,03059559,SL93CSHUF01 CARD CSHUF,€0.0,$0.00,,,
HUAWEI,03059560,SL93EM6X01 2*GE(RJ45)+3*10GE(SFP+)+1*GE(SFP+) Ethernet process board,€931.0,$0.00,,,
HUAWEI,03059607,UMPTga2,,,,,
HUAWEI,03059821,UBBPG6B,,,,,
HUAWEI,0305G053,12-PORT 100/1000 BASE -X SFP FLEXIBLE INTERFACE DAUGTHER CARD,,,,,
HUAWEI,0305G054,HUAWEI 12-Ports 10/100/1000Base-TX RJ45 Flexible Interface Daughter Card,,,,,
HUAWEI,0305G062,CR5DVSUI201A Integrated Versatile Service Unit(VSUI-20-A),€2 -190.5,$101 -760.00,,,
HUAWEI,03070228,LWF (SSL2LWF07M02),,,,,
HUAWEI,03070349,LWC (SSC6LWC1B01M02),,,,,
HUAWEI,03070593,MR2,,,,,
HUAWEI,03070721,1471AS - 2 PORT GE OTU BOARD (ST) - CWDM ,,,,,
HUAWEI,03070764,ARBITRARY RATE (16M-2.5Gbp) OTU BOARD (ST),,,,,
HUAWEI,03070770,CMR2,,,,,
HUAWEI,03071141,MR2,,,,,
HUAWEI,03071172,1 CH Add/Drop Multiplexer(CWDM),,,,,
HUAWEI,3071174,03071174,,,,,
HUAWEI,03071174,TNF1MR202 Double channel optical add/drop multiplexing board HUAWEI MR2 OSN 1800 ,€1 -369.0,$0.00,,,
HUAWEI,03071176,2-CHANEL ADD/DROP (CWDM),,,,,
HUAWEI,030DJB,SDMC,,,,,
HUAWEI,030FSW,NO REFERENCE,€0.0,$0.00,,,
HUAWEI,030GSP,03030GSP,€0.0,$0.00,,,
HUAWEI,030GXT,WRONG PN,€0.0,$0.00,,,
HUAWEI,030KKQ,03030KKQ,€0.0,$0.00,,,
HUAWEI,030KKR,03030KKR,€0.0,$0.00,,,
HUAWEI,030LBV,PFIA0,,,,,
HUAWEI,030LPM,GTMUb,,,,,
HUAWEI,030MNV,EG2,,,,,
HUAWEI,030MTM,D2ML1A,,,,,
HUAWEI,030QAE,03030QAE,€0.0,$0.00,,,
HUAWEI,030QBL,03030QBL,€0.0,$0.00,,,
HUAWEI,030QDP,03030QDP,€0.0,$0.00,,,
HUAWEI,031EDJ,0,,,,,
HUAWEI,031MXR,GTMUc,,,,,
HUAWEI,03210305,EGT 2 -SSN2ETG210,,,,,
HUAWEI,03219801,16 ETHERNET 10/100 PORTS - 8 ETHERNET 10/100,,,,,
HUAWEI,032CYM,0,,,,,
HUAWEI,034060053,OC3/FE/IR-1/1310/S-1.1,,,,,
HUAWEI,034060219,1.25G-1310nm-10km-SM-ESFP,,,,,
HUAWEI,034060276,eSFP-FE-LX-SM1310 Optical Transceiver -eSFP -1310nm -STM1 --15~-8dBm --28dBm -LC -SM -15km.,€16.4,$0.00,,,
HUAWEI,034060277,eSFP-1310nm-S-4.1/ESCON SM/DVB ASI SM Optical Transceiver -eSFP -1310nm -STM4 --15~-8dBm --30dBm -LC -SM -15km,€18.6,$0.00,,,
HUAWEI,034060279,2.488G-1550nm-80km-SM-ESFP,,,,,
HUAWEI,034060280,622m-1310nm-40km-SM-ESFP,,,,,
HUAWEI,034060281,155M 1310nm 40Km SM ESFP,,,,,
HUAWEI,034060284,eSFP -1550nm -SM -80km -Optical Transceiver,,,,,
HUAWEI,034060286,OPTICAL TRANSCEIVER -ESFP -850NM -2.125GB/S(MULTI RAT,€230.0,$0.00,,,
HUAWEI,034060288,2.488G-1310nm-2km-SM-eSFP,,,,,
HUAWEI,034060289,2.G - 1310nm - 40km,,,,,
HUAWEI,034060290,eSFP(S)-1310nm-1000Base-Lx Low Speed Transceiver -eSFP -1310nm -1.25Gb/s --9dBm --3dBm --19dBm -LC(-40~85) -10km,€26.3,$0.00,,,
HUAWEI,034060298,eSFP GE - 1310nm - 1 -25 Gb/s -5 -0-3dBm -,,,,,
HUAWEI,034060313,10G-10KM-LR/LW STM-64/OC192 XFP,,,,,
HUAWEI,034060321,eSFP-850nm-1000Base-Sx Transceiver -ESFP -850nm -1.25Gb/s --2.5dBm --10dBm --17dBm -LC(-40~85) -0.55km -multimode.,€11.0,$0.00,,,
HUAWEI,034060322,10G-1550nm-40km-SM-XFP,,,,,
HUAWEI,034060327,eSFP-1310nm-I-16 Optical Transceiver -eSFP -1310nm -2.67Gb/s --9.5~-3dBm --18.0dBm -LC -SM -2km.,€40.5,$0.00,,,
HUAWEI,034060333,1.25G-1550NM-40KM-SM-ESFP,,,,,
HUAWEI,034060337,GPON-OLT-CLASS B+ ,,,,,
HUAWEI,034060360,0,,,,,
HUAWEI,034060361,OPTIC TRANSC - 1550nm -9.95Gb/s to 11.1Gb/s -0~4dBm,,,,,
HUAWEI,034060364,155M-TX1550/RX1310NM-15KM-SM-BIDI-SFP,,,,,
HUAWEI,034060365,"eSFP(S)-850nm-FC400 MM Optical Transceiver -eSFP -850nm -4.25G multi-rate --9dBm~-1.5dBm --15dBm -LC -MM -0.3km.
",€15.3,$0.00,,,
HUAWEI,034060372,2.5G DWDM 1559.79nm - 120km,,,,,
HUAWEI,034060373,2.67G-D3-120km-SM-eSFP,,,,,
HUAWEI,034060374,OPTICAL TRANSCEIVER - eSFP -1558.17nm -125M~2.67Gbps -0~4.0dBm --,,,,,
HUAWEI,034060375,2.67G-D5-120km-SM-eSFP,,,,,
HUAWEI,034060377,2.67G-1555.75-120km-SM-ESFP,,,,,
HUAWEI,034060378,2.67G-D8-120km-SM-eSFP,,,,,
HUAWEI,034060379,2.67G-U9-120km-SM-ESFP,,,,,
HUAWEI,034060380,2.67G-D10-120km-SM-eSFP,,,,,
HUAWEI,034060382,2.67G-D12-120km-SM-eSFP,,,,,
HUAWEI,034060386,125M-2.67G-D16-120KM-SM-eSFP,,,,,
HUAWEI,034060388,2.67G-D18-120km-SM-eSFP,,,,,
HUAWEI,034060389,2.67G-D19-120km-SM-eSFP,,,,,
HUAWEI,034060397,2.67G-D27-120km-SM-eSFP,,,,,
HUAWEI,034060403,eSFP -1535.04nm -125M~2.67Gbps -0~4.0dBm --28.0dBm -LC -120km,,,,,
HUAWEI,034060404,1534.25nm ,,,,,
HUAWEI,034060419,eSFP OPT. TRANSC. CWDM 1531nm,,,,,
HUAWEI,034060420,eSFP OPT. TRANSC. CWDM 1551nm,,,,,
HUAWEI,034060421,eSFP OPT. TRANSC. CWDM 1571nm,,,,,
HUAWEI,034060422,eSFP OPT. TRANSC. 1591nm,,,,,
HUAWEI,034060470,1.25G-TX1310/RX1490nm-10km-SM-Bidi-SFP,,,,,
HUAWEI,034060473,eSFP-1310nm-1000Base-Lx SM Optical transceiver -eSFP -1310nm -1.25Gb/s --9~-3dBm --20dBm -LC -Single Mode -10km.,€25.2,$0.00,,,
HUAWEI,034060475,SFP-GE-LX-SM1490-BIDI BiDi Transceiver -eSFP -Tx1490nm/Rx1310nm -1.25Gb/s --9dBm --3dBm --19.5dBm -LC -SM -10km.,€54.8,$434.00,,,
HUAWEI,034060476,eSFP OPT. TRANSC. CWDM 1571nm,,,,,
HUAWEI,034060477,eSFP OPT. TRANSC. CWDM 1591nm,,,,,
HUAWEI,034060485,eSFP-SM1310-155M~2.5G-15km Optical Transceiver -eSFP -1310nm -155M~2.67G --5~0dBm --21dBm -LC -SM -15km.,€32.9,$0.00,,,
HUAWEI,034060487,eSFP-1310nm-1.25G-10km - Optical Transceiver -eSFP -1310nm -1.25Gb/s --9.5~-3dBm --20dBm -LC -SM -10km.,€21.9,$0.00,,,
HUAWEI,034060488,eSFP-1550nm-L-16.2 Optical Transceiver -eSFP -1550nm -STM16 --2~3dBm --30dBm -LC -SM -80km,€230.0,$0.00,,,
HUAWEI,034060494,OMXD30001 Optical transceiver -SFP+ -850nm -10Gb/s --7.3~-1dBm --9.9dBm -LC - MM -0.3km.,€54.8,$0.00,,,
HUAWEI,034060495,OSX001001 Optical transceiver -SFP+ -1310nm -10Gb/s --8.2~0.5dBm --12.6dBm -LC -SM -10km.,€230.0,$0.00,,,
HUAWEI,034060499,GPON OLT CLASS C+,,,,,
HUAWEI,034060521,8GB 850NM 0.15KM SW SFP+ OPTICAL TRANSCEIVER,€54.8,$0.00,,,
HUAWEI,034060525,PTC3830-554CW-LC/PC+,,,,,
HUAWEI,034060529,OPTICAL TRANS -1511nm -155.52Mbps -0.5~5.0dBm --41.0,,,,,
HUAWEI,034060556,OSN010N01 - Optical transceiver -CFP -4*25GB/S(1310NM BAND) -103.125GB/S --1.3DBM -4.5DBM --8.6DBM -ANGLED LC -SMF -OMA OPTICAL POWER -100GBASE-LR4,€230.0,$0.00,,,
HUAWEI,034060568,OPTICAL TRANSCEIVER TXFP-C BAND,,,,,
HUAWEI,034060599,10G-1310nm-10km-SM-SFP+,,,,,
HUAWEI,034060607,OMV010N02 Optical Transceiver -SFP+ -850nm -6.144G --9dBm --1dBm --11.1dBm -LC -MMF  -0.12km,€32.9,$0.00,,,
HUAWEI,034060613,SFP+ 1310NM 8.5GB/S-11.1GB/S SM-10,,,,,
HUAWEI,034060634,OSN010001 Optical transceiver -CFP -1295/1300/1304/1309nm -103.125Gbps --4.3dBm -4.5dBm --8.6dBm -LC -SMF -10km,€747.5,$21 -000.00,,,
HUAWEI,034060669,100G CFP TRANSCEIVER,,,,,
HUAWEI,034060674,OPTICAL TRANSC. - eSFP -1511nm -155.52Mbps --4~1dBm -,,,,,
HUAWEI,034060694,GPON-OLT-CLASS C+,,,,,
HUAWEI,034060709,OMND10N03 Optical Transceiver -CFP -850nm -10*10.3125Gb/s --7.6dBm --1dBm --5.4dBm -mpo -MM -0.1km,€38.3,$0.00,,,
HUAWEI,034060711,OPTICAL TRANS -SFP+ -1550nm -10Gb/s --1~2dBm --16dBm -LC,,,,,
HUAWEI,034060713,OSV010N03 Optical Transceiver -SFP+ -1310nm -9.8G --8.2dBm~+0.5dBm --10.3dBm -LC -SM -1.4km,€32.9,$0.00,,,
HUAWEI,034060727,OPTICAL TRANSCEIVER -CFP2 -4*25GB/S(1310NM BAND) -103.125GB/S --,,,,,
HUAWEI,034060742,10G BASE-LR SFP+ 1310nm 10km,,,,,
HUAWEI,034060787,OSC015N00 Optical Transceiver -eSFP -1310nm -STM1 --15~-8dBm --31dBm -LC -SM -15km,€11.0,$0.00,,,
HUAWEI,034060805,LTM4301-BC+1,,,,,
HUAWEI,034060841,GPON-OLT-CLASS C++,,,,,
HUAWEI,034060894,1.25G-TX1490/RX1310nm-40km,,,,,
HUAWEI,034060964,OPTICAL TRANSC -SFP+ -1550nm -10Gb/s CDR -0dBm -4dBm --,,,,,
HUAWEI,034061003,PT7820-31-4W-C49-HW+,,,,,
HUAWEI,034061004,OSC080N04,,,,,
HUAWEI,034061005,OTDR 150km OSC TRANSCEIVER (OSC150N02),,,,,
HUAWEI,034061006,OTDR 80km OSC TRANSCEIVER (OSC080N05),,,,,
HUAWEI,034061362,155M-CWDM-1511nm-150km-SM-ESFP 150km OSC Transceiver(OTDR 2.0),€230.0,$0.00,,,
HUAWEI,034070258,TN52OACE101 Pluggable Optical Amplifier - Extended C-band - Gain 20~31dB - Max 21.5dBm Out - Support WD,€1 -916.7,$49 -762.00,,,
HUAWEI,034070261,TN52OACE106 - Pluggable Optical Amplifier - Extended C-band - Gain 13~23dB - Max 21.5dBm Out - Support WD,€1 -092.5,$48 -810.00,,,
HUAWEI,034070276,TN520ACE108C Pluggable Optical Amplifier - Extended C-band - Gain 8~14dB - Max 21.5dBm Out - Support WD. (34070276-002),€1 -642.9,$0.00,,,
HUAWEI,034070302,TNG2OACU14S Pluggable Optical Amplifier - ultra C-band  - Gain 8~14dB - Max 22.5dBm Out,,,,,
HUAWEI,034070306,TNG2OACU32S Pluggable Optical Amplifier - ultra C-band  - Gain 23~32dB - Max 22.5dBm Out,,,,,
HUAWEI,03534710,SSE1M4002-CE M40 BOARD,€0.0,$0.00,,,
HUAWEI,03535010,SE1D4002 -40-CHANNEL DEMULTIPLEXING UNIT(C_EVEN -THERMAL AWG -LC) OptiX DWDM,€109.5,$0.00,,,
HUAWEI,03706410,SSN1GSCC01 - OSN3500 System control and communication Board,€547.6,$0.00,,,
HUAWEI,03707010,P40-20 XGE/FE-SFP-A,€230.0,$0.00,,,
HUAWEI,03713410,EFS4 - SSN1EFS401,,,,,
HUAWEI,03737410,SSN1SL16A02,€109.5,$0.00,,,
HUAWEI,0373761,NO REFERENCE,€0.0,$0.00,,,
HUAWEI,03740010,PQ1 -SSN1PQ1B01-12,,,,,
HUAWEI,03755510,PD1 ,,,,,
HUAWEI,03769210,SL64 BOARD  1xSTM-64 Optical Interface Board,€2 -190.5,$0.00,,,
HUAWEI,03785410,SLO1 BOARD 8xSTM-16 Optical Interface Board,€821.4,$0.00,,,
HUAWEI,03833210,SL1 BOARD,€273.8,$0.00,,,
HUAWEI,03833410,SLQ1 4xSTM-1 Optical Interface Board,€273.8,$0.00,,,
HUAWEI,0383346,03038334,€0.0,$0.00,,,
HUAWEI,03887910,SSE1SC207 SC2 Board,€109.5,$0.00,,,
HUAWEI,03892010,SLT1 Board,€109.5,$0.00,,,
HUAWEI,03997810,SSE30PUC03C Board OPU,€109.5,$0.00,,,
HUAWEI,04040496,Trunk Cable -30mt -120ohm -1E1 -0.4mm -MP8-II -,€5 -750.0,$0.00,,,
HUAWEI,04041056,CABLE VC,,,,,
HUAWEI,04044337,Trunk Cable -155M/Clock -30mt -75ohm -3.9mm -SMB75SF-IV,€5 -750.0,$0.00,,,
HUAWEI,04045658,SINGLE CABLE EXTERNAL CONNECT RF 2 MT ,€5 -750.0,$0.00,,,
HUAWEI,04047780,RF Cable -2m -DIN50SM-II -COAX50-8.7/3.55 -DIN50SM-II -,,,,,
HUAWEI,04050386,LMA CABLE FOR BBU3900 DATA CAT5 USB,€5 -750.0,$0.00,,,
HUAWEI,04050799,2GFBCCB-G2K-EN  / 3M,,,,,
HUAWEI,04070076,Cable,,,,,
HUAWEI,04070077,Cable,,,,,
HUAWEI,04070091,CABLE ALARM With Socket 26AWG 2P LVDS,€5 -750.0,$0.00,,,
HUAWEI,04070244,Signal Cable -P&E Cable -70m -RP12SF(S) ETHERNET,€5 -750.0,$0.00,,,
HUAWEI,04080276,CABLE FOR BBU 24AWG ALARM/MONITOR,€5 -750.0,$0.00,,,
HUAWEI,04090637,POWER CABLE BBU,,,,,
HUAWEI,04120080,CABLE TRUNK OSN500,,,,,
HUAWEI,04120119,Trunk Cable -20mt 120ohm -4E1 -0.4mm -D26M(3ROW) -120CC,€5 -750.0,$0.00,,,
HUAWEI,04130697,JUMPER CABLE 4 meters,€5 -750.0,$0.00,,,
HUAWEI,04150075,CABLE VA,,,,,
HUAWEI,04150265,POWER CABLE BBU,,,,,
HUAWEI,04150266,POWER CABLE BBU,,,,,
HUAWEI,04150302,POWER CABLE 0.7MT 2 -5*2L H07Z-K,€5 -750.0,$0.00,,,
HUAWEI,04150323,Power Cable 10M 2.5m LSZH,€5 -750.0,$0.00,,,
HUAWEI,04152214,BBU5900 POWER CABLE  0.7m,,,,,
HUAWEI,04152228,BBU5900 POWER CABLE  10m,,,,,
HUAWEI,6040181,06040181,,,,,
HUAWEI,06040181,"NKVMSTR02 KVM 4 in 1 Control Module -1U -17"" LED -8 KVM ports - 3V3 Power Connector -With Power Cable -Mounting Accessories -English doc --48VDC -Black -With 8 pieces straight USB KVM Cable -Compliant",€1 -150.0,$0.00,,,
HUAWEI,06040183,"WM1P0CIKVM02 KVM -KVM 4 in 1 Control Module -1U - 17"" LED - 8 KVM ports - With Power Cable -8 USB Straight signal cables/With mounting Accessories -English doc -110V/240V AC -Black -Compliant",€5 -750.0,$0.00,,,
HUAWEI,06120382,FAN UNIT - H80E1FCBC,,,,,
HUAWEI,07120546,FAN UNIT - H8E1FMCA,,,,,
HUAWEI,07351652,SmartAX MA5683T,,,,,
HUAWEI,086146A,FRMD -  Flexi RF Module 3TX 800 MHZ,,,,,
HUAWEI,131.8822/02.02,NO REFERENCE,€0.0,$0.00,,,
HUAWEI,14990208,HUAWEI RTN 910 IDS2NETCON00,,,,,
HUAWEI,154IEC-PBR100,Cable MICROWAVE RAU 10/11G,€5 -750.0,$0.00,,,
HUAWEI,180000338452,ZXCTN 608-GF,,,,,
HUAWEI,19020084,GPS Power lightning protection box/KH,,,,,
HUAWEI,1AB393080010,SFP 1000BASE-BX40-D STM-4 40km ,,,,,
HUAWEI,21030880,DCM FIXED BOX (TNFBDCMFBD01),,,,,
HUAWEI,210ASLB,"Unity 680 DPE 25x2.5 Customer Supplied
Rack
(High Li Power 200V-240V)",,,,,
HUAWEI,210ASLF,"Unity XT 2U 25x2.5 DAE Customer
Supplied Rack
(Pair SAS Cables Included)",,,,,
HUAWEI,210ASLN,"Unity 480 DPE 25x2.5 Customer Supplied
Rack
(High Li Power 200V-240V)",,,,,
HUAWEI,21120291,GROUNDING UNIT,,,,,
HUAWEI,21124718,RRU KIT  50CM*12CM*1CM Wall Mount Kit,€0.0,$0.00,,,
HUAWEI,21131239,BLANK PLATE - WASN9770,,,,,
HUAWEI,21132992,BLACK PANEL,,,,,
HUAWEI,21133068,BLACK PANEL,,,,,
HUAWEI,21133069,BLANK PANEL,,,,,
HUAWEI,21133232,BLANK PLATE,,,,,
HUAWEI,21133233,BLANK PLATE,,,,,
HUAWEI,21133594,BLACK PLATE,,,,,
HUAWEI,21135211,BLANK PLATE HUAWEI,,,,,
HUAWEI,21135448,BLANK PLATE,,,,,
HUAWEI,21136029,BLANK PLATE ,,,,,
HUAWEI,21136225,BLANK PLATE,,,,,
HUAWEI,21136228,BLANK PLATE,,,,,
HUAWEI,21150243,GPS ANTENNA SUPPORT,,,,,
HUAWEI,2115032,Q/DKBA4.070.0340MX,,,,,
HUAWEI,21150646,Mounting kit,,,,,
HUAWEI,21150654,ENGINEERING INSTALLATION KIT-DKBA4.070.1441MX-HERT,,,,,
HUAWEI,21150668,Twistflex Hanger 15G~42G,,,,,
HUAWEI,21150707,GPS Antenna Installation Support(Unified Support),,,,,
HUAWEI,21150752,EN63BSMT02 N63B Support Mount Kit (Adjustable Height 410mm~700mm),,,,,
HUAWEI,21150754,BTS Support Mount Kit,€0.0,$0.00,,,
HUAWEI,21150760,DKBA40702931 ,,,,,
HUAWEI,21150763,Integrated Pole Mount Kit,,,,,
HUAWEI,21150765,Mounting Kit RRU part,,,,,
HUAWEI,21150785,TWISTFLEX HANGER 6G~13G,,,,,
HUAWEI,21151211,18L Blade RRU Integrated Mount Kit,,,,,
HUAWEI,21152421,WD2K000EIK04 V3R6 Outdoor Base GSM-R,,,,,
HUAWEI,21211196,OCB,,,,,
HUAWEI,215000305,Air filter CX600-8,,,,,
HUAWEI,2300642,02300642,€0.0,$0.00,,,
HUAWEI,2317806, 02317806,€0.0,$0.00,,,
HUAWEI,2318169,OMXD30000,,,,,
HUAWEI,25030101,WIRE 450/750V 60227 IEC 02(RV))25mm^2 - BLUE -110A,,,,,
HUAWEI,25030432,WIRE 450/750V 60227 IEC 02(RV)25mm^2 -BLACK -110A,,,,,
HUAWEI,25030581,Power Cable - 600V/1000V - ROV-K - 2x4mm^2,€5 -750.0,$0.00,,,
HUAWEI,25030640,H07Z-K UL3386 16mm2,,,,,
HUAWEI,25050238,CAT5E CABLE 305 MTLYK  SYMMETRY TWIST OUTDOOR SFTP,€5 -750.0,$0.00,,,
HUAWEI,26S1008CNH,ODU,,,,,
HUAWEI,27010532,ANTENNA 24.25-26.5GHZ,,,,,
HUAWEI,27010596,CSFPS-38BH/KH,,,,,
HUAWEI,27010829,Directional Antenna -DXX-790-960/1710-2180-65/65-15i/17.5i-M/M -4*7/16 DIN Female -Downtilt kit packed separately,€0.0,$0.00,,,
HUAWEI,27011825,GPS蘑菇头,,,,,
HUAWEI,27020197,HAS0727N300L-03 Power Splitter ,€0.0,$0.00,,,
HUAWEI,27030150,DUAL BAND COMBINER 1710-2200DC 2490-2700DC,,,,,
HUAWEI,027030489,27030489,,,,,
HUAWEI,27030489,Outdoor Combiner -2100&1800 -Dual Band Single Unit -1710MHz~1880MHz -1920MHz~2170MHz -Q DIN/female -6/17 DIN/female,€54.8,$0.00,,,
HUAWEI,27100025,NO REFERENCE,€1 -150.0,$0.00,,,
HUAWEI,27150120,CABLE CLAMP,,,,,
HUAWEI,27150136,ARCU02004  Antenna Remote Control Unit mobile communications tower mast,€1 -035.0,$0.00,,,
HUAWEI,27150498,ANTENNA ACESSORY DOWNTILT KIT,,,,,
HUAWEI,2UCABLEMANAGEMENTARM,Assembly Kit,€5 -750.0,$0.00,,,
HUAWEI,2UCABLEMANAGEMENTARM,Assembly Kit,,,,,
HUAWEI,3020LLT,CXP,,,,,
HUAWEI,3038480,03038480,€0.0,$0.00,,,
HUAWEI,3054153,UMPTa6/KH,,,,,
HUAWEI,34070276-002,34070276,€0.0,$0.00,,,
HUAWEI,34070302,TNG2OACU14S Pluggable Optical Amplifier - ultra C-band  - Gain 8~14dB - Max 22.5dBm Out,,$52 -000.00,,,
HUAWEI,34070306,TNG2OACU32S Pluggable Optical Amplifier - ultra C-band  - Gain 23~32dB - Max 22.5dBm Out,,$70 -250.00,,,
HUAWEI,34100080,SFP-GE-1000BaseT-Electrical,,,,,
HUAWEI,34100144,OM9150X1A 1000BASE-T-RJ45-100m SFP module,€230.0,$0.00,,,
HUAWEI,343BBMN,UNITY XT HFA Field Install Kit,,,,,
HUAWEI,384611,NO REFERENCE,€0.0,$0.00,,,
HUAWEI,3CC12507AA,a7390,,,,,
HUAWEI,3CC12512AA,NOKIA7390 E-RIT,,,,,
HUAWEI,3FE27505DA,Grounding Cable.2.5mm2 (3m),€5 -750.0,$0.00,,,
HUAWEI,400BFUN,Unity F 1.92TB ALL FLASH 25x2.5 SSD,,,,,
HUAWEI,400BFVT,D4 12TB NSAS 15X3.5 DRIVE,,,,,
HUAWEI,400BFVV,D4 6TB NLSAS 15X3.5 DRIVE,,,,,
HUAWEI,400BFXN,D4 1.6TB SAS FLASH 25X2.5 SSD,,,,,
HUAWEI,400BFXN,D4 1.6TB SAS FLASH 25X2.5 SSD,,,,,
HUAWEI,400BFXO,Unity 1.8TB 10K SAS 25X2.5 DRIVE,,,,,
HUAWEI,400BFXP,Unity 400GB FAST CACHE 25X2.5 SSD,,,,,
HUAWEI,400BFXQ,D4 3.2TB SAS FLASH 25X2.5 SSD,,,,,
HUAWEI,400BGCO,"Unity SYSPACK 4X600GB 10K SAS
25X2.5",,,,,
HUAWEI,45030021,SS-OP-ATN-LC-5,,,,,
HUAWEI,45030022,OPTICAL FIXED ATTENUATOR (1310nm/1550nm - 10dB - LC/PC),,,,,
HUAWEI,45030023,FIXED OPTICAL ATTENUATOR - 1310/1550nm,,,,,
HUAWEI,45030029,FIXED OPTICAL ATTENUATOR - 1310/1550nm - 2dB -LC/PC ->45dB,,,,,
HUAWEI,45030032,OPTICAL TUNABLE ATTENUATOR -MANUEL (Dual) -1290~1610nm -0~30dB -,,,,,
HUAWEI,45030036,SS-OP-ATN-LC-7,,,,,
HUAWEI,45030040,FIXED OPTICAL ATTENUATOR - 1260nm~1620n,,,,,
HUAWEI,45060012,SSE-DCM(A)-C-652(20km),,,,,
HUAWEI,45060013,DCM(B)-C-G.652-(-040KM)-DCF,,,,,
HUAWEI,45060014,SSE-DCM(C)-C-652(60km),,,,,
HUAWEI,45060015,DCM(D)-C-G.652-(-080KM)-DCF,,,,,
HUAWEI,45060023,DISPERSION COMPENSATING FIBER MODULE,,,,,
HUAWEI,45060024,SSE-DCM(E)-C-652(100km),,,,,
HUAWEI,45060037,DCM(F)-C-G.652-(-120KM)-DCF,,,,,
HUAWEI,45060038,SSE-DCMT-C-652 10KM,,,,,
HUAWEI,45060154,DISPERSION COMPENSATION MODULE -1525~1568NM (COMPENSATE,,,,,
HUAWEI,45060157,DCM(D)-C-G.652-(080km)-DCF,,,,,
HUAWEI,45080023,SSE-DCM(F)-C-655-FBG(120km) Dispersion Compensation Grating -3.7dB -1528~1568nm(compensation G.655 fiber) --452ps/nm@1545(compensation 120km) - -LC/PC -235*234*28mm,€1 -642.9,$0.00,,,
HUAWEI,45080025,DCM(20)-C-G.655(LEAF)-(200KM)-FBG,,,,,
HUAWEI,45080026,DCM(24)-C-G.655(LEAF)-(240KM)-FBG,,,,,
HUAWEI,50010208,AR550-8FE-D-H,,,,,
HUAWEI,50081272,HUAWEI WIMAX Outdoor CPE HES 319M2W ODU 3.4-3.6GHz,,,,,
HUAWEI,51080011,CPE B222s,,,,,
HUAWEI,51080278,TDD-LTE CPE B2268S-RJ11,,,,,
HUAWEI,51080454,LTE outdoor CPE B2338-168,,,,,
HUAWEI,052090AHZ,52090AHZ,,,,,
HUAWEI,52090AHZ,Rectifier Control Unit SMU02B (write SMU02B on PN to sell),€219.0,$0.00,,,
HUAWEI,52411749,OPTIX RTN 60011G-HP 10700-10890MHz,,,,,
HUAWEI,52411750,OPTIX RTN 600 11G-HP 11200-11390MHz 490MHz HI,,,,,
HUAWEI,52411751,OPTIX RTN 600 11G-HP ODU,,,,,
HUAWEI,52411753,OPTIX RTN 60011G-HP 11010-11200 MHz,,,,,
HUAWEI,52411754,OPTIX RTN 600 11G-HP 11510-11700MHz,,,,,
HUAWEI,52411835,Microwave Outdoor Unit -Optix RTN600 -13G -HP -13S0266CNH -266MHz -Sub Band C -Low site -h -12863MHz-12926MHz -With English doc -WR-75 -S6C.,,,,,
HUAWEI,52411836,Microwave Outdoor Unit -Optix RTN600 -13G -HP -13S0266CPH -266MHz -Sub Band C -High site -h -13129MHz-13192MHz -With English doc -WR-75 -S6C.,,,,,
HUAWEI,52411847,OPTIX RTN 600 38G-HP 37044-37632MHz,,,,,
HUAWEI,52411848,OPTIX RTN 600 38G-HP 38304-38892MHz,,,,,
HUAWEI,52412498,RTN XMC 15G-2 SUB BAND A 14501-14725MHz,,,,,
HUAWEI,52412509,ODU(XMC-2-15G) Microwave Outdoor Unit -RTN XMC -15G --2 -728MHz -Sub Band A -High site -H  -15228MHz -15353MHz -without doc -WR-62 -H01. RTN 950,€219.0,$0.00,,,
HUAWEI,52412510,RTN XMC 7G-2 SUB BAND A 7428-7484MHz,,,,,
HUAWEI,52412511,RTN XMC 7G-2 SUB BAND A 7582-7638MHz,,,,,
HUAWEI,52412512,RTN XMC 7G-2 SUB BAND B 7470-7526MHz,,,,,
HUAWEI,52412513,RTN XMC 7G-2 SUB BAND A 7624-7680MHz,,,,,
HUAWEI,52412515,RTN XMC 7G-2 SUB BAND C 7666-7722MHz,,,,,
HUAWEI,52412560,ODU(XMC-2-7G) Microwave Outdoor Unit -RTN XMC -7G --2 -245MHz -Sub Band A -Low site -H -7400MHz -7484MHz -Without doc -WR-112 -H01.,€273.8,$0.00,,,
HUAWEI,52412561,ODU(XMC-2-7G) Microwave Outdoor Unit -RTN XMC -7G --2 -245MHz -Sub Band A -High site -H -7645MHz -7729MHz -Without doc -WR-112 -H01.,€273.8,$4 -896.14,,,
HUAWEI,52412562,ODU(XMC-2-7G) Microwave Outdoor Unit -RTN XMC -7G --2 -245MHz -Sub Band B -Low site -H -7484MHz -7568MHz -Without doc -WR-112 -H01.,€273.8,$0.00,,,
HUAWEI,52412563,ODU(XMC-2-7G) Microwave Outdoor Unit -RTN XMC -7G --2 -245MHz -Sub Band B -High site -H -7729MHz -7813MHz -Without doc -WR-112 -H01.,€273.8,$0.00,,,
HUAWEI,52412564,"ODU(XMC-2-7G) Microwave Outdoor Unit -RTN XMC -7G --2 -245MHz -Sub Band C -Low site -H -7568MHz -7652MHz -Without doc -WR-112 -H01.
",€273.8,$0.00,,,
HUAWEI,52412565,"ODU(XMC-2-7G)  Microwave Outdoor Unit -RTN XMC -7G --2 -245MHz -Sub Band C -High site -H -7813MHz -7897MHz -Without doc -WR-112 -H01.
",€273.8,$0.00,,,
HUAWEI,52412566,RTN XMC 8G-2 SUB BAND A 8279-8321MHz,,,,,
HUAWEI,52412597,RTN XMC 8G-2 SUB BAND A 8042-8178MHz,,,,,
HUAWEI,52412598,RTRN XMC 8G-2 SUB BAND B 7835-7971MHz,,,,,
HUAWEI,52413158,Microwave Outdoor Unit -RTN XMC -7G --2 -154MHz -Sub Band F -Low site -H  -7212MHz -7268MHz -Without doc -WR-112 -H01.,,,,,
HUAWEI,52413072,"ODU(XMC-2-26G)Microwave Outdoor Unit.RTN XMC.26G.-2.1008MHz.Sub Band A.Low site.H.24549MHz.24885MHz.Without doc.WR-42.H01.
",€273.8,$4 -896.14,,,
HUAWEI,52413075,ODU(XMC-2-38G) Microwave Outdoor Unit - RTN XMC -38G --2 -1260MHz -Sub Band A -Low site -H  -37044MHz -37632MHz -Without doc -WR-28 -H01.,€301.2,$0.00,,,
HUAWEI,52413076,ODU(XMC-2-18G),,,,,
HUAWEI,52413077,ODU(XMC-2-18G),,,,,
HUAWEI,52413078,ODU(XMC-2-18G),,,,,
HUAWEI,52413079,ODU(XMC-2-18G),,,,,
HUAWEI,52413088,ODU(XMC-2-38G),,,,,
HUAWEI,52413096,ODU(XMC-2-13G) Microwave Outdoor Unit -RTN XMC -13G --2 -266MHz -Sub Band B -Low site -H  -12863MHz -12982MHz -without doc -WR-75 -H01.,,,,,
HUAWEI,52413097,ODU(XMC-2-13G) Microwave Outdoor Unit -RTN XMC -13G --2 -266MHz -Sub Band B -High site -H  -13129MHz -13248MHz -without doc -WR-75 -H01.,,,,,
HUAWEI,52413117,ODU(XMC-2-26G) Microwave Outdoor Unit -RTN XMC -26G --2 -1008MHz -Sub Band A -High site -H -25557MHz -25893MHz -Without doc -WR-42 -H01.,€273.8,$0.00,,,
HUAWEI,52413118,ODU(XMC-2-26G),,,,,
HUAWEI,52413119,ODU(XMC-2-26G),,,,,
HUAWEI,52413120,ODU(XMC-2-26G),,,,,
HUAWEI,52413121,ODU(XMC-2-26G),,,,,
HUAWEI,52413134,RTN XMC 11G-2 SUB BAND B 10920-11200MHz,,,,,
HUAWEI,52413154,ODU(XMC-2-7G) Microwave Outdoor Unit -RTN XMC -7G --2 -154MHz -Sub Band D -Low site -H  -7128MHz -7184MHz -Without doc -WR-112 -H01.,,,,,
HUAWEI,52413159,ODU(XMC-2-7G) Microwave Outdoor Unit -RTN XMC -7G --2 -154MHz -Sub Band F -High site -H  -7366MHz -7422MHz -Without doc -WR-112 -H01.,,,,,
HUAWEI,52413271,ODU(XMC-2-23G)  Microwave Outdoor Unit -RTN XMC -23G --2 -1008MHz -Sub Band C -High site -H  -23268MHz -23618MHz -Without doc -WR-42 -H01.,€219.0,$0.00,,,
HUAWEI,52413276,Microwave Outdoor Unit -RTN XMC -6G --2 -X0620340AHA -340/350MHz -Sub Band A -High site -H -6765MHz-6880MHz -With English doc -WR137 -S4G.,,,,,
HUAWEI,52413277,Microwave Outdoor Unit -RTN XMC -6G --2 -X0620340ALA -340/350MHz -Sub Band A -Low site -H -6425MHz-6540MHz -With English doc -WR137 -S4G.,,,,,
HUAWEI,52413278,MICROWAVE OUTDOOR UNIT -RTN XMC -6G --2 -X0620340BLA -340/350MHZ -SUB BAND B -LOW SITE -H -6520MHZ-6630MHZ -WITH ENGLISH DOC -WR137 -S4G.,,,,,
HUAWEI,52413310,Microwave ODU -Optix Sub-6GHz-5.4G- PTP54500&Bandwidth License&Extended Warranty-5470MHz- 5725MHz-,€109.5,$0.00,,,
HUAWEI,52413318,ODU(XMC-2-10G) Microwave ODU -RTN XMC -10G --2 -91MHz -Sub Band C -Low site -H -10556MHz -10587MHz -Without doc -WR-90 -H01.,,$4896.00,,,
HUAWEI,52413318,ODU(XMC-2-10G) Microwave ODU -RTN XMC -10G --2 -91MHz -Sub Band C -Low site -H -10556MHz -10587MHz -Without doc -WR-90 -H01.,€219.0,$0.00,,,
HUAWEI,52413319,ODU(XMC-2-10G) Microwave ODU -RTN XMC -10G --2 -91MHz -Sub Band C -High site -H -10647MHz -10678MHz -Without doc -WR-90 -H01.,,$4896.00,,,
HUAWEI,52413319,ODU(XMC-2-10G) Microwave ODU -RTN XMC -10G --2 -91MHz -Sub Band C -High site -H -10647MHz -10678MHz -Without doc -WR-90 -H01.,€219.0,$0.00,,,
HUAWEI,52413457,ODU(XMC-2-13G),,,,,
HUAWEI,52413602,ODU(XMC-2H-7G Microwave Outdoor Unit -RTN XMC -7G --2H -154MHz -Sub Band D -Low site -H  -7128MHz -7184MHz -Without doc -WR-112 -H01,€301.2,$0.00,,,
HUAWEI,52413603,ODU(XMC-2H-7G) Microwave Outdoor Unit -RTN XMC -7G --2H -154MHz -Sub Band C -Low site -H -7512MHz -7568MHz -Without doc -WR-112 -H01,€301.2,$0.00,,,
HUAWEI,52413606,ODU(XMC-2H-7G) Microwave Outdoor Unit -RTN XMC -7G --2H -154MHz -Sub Band F -Low site -H  -7212MHz -7268MHz -Without doc -WR-112 -H01,,$4896.00,,,
HUAWEI,52413606,ODU(XMC-2H-7G) Microwave Outdoor Unit -RTN XMC -7G --2H -154MHz -Sub Band F -Low site -H  -7212MHz -7268MHz -Without doc -WR-112 -H01,€301.2,$0.00,,,
HUAWEI,52413607,ODU(XMC-2H-7G) Microwave Outdoor Unit -RTN XMC -7G --2H -154MHz -Sub Band F -High site -H  -7366MHz -7422MHz -Without doc -WR-112 -H01,€301.2,$0.00,,,
HUAWEI,52413777,ODU(XMC-3) Microwave ODU -RTN XMC -26G --3 -High site -H -25557MHz -25893MHz -24549MHz -24885MHz -Without doc -WR-42 -H01 -1008MHz -Sub Band A -25557MHz -25893MHz,€219.0,$0.00,,,
HUAWEI,52413778,ODU XMC 3 Microwave ODU -RTN XMC -26G --3 -Low site -H -24829MHz -25165MHz -25837MHz -26173MHz -Without doc -WR-42 -H01 -1008MHz -Sub Band B -24829MHz -25165MHz,,$4896.00,,,
HUAWEI,52413778,ODU XMC 3 Microwave ODU -RTN XMC -26G --3 -Low site -H -24829MHz -25165MHz -25837MHz -26173MHz -Without doc -WR-42 -H01 -1008MHz -Sub Band B -24829MHz -25165MHz,€219.0,$0.00,,,
HUAWEI,52413779,ODU XMC-3 Microwave ODU -RTN XMC -26G --3 -High site -H -25837MHz -26173MHz -24829MHz -25165MHz -Without doc -WR-42 -H01 -1008MHz -Sub Band B -25837MHz -26173MHz,,$4896.00,,,
HUAWEI,52413779,ODU XMC-3 Microwave ODU -RTN XMC -26G --3 -High site -H -25837MHz -26173MHz -24829MHz -25165MHz -Without doc -WR-42 -H01 -1008MHz -Sub Band B -25837MHz -26173MHz,€219.0,$0.00,,,
HUAWEI,52413844,ODU XMC-3 Microwave ODU -RTN XMC -38G --3 -Low site -H -37044MHz -37632MHz -38304MHz -38892MHz -Without doc -WR-28 -H01 -1260MHz -Sub Band A -37044MHz -37632MHz.,€219.0,$0.00,,,
HUAWEI,52413845,ODU XMC-3 Microwave ODU -RTN XMC -38G --3 -High site -H -38304MHz -38892MHz -37044MHz -37632MHz -Without doc -WR-28 -H01 -1260MHz -Sub Band A -38304MHz -38892MHz,,,,,
HUAWEI,52413845,ODU XMC-3 Microwave ODU -RTN XMC -38G --3 -High site -H -38304MHz -38892MHz -37044MHz -37632MHz -Without doc -WR-28 -H01 -1260MHz -Sub Band A -38304MHz -38892MHz,€0.0,$0.00,,,
HUAWEI,52413863,Microwave ODU -RTN XMC -13G --3 -High site -H -13017MHz -13157MHz -12751MHz -12891MHz -Without doc -WR-75 -H01 -266MHz -Sub Band A -13017MHz -13157MHz.,,$4428.00,,,
HUAWEI,52413883,ODU XMC-3Microwave ODU -RTN XMC -23G --3 -High site -H -23268MHz -23618MHz -22260MHz -22610MHz -Without doc -WR-42 -H01 -1008MHz -Sub Band B -23268MHz -23618MHz.,€219.0,$0.00,,,
HUAWEI,52414068,ODU(XMC-3-7G) Microwave ODU -RTN XMC -7G --3 -Low site -H -7212MHz -7268MHz -7366MHz -7429MHz -Without doc -WR-112 -H01 -154MHz/161MHz -Sub Band F/R -7212MHz/7212MHz -7268MHz/7268MHz,€219.0,$0.00,,,
HUAWEI,52414902,Microwave ODU -RTN XMC -26G --3E -Low site -H -24549MHz -24885MHz -25557MHz -25893MHz -1008MHz -Sub Band A -24549MHz -24885MHz,,,,,
HUAWEI,52414902,Microwave ODU -RTN XMC -26G --3E -Low site -H -24549MHz -24885MHz -25557MHz -25893MHz -1008MHz -Sub Band A -24549MHz -24885MHz,€0.0,$0.00,,,
HUAWEI,52414903,Microwave ODU -RTN XMC -26G --3E -High site -H -25557MHz -25893MHz -24549MHz -24885MHz -1008MHz -Sub Band A -25557MHz -25893MHz,€821.4,$0.00,,,
HUAWEI,52414904,Microwave ODU -RTN XMC -26G --3E -Low site -H -24829MHz -25165MHz -25837MHz -26173MHz -1008MHz -Sub Band B -24829MHz -25165MHz,,,,,
HUAWEI,52414904,Microwave ODU -RTN XMC -26G --3E -Low site -H -24829MHz -25165MHz -25837MHz -26173MHz -1008MHz -Sub Band B -24829MHz -25165MHz,€931.0,$0.00,,,
HUAWEI,52414905,Microwave ODU -RTN XMC -26G --3E -High site -H -25837MHz -26173MHz -24829MHz -25165MHz -1008MHz -Sub Band B -25837MHz -26173MHz,,,,,
HUAWEI,52414905,Microwave ODU -RTN XMC -26G --3E -High site -H -25837MHz -26173MHz -24829MHz -25165MHz -1008MHz -Sub Band B -25837MHz -26173MHz,€985.7,$0.00,,,
HUAWEI,52414905RTNXMC26G-3E,52414905,€0.0,$0.00,,,
HUAWEI,52430933,ANTENNA -A26S06HAC -26G,,,,,
HUAWEI,52431122,A26S03HAC Microwave Antenna -A26S03HAC -26G -300mm -HP -Single Polarization -Direct(XMC)/Separate(All RTN ODU) Mount -36.6dBi -2.5deg -63dB -30dB -,€142.4,$0.00,,,
HUAWEI,52431135,VHLP200-38-HW1 A38S02HAC 38GHz,,,,,
HUAWEI,52431738,A26S02HAC Microwave Antenna -A26S02HAC -26G -200mm -HP -Single Polarization -Direct(XMC)/Separate(All RTN ODU) Mount -32.4dBi -3.8deg -30dB -With Bracket,,,,,
HUAWEI,52431738,A26S02HAC Microwave Antenna -A26S02HAC -26G -200mm -HP -Single Polarization -Direct(XMC)/Separate(All RTN ODU) Mount -32.4dBi -3.8deg -30dB -With Bracket,€0.0,$0.00,,,
HUAWEI,52431759,A80S03HAC Microwave Antenna -A80S03HAC -80GHz -300mm -HP -Single Polarization -Compact Mount -43.8dBi -0.9deg -27dB,,,,,
HUAWEI,52431759,A80S03HAC Microwave Antenna -A80S03HAC -80GHz -300mm -HP -Single Polarization -Compact Mount -43.8dBi -0.9deg -27dB,€115.0,$644.00,,,
HUAWEI,52432021,Microwave Antenna -A07D06HAC -7/8G -600mm -HP -Dual Polarization -Direct(XMC)/Separate(All RTN ODU) RTN950  antenna and Controller,€438.1,$0.00,,,
HUAWEI,52432439,Microwave Antenna -A26S03MAC-3NX -26G -300mm -UHP-M -Single Polarization -Direct(XMC)/Separate(All RTN ODU) Mount -37.05dBi -2.4deg -30dB,,,,,
HUAWEI,52432444,A80S03MAC-3NX Microwave Antenna -A80S03MAC-3NX -80G -300mm -UHP-M -Single Polarization -Direct(XMC)/Separate(All RTN ODU) Mount -46dBi -0.8deg -30dB,,,,,
HUAWEI,52432444,A80S03MAC-3NX Microwave Antenna -A80S03MAC-3NX -80G -300mm -UHP-M -Single Polarization -Direct(XMC)/Separate(All RTN ODU) Mount -46dBi -0.8deg -30dB,€219.0,$0.00,,,
HUAWEI,52432465,A26S06MAC-3NX Microwave Antenna -A26S06MAC-3NX -26G -600mm -UHP-M -Single Polarization -Direct(XMC)/Separate(All RTN ODU) Mount -42dBi -1.3deg -30dB,,,,,
HUAWEI,52432465,A26S06MAC-3NX Microwave Antenna -A26S06MAC-3NX -26G -600mm -UHP-M -Single Polarization -Direct(XMC)/Separate(All RTN ODU) Mount -42dBi -1.3deg -30dB,€0.0,$0.00,,,
HUAWEI,52432470,A80S06MAC-3NX Microwave Antenna -A80S06MAC-3NX -80G -600mm -UHP-M -Single Polarization -Direct(XMC)/Separate(All RTN ODU) Mount -50.5dBi -0.5deg -30dB -,€547.6,$0.00,,,
HUAWEI,52432477,03020PSS Microwave Antenna -A26D06MAC-3NX -26G -600mm -UHP-M -Dual Polarization -Direct(XMC)/Separate(All RTN ODU) Mount -41.2dBi -1.3deg -30dB,,,,,
HUAWEI,52432477,03020PSS Microwave Antenna -A26D06MAC-3NX -26G -600mm -UHP-M -Dual Polarization -Direct(XMC)/Separate(All RTN ODU) Mount -41.2dBi -1.3deg -30dB,€438.1,$0.00,,,
HUAWEI,52440198,HYBRID COUPLER 10700-11700MHz 3dB,,,,,
HUAWEI,52440317,ODU ADAPTER 10.7-11.7GHz UBR100,,,,,
HUAWEI,52440560,HYBRID COUPLER 7.125-8.5GHz 6dB,,,,,
HUAWEI,52440562,HYBRID COUPLER 14.4-15.4GHz 6dB,,,,,
HUAWEI,52440564,HYBRID COUPLER  21.2-23.6GHz 6dB,,,,,
HUAWEI,52440573,HYBRID COUPLER 17.7-19.7GHz 6dB,,,,,
HUAWEI,52440609,Microwave Accessory -Flexible Waveguide -13G -0.9m -PBR120 -With English doc,,,,,
HUAWEI,52440646,HYBRID COUPLER 10.0-11.7 GHz 6dB,,,,,
HUAWEI,52442974,OMT26-A Microwave electric Accessory -OMT26-A -26G -153IEC-R220,€219.0,$0.00,,,
HUAWEI,52450609,F81210000AHA Full Outdoor MicroWave -RTN 380 -81G --3 -F81210000AHA -10000MHz -Sub Band A -High site -S -81000MHz -86000MHz -POE -4 -Without doc -WR-12 -H01,,,,,
HUAWEI,52450609,F81210000AHA Full Outdoor MicroWave -RTN 380 -81G --3 -F81210000AHA -10000MHz -Sub Band A -High site -S -81000MHz -86000MHz -POE -4 -Without doc -WR-12 -H01,€0.0,$0.00,,,
HUAWEI,52450832,Full Outdoor MicroWave -RTN 320 -23G --3 -F233LA -Low site -H -22260MHz -22610MHz -23268MHz -23618MHz -DC -7 -Without doc -WR-42 -H01 -1008MHz -Sub Band B -22260MHz -22610MHz,€164.3,$0.00,,,
HUAWEI,52450847,Full Outdoor MicroWave -RTN 320 -38G --3 -F383HA -High site -H -38304MHz -38892MHz -37044MHz -37632MHz -DC -7 -Without doc -WR-28 -H01 -1260MHz -Sub Band A -38304MHz -38892MHz.,,,,,
HUAWEI,52451243,52451243-rtn 510 MICROWAVE 5g,,,,,
HUAWEI,52451253,Microwave Eqt (?),,,,,
HUAWEI,565BBBIC,UNITY 2X4 PORT 10 16GB FC,,,,,
HUAWEI,72355495,SmartAX MA5608T,,,,,
HUAWEI,78861069,PMU,,,,,
HUAWEI,97051151,AIR FILTERCX600-16,,,,,
HUAWEI,99043KHC,Cable,,,,,
HUAWEI,A07D06HAC,52432021,€0.0,$0.00,,,
HUAWEI,A26D06MAC-3NX,52432477,€0.0,$0.00,,,
HUAWEI,A26S06MAC-3NX,52432465,€0.0,$0.00,,,
HUAWEI,A80S03HAC,52431759,€0.0,$0.00,,,
HUAWEI,A80S06MAC-3NX,52432470,€0.0,$0.00,,,
HUAWEI,ACOMD2H06,ACOMD2A00v06 Dual-band combiner - Band 1: 1710-1755&2110-2155 Band 2: 1850-1995 - Double Unit: 185 x 180 x 103  - All DC-Bypass - 300W - ,€109.5,$0.00,,,
HUAWEI,ADU451503,027010829,€0.0,$0.00,,,
HUAWEI,ANGMHSTG0101,ATN 910 C-G Series Access Router 12x10GE ports,€136.9,$0.00,,,
HUAWEI,AQU4517R4,EasyRET 2H2L 8-Port Antenna with 4 Integrated RCU-1.4m,,,,,
HUAWEI,AR0MXEGFTA00,02352933,€0.0,$0.00,,,
HUAWEI,AR1220V,02352933,€0.0,$0.00,,,
HUAWEI,ARCU02004,27150136,€0.0,$0.00,,,
HUAWEI,ATN910C-G,ANGMHSTG0101,€0.0,$0.00,,,
HUAWEI,ATR4518R25V06,Directional Antenna,,,,,
HUAWEI,B2268S,TD-LTE Outdoor CPE,,,,,
HUAWEI,BM632W,WiMAX CPE 4G RouteR,,,,,
HUAWEI,CGDS0575930M,CABLE ALARM 30MT With Socket,€5 -750.0,$0.00,,,
HUAWEI,CN21EFCA,Ethernet Fiber Card (EFC),,,,,
HUAWEI,CN21USI1,USI1,,,,,
HUAWEI,CR52EEGFN0,CR52EEGFN0 P40-20XGE/FE-SFP 20 optical port plug-in card,€54.8,$0.00,,,
HUAWEI,CR52L2XXN0,03036752,€0.0,$0.00,,,
HUAWEI,CR53-LPUF-10,03038461,€0.0,$0.00,,,
HUAWEI,CR53LPUFC0,03038461,€0.0,$0.00,,,
HUAWEI,CR57L5XXA0,P100-5X10GBASELAN/WAN-XFP-1588V2,€0.0,$0.00,,,
HUAWEI,CR5M0EEGFA20,03037070,€0.0,$0.00,,,
HUAWEI,D32S15600,Unity 600GB 15K SAS 25x2.5 DRIVE,,,,,
HUAWEI,DCDU12B,Direct Current Distribution Unit,,,,,
HUAWEI,DCM-80-C,DCM(D)-C-G.652-(-080km)-DCF,,,,,
HUAWEI,DCM-SM-C100%-020-LCP,DISPERSION COMPENSATING FIBER MODULE,,,,,
HUAWEI,ETP48200-C5D1,D1 Serial ETP 5U 200 A 48V Converter system shelf,€492.9,$0.00,,,
HUAWEI,F233LA,52450832 (if correct?),€0.0,$0.00,,,
HUAWEI,FJD 2310.00,Power supply unit  R4850G1,,,,,
HUAWEI,FTRJ1621P1BCL,SFP - 2G - Single-mode Module(1550nm - 80km),,,,,
HUAWEI,GLC-LH-SM-DDM-LL,SFP,€230.0,$0.00,,,
HUAWEI,GM51DCCU,03029749,€0.0,$0.00,,,
HUAWEI,GM51DCSU,03020AVW,€0.0,$0.00,,,
HUAWEI,GM51DELC,03028708,€0.0,$0.00,,,
HUAWEI,GM51DEMU0,03037463,€0.0,$0.00,,,
HUAWEI,GM51DMLC,03028712,€0.0,$0.00,,,
HUAWEI,GM51DSAC,03028262,€0.0,$0.00,,,
HUAWEI,H805GPFD,H805GPFD,,,,,
HUAWEI,H80D00EDTB01,EDTB,,,,,
HUAWEI,H90F2FMLA,MA5800 FAN MODULE,,,,,
HUAWEI,HSFP4140,2.5G - 40Km - 1310nm,,,,,
HUAWEI,HXFP8440-290,10G 40Km 1554.13nm 8M C,,,,,
HUAWEI,HXFP8441,03030LRD,€0.0,$0.00,,,
HUAWEI,HXFP8541,02310CNF,€0.0,$0.00,,,
HUAWEI,LTD8542-BE+,4.25Gb -850nm -0.3Km,,,,,
HUAWEI,MA5675M,SmartAX MA5675M 4GE + 8POTS + WIFI,,,,,
HUAWEI,NTFP61DB,cfp1,,,,,
HUAWEI,OEGD01N01,1000BASE-T,,,,,
HUAWEI,OM9150X1A,34100144,€0.0,$0.00,,,
HUAWEI,OPM15M,OUTDOOR POWER MODULE RRU,,,,,
HUAWEI,OPTIXPTN3900,SUBRACK,,,,,
HUAWEI,OptiXOSN1800V,OptiX OSN 1800 V,,,,,
HUAWEI,OptiXOSN1800VPro,OptiX OSN 1800 V Pro,,,,,
HUAWEI,OSN8800T32SUBRACK,02300642,€0.0,$0.00,,,
HUAWEI,PAC-350WB-L,02131212,€172.5,$1 -286.00,,,
HUAWEI,PLRXPL-SC-S43-22-N,HUAWEI OMXD30000 10G  SFP+.,€230.0,$0.00,,,
HUAWEI,PT7320-31-1W,100M single-mode optical module SFP 155M 1310NM 15KM,€230.0,$0.00,,,
HUAWEI,QW3M1RRUD,RRU3804,,,,,
HUAWEI,QWEM1RRUD,RRU3801C,,,,,
HUAWEI,QWEM1RRUN,RRU.B1.A,,,,,
HUAWEI,QWM2UTRP3,UTRP 03052087,,,,,
HUAWEI,S3328TP-EI-MC,S3328TP-EI-MC Mainframe 24 10/100 BASE-T ports and 2 Combo GE(10/100/1000 Rj-45+100/1000 SFP) ports and 2 SFP ports ,€109.5,$0.00,,,
HUAWEI,S4015755,eSFP-FE-LX-SM1310 Optical Transceiver (eSFP -1310nm -STM1 --15dBm~-8dBm --28dBm -Singlemode -LC -15Km NE20E-S8 NE08E,€230.0,$0.00,,,
HUAWEI,S4015760,NE40E-X8 Optical Transceiver (eSFP -1310nm -STM4 --1,€230.0,$0.00,,,
HUAWEI,S4015772,OSX010N08 Optical Transceiver (XFP - 1310nm - 9.95~10.71Gb/s - -6dBm~-1dBm - -14.4dBm - Singlemode - LC - 10km),€230.0,$0.00,,,
HUAWEI,S4015776,10G-1550nm-40km-SM-XFP,,,,,
HUAWEI,S4015794,10G-1550nm-80km-SM-XFP (OSX080N06),,,,,
HUAWEI,S4016067,"OSG010N05 Optical transceiver(eSFP -1310nm -1.25Gb/s --9dBm~-3dBm --20dBm -LC -SM -10km).
",€230.0,$0.00,,,
HUAWEI,S4016559,1.25 G-1310NM 10KM SM ESFP,,,,,
HUAWEI,S4016954,1.25G-1310NM-40KM-SM-ESFP,,,,,
HUAWEI,S4017306,SFP 1000BaseT RJ45 100m,,,,,
HUAWEI,S4017405,SFP OSX010N10  MTRS-02X13-G,,,,,
HUAWEI,S4017456,OSN010N04 Optical transceiver -CFP -1295/1300/1304/1309nm -103.125Gbps --4.3dBm -4.5dBm --8.6dBm -LC -SMF -10km,€230.0,$0.00,,,
HUAWEI,S4017457,OSN010003 Optical Transceiver.CFP.850nm.10*10.3125Gb/s.-7.6dBm.2.4dBm.-5.4dBm.mpo.MM.0.1km,€230.0,$0.00,,,
HUAWEI,S4017482,OPTICAL TRANSCEIVER (SFP 10GB/S),€230.0,$0.00,,,
HUAWEI,S4017483,OSX001002 Optical Transceiver(SFP+ -1310nm -10Gb/s --8.2~0.5dBm --12.6dBm -LC -SM -10km),€230.0,$0.00,,,
HUAWEI,S4017484,10Gbps-SFP+-SMF-1550nm-40km,,,,,
HUAWEI,S4017565,10G-10km-SM-SFP+,,,,,
HUAWEI,SCR52-NE40E-BASE8-AC,HUAWEI Router 40E Chassis,€1 -095.2,$0.00,,,
HUAWEI,SFP-FE-SX-MM1310,SFP (HUAWEI Compatible),,,,,
HUAWEI,SL91IFU2,IFU2,,,,,
HUAWEI,SLA1CSHCB,CSHC,,,,,
HUAWEI,SLAK1AFB,OptiX RTN 900,,,,,
HUAWEI,SPM60A,02231CRN,€0.0,$0.00,,,
HUAWEI,SRRU.B01-2100.Z.060,SRRU.B01-2100.Z.060 -1T2R.4/4C.,,,,,
HUAWEI,SSN1AUX01,03037098,€0.0,$0.00,,,
HUAWEI,SSN1C34S,03027581,€0.0,$0.00,,,
HUAWEI,SSN1D12S,03026728,€0.0,$0.00,,,
HUAWEI,SSN1D34S,03026734,€0.0,$0.00,,,
HUAWEI,SSN1EGT201,SSN1EGT201 -2Port Gigbit ETTB,€0.0,$0.00,,,
HUAWEI,SSN1ETF8,03026811,€0.0,$0.00,,,
HUAWEI,SSN1OU08,03026741,€0.0,$0.00,,,
HUAWEI,SSN1SEP101,03037391,€0.0,$0.00,,,
HUAWEI,SSN1SL6401,03037692,€0.0,$0.00,,,
HUAWEI,SSN1SLQ4A04-B3,03029118,€0.0,$0.00,,,
HUAWEI,SSN1TSB8,03026756,€0.0,$0.00,,,
HUAWEI,SSN2SLO101,03037854,€0.0,$0.00,,,
HUAWEI,SSR1EOW01,03037557,€0.0,$0.00,,,
HUAWEI,SSR1PIU,03020EWG,€0.0,$0.00,,,
HUAWEI,SSR1PL1B01,03039079,€0.0,$0.00,,,
HUAWEI,SSR1SLQ101,03038334,€0.0,$0.00,,,
HUAWEI,SSR2AUX,03038480,€0.0,$0.00,,,
HUAWEI,SSR2AUX01,03038480,€0.0,$0.00,,,
HUAWEI,SST1AUX,03028246,€0.0,$0.00,,,
HUAWEI,SST1E0W,03028245,€0.0,$0.00,,,
HUAWEI,SSX1T1LTC,Tx2.5G/Rx1.25G 20km SM C+,,,,,
HUAWEI,T8280,T8280,,,,,
HUAWEI,TN11AUX01,03036618,€0.0,$0.00,,,
HUAWEI,TN71AFB,OptiX PTN 1900,,,,,
HUAWEI,TN71CXP01,CXP PIM1/2 ,,,,,
HUAWEI,TN71L75,L75 16-Port,,,,,
HUAWEI,TN71PIU01,03039289,€0.0,$0.00,,,
HUAWEI,TN7E1FANA,FAN A ,,,,,
HUAWEI,TN7E1FANB,FAN B,,,,,
HUAWEI,TN81CD1,CD 1  2 x IN/OUT SFP Ports,,,,,
HUAWEI,TN81EG1601,03039204,€0.0,$0.00,,,
HUAWEI,TN81SCA, 03020FXB,€0.0,$0.00,,,
HUAWEI,TNC1FAN01,OptiX RTN 910 Fan unit,,,,,
HUAWEI,TNH1SP3DB01,SP3D 42 Port,,,,,
HUAWEI,TP48600A,BRAND NEW (HX19C1),,,,,
HUAWEI,UELP,,,,,,
HUAWEI,UFLP,,,,,,
HUAWEI,W301A1T4,TEMP TRANSMITTER,,,,,
HUAWEI,WD22WMPT,WMPT ETH/FEO,,,,,
HUAWEI,WD2D00UCIU00,0,,,,,
HUAWEI,WD2E5DCDU11B,DCDU-11B,,,,,
HUAWEI,WD2M1UEIU,UEIU 02315639,,,,,
HUAWEI,WD5MIRU281,RRU3808,,,,,
HUAWEI,WD5MIRUA810,RRU3828,,,,,
HUAWEI,WD5MJRUAC8E,RRU3908,,,,,
HUAWEI,WP2PGPSPUE01,SPUe    UGW9811,,,,,
HUAWEI,XFP-10G-LR,Compatible to HUAWEI XFP 10G 1310nm 10Km,,,,,
HUAWEI ,03058336,IX620 SERVICE Board,€3 -220.0,$0.00,,,
HUGHES,HX200,Satellite Router ,€57.5,$0.00,,,
IBM,0B24184,"IBM HDD 2.5"" SAS 146GB 10K",,,,,
IBM,2145UPS-1UENVIRONMENT,Battery Backup UPS 31P1318 ssg520m,€164.3,$0.00,,,
IBM,21H9908,SERIAL PTICAL CONVERTER,,,,,
IBM,4252EAG,EAG - System x3250 M3 Rack Server - NO HDD,€109.5,$0.00,,,
IBM,42D0636,IBM 146GB 10K SAS 2.5,,,,,
IBM,BYP-0T-4S-0L,IBM NETWORK,€32.9,$0.00,,,
IBM,FTLF8528P2BCV-IB,IBM CORP SFP 8GB SW ,€230.0,$0.00,,,
"IBM
",X3650,SERVER - W/O HDD,€109.5,$0.00,,,
INELCOM,ICOR207,MCC,,,,,
INELCOM,IHSL201,Modem HDSL (LTU),,,,,
INELCOM,IHSL203,HDSL-2M LTU,,,,,
INELCOM,IPTR218.A,PTRO,,,,,
INELCOM,IUSE304,UNIDAD DE SINCRONIZACION DE EDIFICIO,,,,,
INFINEON,V23848-C18-C56M,STM-1S-1.1 1310NM SFP,,,,,
INFINERA,800-0048-005,WMMPL00 DTN OPT TRANS CHAS ANSI WMMPL00ER,€0.0,$0.00,,,
INFINERA,AC-DC-1RU-1K8,AC-DC Chassis for Power Unit 2 x 1800W,,,,,
INFINERA,CAB100079/4M0-R,Cable,,,,,
INFINERA,CU-SFP/III,CU WITH SFP FOR OSC,,,,,
INFINERA,DTC-ANSI-B-B2+,GC-DTC-ANSI-B-B2+-CH,€328.6,$0.00,,,
INFINERA,GBE9/MXP10GFEC,9 x GbE/10G FEC Muxponder,,,,,
INFINERA,M301/II-DC/1,DC FILTER,,,,,
INFINERA,M301/II-DCN,DCN MODULE,,,,,
INFINERA,M301/II-FAN/1,FAN,,,,,
INFINERA,M301/II/ENC,SUBRACK,,,,,
INFINERA,MXP200GOTN,200G OTN MUXPONDER,,,,,
INFINERA,OA20C/LG,Opt Low Gain Amp C-Band 20dBm,,,,,
INFINERA,TOM-100G-Q-LR4,SMF - 1310nm - LC - 10km - DOM,,,,,
INFINERA,TPMRHEX-L/16G,Multi-Rate 16G Lite Transponder,,,,,
INFINERA,TRX100006,SFP 850nm 100m,,,,,
INFINERA,TRX100041,SFP 1310nm SM 10Km,,,,,
INFINERA,TRX100090/TC,XFP Tunable SM 80Km,,,,,
INFINERA,TRX100091/TC,XFP Tunable SM 40Km ,,,,,
INFINERA,TRX100100,SFP+ 1310nm SM 10Gb/s 10km Transmode Compatible,,,,,
INFINERA,TRX100103,SFP+ 850nm MM 10Gb/s 300m ,,,,,
INFINERA,TRX100117/TC,SFP+ 80Km Tunable,,,,,
INFINERA,TRX100140,SFP+ 850nm 100M,,,,,
INFINERA,TRX100141,SFP+ 1310nm 10km,,,,,
INTEGRA,GLC-FE-100LX,SFP-100LX 155M SM 1310nm 10Km,,,,,
INTEL,AFBR-703SDZ-IN2,SFP,€230.0,$0.00,,,
INTEL,FTLX8571D3BCV-IT,SFP,€230.0,$0.00,,,
INTEL,TXN31115D00000,4GB SFP TRANSCEIVER SR,,,,,
INTERGY,R1248-10,RECTIFIER,,,,,
INTRACOM,Z00-402/83,IDR-350 HIGH BAND,,,,,
INTRACOM,Z00-403/04,IDR-350 LOW BAND,,,,,
INVELCO,DT-100-A,,,,,,
IQ,SINGULUSG2X,OS2-00G2X-001,€1 -095.2,$0.00,,,
ITA,S7201-T6040-A101-93,CONVERTER-48/+5-20A,,,,,
ITA,S7336-T6030-A2,UDI32K,,,,,
ITR,HTR6932R30-E,SFP,€230.0,$0.00,,,
IXIA,OPTIXIAX16,0,,,,,
JDSU,53P5395,1000BASE-SX,,,,,
JDSU,64P0194,XFP Optical Transceiver 10G Base-SR 10G,,,,,
JDSU,64P0525,SFP OPTICAL TRANSCEIVER DDM 400/200/100-M5/M6-SN-1 1000 BASE-SX,,,,,
JDSU,HST3000-ETH-P1,JDSU HST-3000 VoIP Tester (Ethernet),€273.8,$0.00,,,
JDSU,JSH-42S3AR3-B,SFP,€230.0,$0.00,,,
JDSU,PLRXPL-SC-S43-42B,SFP,€230.0,$0.00,,,
JDSU,PLRXPL-VE-SG4-26,SFP,€230.0,$0.00,,,
JDSU,PLRXPL-VE-SG4-36,SFP,€230.0,$0.00,,,
JDSU,PLRXPL-VE-SG4-38,SFP 4.25Gb - 850nm -0.5Km,,,,,
JDSU,PLRXPL-VE-SG4-62,SFP 4.25Gb - 850nm -0.5Km,,,,,
JDSU,PLRXPL-VE-SG4-62-N,SFP JDSU 4.25GB/s · Wavelength: 850nm OPTICAL,€230.0,$0.00,,,
JDSU,PLRXPL-VI-S24-HW,SFP,€230.0,$0.00,,,
JONH,014130619,Optical Cable DLCK-DLCK-2MICK4,,,,,
JONHON,014130282,Optical Cable SINGLE MODE LC-LC-30MT ,,,,,
JONHON,014130282,Optical Cable SINGLE MODE LC-LC-30MT ,€5 -750.0,$0.00,,,
JUNIPER,094-0040-000,"RJ45 TO DB9 7"" CAT5e ",,,,,
JUNIPER,240-00040,TRP-G1BCJE (SX) RX-550M-SFP,,,,,
JUNIPER,350-00033-02,SRP-I/O - SWITCH & RTE PROCESSOR ADAPTER,,,,,
JUNIPER,350-00045-51,ERX-GEFE256M-MOD,,,,,
JUNIPER,350-00056-51,ERX-40G2GEC2-SRP  SRP-40GPLUS,,,,,
JUNIPER,350-01039-56,ERX-OCXA256M-MOD  OCx/STMx/DS3-ATM,,,,,
JUNIPER,350-01039-58,ERX-OCXA256M-MOD  OCx/STMx/DS3-ATM,,,,,
JUNIPER,350-01039-59,ERX-O3O12A-MOD   OCx/STMx/DS3-ATM,,,,,
JUNIPER,350-01039-60,ERX-O3O12A-MOD   OCx/STMx/DS3-ATM,,,,,
JUNIPER,350-01039-61,ERX-OCXA256M-MOD,,,,,
JUNIPER,350-01045-01,GE/FE-8   GE/FE,,,,,
JUNIPER,350-01045-51,ERX-GEFE256M-MOD  GE/FE,,,,,
JUNIPER,350-01045-52,ERX-GEFE256M-MOD   GE/FE,,,,,
JUNIPER,350-01045-53,ERX-GEFE256M-MOD   GE/FE ,,,,,
JUNIPER,350-01045-54,ERX-GEFE256M-MOD  GE/FE,,,,,
JUNIPER,350-01045-55,ERX-GEFE-MOD  GE/FE,,,,,
JUNIPER,350-01045-56,ERX-GEFE-MOD   GE/FE,,,,,
JUNIPER,350-01045-57,ERX-GEFE256M-MOD  GE/FE,,,,,
JUNIPER,350-10065-01,OC3-4SM-I/O - OC3 4 PORT SM MODULE,,,,,
JUNIPER,350-10065-02,OC3-4SM_I/O   OC3-STM1-I/O,,,,,
JUNIPER,350-10065-03,OC3-4SM_I/O   OC3-STM1-I/O,,,,,
JUNIPER,350-10066-02,GE_S_I/O,,,,,
JUNIPER,350-40051-02,OC12-SM_I/O   OC12-STM4-I/O,,,,,
JUNIPER,350-40051-03,OC12 STM4 I/O,,,,,
JUNIPER,350-80039-53,ERX-OCXA256M-MOD  OCx/STMx-ATM,,,,,
JUNIPER,350-81039-03,OC3/OC12-ATM   OCx/STMx-ATM,,,,,
JUNIPER,350-81039-53,ERX-OCXA256M-MOD,,,,,
JUNIPER,450-00020-01,ERX-GIGESFP-IOA  ERX 2PT GB ETHNT CD,,,,,
JUNIPER,450-00066-04,ES2-100G-SRP  /  SRP-100,,,,,
JUNIPER,450-00066-05,ES2-100G-SRP  / SRP-100,,,,,
JUNIPER,450-00067-02,ES2-100G-SFM  /  SFM-100,,,,,
JUNIPER,458-00012-00,ERX-PDU-40-FRU  ,,,,,
JUNIPER,458-00016-00,ERX-FAN14-FRU,,,,,
JUNIPER,458-00017-00,BASE-1440  JUNIPER ERX1440 CHASSIS,,,,,
JUNIPER,458-00026-02,ES2-DCPDU-FRU  ,,,,,
JUNIPER,458-00028-02,ES2-DCPDU-FRU,,,,,
JUNIPER,611-051310,EU-UM-8X8SFP,,,,,
JUNIPER,650-044930,EX4300-48P,,,,,
JUNIPER,680-044937,FAN UNIT ,,,,,
JUNIPER,710-000175,FPC,,,,,
JUNIPER,710-000203,STM-1/OC-3 ATM SMF-IR,,,,,
JUNIPER,710-000523,4-PORT STM-1/OC-3 SONET SMF-IR,,,,,
JUNIPER,710-000991,ETHERNET 1000BASE-SX,,,,,
JUNIPER,710-001226-11,MCS,,,,,
JUNIPER,710-001283,STM-16/OC-48 SONET SMF-SR,,,,,
JUNIPER,710-001292,FPC,,,,,
JUNIPER,710-001322,P-TUNNEL SERVICE MODULE,,,,,
JUNIPER,710-001519,FPC-E,,,,,
JUNIPER,710-001640,FPC-E FP EXTENDER,,,,,
JUNIPER,710-001951,SSB-E Internet Processor II,,,,,
JUNIPER,710-00202,,,,,,
JUNIPER,710-002912,STM-1/OC3-ATM-SMF-IR P-2STM,,,,,
JUNIPER,710-003423,Sonet Clock Generator (SCG-T-S),,,,,
JUNIPER,710-007300,CHANNELIZED STM1 SMF-IR,€164.3,$0.00,,,
JUNIPER,710-011165,M40e-FPC1,,,,,
JUNIPER,710-013600,GIGABIT ETHERNET,,,,,
JUNIPER,710-014625,MULTI-RATE SONET SFP,,,,,
JUNIPER,710-017404,PD-4XGE-XFP-E - ETHERNET 10GBASE-XFP LAN-WAN PHYS INTFC PRNCD,,,,,
JUNIPER,710-023792,Juniper CIP-TXP-S - IPU3ANXHTB - 750-024787 - 710-023792 Craft Interface Panel,,,,,
JUNIPER,711-028407R13,1GB SFP INTERFACE CARD FOR SRX 5400,,,,,
JUNIPER,711-031050,EX4500-VC1-128G,,,,,
JUNIPER,711-033306R06,SRX-MIC-10XG-SFPP 10 PORT,,,,,
JUNIPER,740-001466,PSU,,,,,
JUNIPER,740-002958,AMC32V72T8S4GAS ,,,,,
JUNIPER,740-003239,ROUTING ENGINE,,,,,
JUNIPER,740-007327,TRP-G1L1BCBLJN,,,,,
JUNIPER,740-008537,PWR-M10I-M7I-AC-S,,,,,
JUNIPER,740-009148,DC POWER ENTRY MOD SP,,,,,
JUNIPER,740-009149,AC Power Entry Module,,,,,
JUNIPER,740-011571,10GBASE-SR,,,,,
JUNIPER,740-011613,FTLF8519P2BNL-J1,,,,,
JUNIPER,740-011614,LX10 1000BASE-LX SFP Transceiver,€230.0,$0.00,,,
JUNIPER,740-011618,SFP-Transceiver,,,,,
JUNIPER,740-011782,1000BASE SX SFP,,,,,
JUNIPER,740-011783,1000BASE-LX SFP TRANSCEIVER,,,,,
JUNIPER,740-011935,M120 DC Power Supply SPARE,,,,,
JUNIPER,740-012045,10GBBASE-SR MME MODULE,,,,,
JUNIPER,740-013063,RE-S-2000,,,,,
JUNIPER,740-013111,SP7041-M1-JN,,,,,
JUNIPER,740-013111-01,SFP-1GE-FE-E-T,,,,,
JUNIPER,740-013683,MX960 ENTRY MODULE DC - PWR-MX960-DC,,,,,
JUNIPER,740-014082,T2019CC/2000-C6,,,,,
JUNIPER,740-014279,SFP,€230.0,$0.00,,,
JUNIPER,740-014289REV03,SFP,€230.0,$0.00,,,
JUNIPER,740-014290,OC192-IR2/10G-E,,,,,
JUNIPER,740-016063,FTLF1323P1BTR-J2,,,,,
JUNIPER,740-017976,RE-A-2000-HD IPUCAK0CTB Board with HDD (Rev2 available),,,,,
JUNIPER,740-017976REV02,740-017976,€164.3,$0.00,,,
JUNIPER,740-027463,7 X 60 AMP DC POWER ENTRY MODU,,,,,
JUNIPER,740-027736,Power Supply ,,,,,
JUNIPER,740-031833,XFP-10G-L-OC192-SR1-C,,,,,
JUNIPER,740-031834,XFP-10G-E-OC192-IR2,,,,,
JUNIPER,740-031850,Juniper Optical Transceiver SFP-1GE-LX (1000BASE-LX) Compatible,,,,,
JUNIPER,740-031851,SFP-1GE-SX-C,,,,,
JUNIPER,740-031980,10GBASE-SR,€16.4,$0.00,,,
JUNIPER,740-032210,CFP-100GBASE-LR4 740-032210 100Gb Single Mode 10km Transceiver Module,€202.6,$0.00,,,
JUNIPER,740-036442,T1600 POWER ENTRY MODULE,,,,,
JUNIPER,740-044512,JUNIPER MOLEX QSFP+ CABLE 0.5M 1110409102,,,,,
JUNIPER,740-046871, SWITCHING Power Supply,,,,,
JUNIPER,740-047682-03,CFP-GEN2-100GBASE-LR4 SMF 10km 1310nm IPU3A4BHAB,,,,,
JUNIPER,740-057909,SRX SFPP-10G-LR SMF 1310nm,€28.8,$0.00,,,
JUNIPER,740-072492,SFP-GE40KT14R13,,,,,
JUNIPER,750-001900,PB-1OC48-SON-SMSR,,,,,
JUNIPER,750-002785,P-1GE-SX-B-GB ETHERNET SX PIC,,,,,
JUNIPER,750-002982,PE-TUNNEL,,,,,
JUNIPER,750-003748,STM-1/OC-3 SONET SMF-IR,,,,,
JUNIPER,750-003949,M160-FPC2-E,,,,,
JUNIPER,750-004424,PC-1XGE-LR,,,,,
JUNIPER,750-005100,IB-XGE-LR-E,,,,,
JUNIPER,750-005637,PB-4CHDS3-QPP,,,,,
JUNIPER,750-005719,PB-10C12-ATM2-MM,,,,,
JUNIPER,750-007587,T640-FPC3,,,,,
JUNIPER,750-007928,PB-LS-4,,,,,
JUNIPER,750-009450,STM-64/OC-192 SONET SMF-SR-2,,,,,
JUNIPER,750-010238,Ethernet 1000BASE-X SFP Module,,,,,
JUNIPER,750-012838,PE-4GE-TYPE1-SFP-IQ2     ,,,,,
JUNIPER,750-013075,SWITCH INTERFACE BOARD 1600,,,,,
JUNIPER,750-014895,PB-MS-400-1,,,,,
JUNIPER,750-021566,DPCE-R-4XGE-XFP-I - 4 CAGE 10GE DPC PRNCD,,,,,
JUNIPER,750-021914,SRX3K-RE-12-10 - ROUTING ENGINE CARD,,,,,
JUNIPER,750-022607,CB-TXP-S -C [IPUCAV4CTC],,,,,
JUNIPER,750-024064,MS-DCP,,,,,
JUNIPER,750-034250,EX3300-48P,,,,,
JUNIPER,750-036563,EX4500-40F-VC1-BF,,,,,
JUNIPER,750-063184,Next-Gen MPC2E -Port Queue -Full Scale -MX with license to enable -R and -IR mode option,,,,,
JUNIPER,750-1072,,,,,,
JUNIPER,760-034684,CRAFT-T-SERIES-S         ,,,,,
JUNIPER,760-035704,FAN UNIT,,,,,
JUNIPER,760-046574,BLANK PLATE,,,,,
JUNIPER,BASE-1440-A,JUNIPER ERX1440 CHASSIS,,,,,
JUNIPER,CB-LCC-S,Control Board,,,,,
JUNIPER,CB-M-S-D,M320 CONTROL BD MOD SP ,,,,,
JUNIPER,CB-M120-S-C,IPUCAHMCTC Chassis 710-011403 ,€383.3,$0.00,,,
JUNIPER,CB-T-S,TX MATRIX CONTROL BOARD,,,,,
JUNIPER,CB-T-S-B,CONTROL BOARD,,,,,
JUNIPER,CBL-TXP-006M,Cable,,,,,
JUNIPER,CFP-100GBASE-LR4,740-32210 SFP Module,€230.0,$0.00,,,
JUNIPER,CFP-GEN2-100GBASE-LR4,CFP MODUL SMF 10KM 1310NM 740-047682,€0.0,$0.00,,,
JUNIPER,CHAS-BP-MX240-S,MX240 CHASSIS - SPARE,,,,,
JUNIPER,CHAS-BP-T320-S,T320 INTERNET ROUTER,,,,,
JUNIPER,CIP-L-T640-S,Line Card Chassis Connector,,,,,
JUNIPER,CIP-M320-S,CONNR INTERFACE PANEL,,,,,
JUNIPER,CRAFT-M120-S-A,M120 CRAFT INTERFACE,,,,,
JUNIPER,CRAFT-M320-S,CRAFT INTERFACE PANEL,,,,,
JUNIPER,CRAFT-T1600-S-A,CRAFT INTERFACE PANEL T160,,,,,
JUNIPER,DCJ17001-01P,PWR-MX960-AC-S-C ,€1 -095.2,$0.00,,,
JUNIPER,DCJ41001-01P,Power Supply 4100W 200-240V 14-12A 50-60HZ for Mx960 2xoutput 46/56,€1 -095.2,$0.00,,,
JUNIPER,DPCE-R-4XGE-XFP-J,4X10GE ENHANCED DPC FOR MX,,,,,
JUNIPER,DPCE-R-Q-20GE-2XGE,DENSE PRT CONCENTRATOR,,,,,
JUNIPER,DPCE-R-Q-20GE-2XGE-A, Multi-Rate Ethernet Enhanced Queuing IP Services DPC with SFP and XFP,,,,,
JUNIPER,ERX-40G2GEC2-SRP,40Gb Switch & Route Processor: 40Gb SRP with 2GB o,,,,,
JUNIPER,ERX-F1G40G-FRU,1GB flash card for the 40G SRP,,,,,
JUNIPER,ERX-FAN14-FRU,ERX-1440 FAN TRAY,,,,,
JUNIPER,ERX-GEFE-MOD,GE/FE LINE MODULE,,,,,
JUNIPER,ERX-GEFE256M-MOD,ERX GE/FE LINE MODULE,,,,,
JUNIPER,ERX-GIGESFP-IOA,ERX 2PT GB ETHNT CD,,,,,
JUNIPER,ERX-O3O12A-MOD,OCx/STMx/DS3-ATM,,,,,
JUNIPER,ERX-OCXA256M-MOD,OCx/STMx/DS3-ATM,,,,,
JUNIPER,ERX-PDU-40-FRU,ERX-1440 POWER DISTRIBUTION MODULE,,,,,
JUNIPER,ERX-SERVICE-MOD,Juniper E Service Module with 256MB,,,,,
JUNIPER,ES2-100G-SFM,450-00067-02 Switch Fabric Module,€273.8,$0.00,,,
JUNIPER,ES2-100G-SRP,ES2-100G-SRP. E320 100Gb switch route processor (SRP),,,,,
JUNIPER,ES2-10GACS3-MOD,Access line module LM10A,,,,,
JUNIPER,ES2-320G-SFM,SFM,,,,,
JUNIPER,ES2-320G-SRP,SRP,,,,,
JUNIPER,ES2-4GS1-MOD,E320 4G line module (LM4),,,,,
JUNIPER,ES2-8OC3AS1-IOA,E320 (half-height) 8-port OC3/STM1 ATM IOA,,,,,
JUNIPER,ES2-BSLM12-SYS,E320 12-slot base chassis.,,,,,
JUNIPER,ES2-DCPDU-FRU,E320 power distribution unit (PDU),,,,,
JUNIPER,ES2-FANTRAY-FRU,E320 FANTRAY,,,,,
JUNIPER,ES2-GE8S1-IOA,JUNIPER E320 8-PORT GBE I/O MODULE,,,,,
JUNIPER,ES2-REDUNDS1-IOA,ES2-S1 REDUND IOA,,,,,
JUNIPER,ES2-SRP-IOA,SRP IOA,,,,,
JUNIPER,EX-SFP-1GE-LX-C,1000BASE-LX GE SFP,,,,,
JUNIPER,EX-SFP-1GE-T,1000BASE SFP-T,,,,,
JUNIPER,EX-UM-2X4SFP,EX 2-Port 10G SFP+& 4-port SFP Uplink Module,,,,,
JUNIPER,FAN-14,350-10003-00 / FAN SYSTEM,,,,,
JUNIPER,FAN-REAR-TX-T640-S,REAR FAN TRAY,,,,,
JUNIPER,FAN-REAR-TX-T640-S-C,REAR FAN TRAY,,,,,
JUNIPER,FANTRAY-T-S,T640 T SERIES FAN TRAY T640,,,,,
JUNIPER,FANTRAY-T4000,Front fantray T4000,,,,,
JUNIPER,FEB-M120-B,M120 FWD ENGINE BD,,,,,
JUNIPER,FEB-M7I-SVCS-S-C,FORWARDING ENGINE BOARD,,,,,
JUNIPER,FFANTRAY-M120-S-A,FRONT FAN TRAY,,,,,
JUNIPER,FFANTRAY-M320-S,FRONT FAN TRAY,,,,,
JUNIPER,FFANTRAY-MX240-HC-S,MX240 High Capacity fantray,,,,,
JUNIPER,FFANTRAY-MX240-S,MX240 FANTRAY,,,,,
JUNIPER,FFANTRAY-MX480-S,MX480 FANTRAY,,,,,
JUNIPER,FFANTRAY-MX960-HS-S-D,MX960 FAN,€1 -095.2,$0.00,,,
JUNIPER,FFANTRAY-MX960-S-C,MX960 FAN,€71.2,$0.00,,,
JUNIPER,FILTER-MX960-HC-S,MX960 HIGH-CAPACITY FILTER TRA,,,,,
JUNIPER,J2320-JB-SC,Juniper J2320 Router,,,,,
JUNIPER,JLC-CBL-MGMT-KIT,JLC-CBL-MGMT-KIT,,,,,
JUNIPER,M120-FPC2-B,M120 FLEX PIC CONC 16GBPS,,,,,
JUNIPER,M120-FPC2-D,Flexible PIC Concentrator 16GB,,,,,
JUNIPER,M320-FPC3-E2-C,ENHANCED III FPC2,,,,,
JUNIPER,M320-FPC3-E3-E,M320 FLEX PIC CONC CD,,,,,
JUNIPER,MIC-3D-1OC192-XFP,1 port OC192/STM64 MIC XFP,,,,,
JUNIPER,MIC-3D-20GE-SFP,MIC-3D-20GE-SFP GIGABIT MODULAR INTERFACE CARD,€0.0,$0.00,,,
JUNIPER,MIC-3D-4OC3OC12-1OC4,MIC-3D-4OC3OC12-1OC48_MODUALR INTFC PRNCD,,,,,
JUNIPER,MIC3-3D-1X100GE-CFP,MIC3-3D-1X100GE-CFP MIC with 1x100GE CFP interface,€0.0,$0.00,,,
JUNIPER,MPC-3D-16XGE-SFPP,ROUTER LINE CARD,€0.0,$0.00,,,
JUNIPER,M120-CFPC-1XGE-XFP-C,M120 cFPC 1-port 10 Gigabit Ethernet LAN/WAN interface (Requires an XFP Optics Module ,,,,,
JUNIPER,MPC4E-3D-2CGE-8XGE,2x100GE + 8x10GE MPC4E,€0.0,$0.00,,,
JUNIPER,MS-DPC-A,DENSE PT CONCR PRNCD / MULTI SERV MPC LINE CARD,,,,,
JUNIPER,MS-MPC-128G,BNDL - Multi-service Services MPC - 128G of Memory - 4 NPUs Enabled - Bundle of MS-MPC-64G and S-MS-MPC-128G-UPG. Requires JunOs 13.2 or higher,€0.0,$0.00,,,
JUNIPER,MX-MPC1E-3D-B,LINE CARD,,,,,
JUNIPER,MX-MPC1E-3D-C,,,,,,
JUNIPER,MX-MPC2-3D,Universal Edge Router MPC2 Module,€1 -642.9,$0.00,,,
JUNIPER,MX-MPC3E-3D,MPC3E - Bundle - with Support for 100GE - 40GE and 10,€0.0,$0.00,,,
JUNIPER,MX2000-LC-ADAPTER,MX2000 Line Board Adapter - Spare,€410.7,$0.00,,,
JUNIPER,MX2000-PDM-DC-S,DD-2112-B,,,,,
JUNIPER,MX2000-SFB3-S,MX2010/MX2020 Switch Fabric Board 3 Spar,,,,,
JUNIPER,MX240BASE3-DC,CHAS-BP3-MX240-S-B,,,,,
JUNIPER,NS-050-005,Juniper Netscreen 50 NS-050-005 Advanced VPN/Firew,€54.8,$0.00,,,
JUNIPER,NS-SM-A-BSE,JUNIPER NSMXPRESS SECURITY APPLIANCE,,,,,
JUNIPER,NTTP03TF,OC-48 IR-1/S-16.1 ,,,,,
JUNIPER,OC12-SM_I/O,1 PRT OC12 I/O SM MOD,,,,,
JUNIPER,OC3-4SM_I/O,4-PORT OC3/STM-1 SM IOA,,,,,
JUNIPER,OC3-4SM-I/O,OC3 4 PORT SM MODULE ,,,,,
JUNIPER,PB-1GE-SFP,M160 1-PORT SFP GBE PIC - 1000BASE-X,,,,,
JUNIPER,PB-1OC12-SON-SFP-A,MULTI-RATE SONET SFP,,,,,
JUNIPER,PB-4GE-SFP-B,M160 4-PT GE W/SFP OPT,,,,,
JUNIPER,PB-4GE-TYPE1-SFP-IQ2,Ethernet 1000Base-X-SFP,,,,,
JUNIPER,PB-8GE-TYPE2-SFP-1Q2,ETHERNET 1000BASE-X SFP,,,,,
JUNIPER,PB-GGNS3-A,GGSN SERVICES III,,,,,
JUNIPER,PB-GGSN3-B,GGSN SERVICES III,,,,,
JUNIPER,PB-MS-100-1-B,MULTISERVICES 100,,,,,
JUNIPER,PB-MS-400-2-A,MULTI SERVICES 400,,,,,
JUNIPER,PC-10GE-SFP-B,10-PORT GIGABIT ETHERNET,,,,,
JUNIPER,PC-1XGE-TYPE3-XFP-IQ,1-PORT 10 GIGABIT ETHERNET MOD,,,,,
JUNIPER,PC-1XGE-XENPAK-G,T640 GBE PHYSICAL INTFC CARD,,,,,
JUNIPER,PC-8GE-TYPE3-SFP-IQ2,10G PHYS INTFC PRNT CD,,,,,
JUNIPER,PD-1CE-CFP-FPC4,PD-1CE-CFP-FPC4,,,,,
JUNIPER,PD-40C192-S0N-XFP-A,ETHERNET 10GBASE-XFP,,,,,
JUNIPER,PD-4XGE-XFP,4x 10GE (LAN/WAN) XFP,,,,,
JUNIPER,PD-5-10XCE-SFPP-D,10-PORT 10-GIGABIT ETHERNET L,,,,,
JUNIPER,PD-5-10XCE-SFPP-E,10-PORT 10-GIGABIT ETHERNET LA,,,,,
JUNIPER,PD-5-10XGE-SFPP-A,10-PORT 10-GIGABIT ETHERNET LA,,,,,
JUNIPER,PD-5-10XGE-SFPP-C,T1600 PIC PRNCD,,,,,
JUNIPER,PF-1CGE-CFP,Type 5 PIC. 1X100GE. CFP Pluggable Optic,,,,,
JUNIPER,PWR-MX960-DC,DC Power Supply,,,,,
JUNIPER,PWR-MX960-DC-S,POWER SUPPLIES JUNIPER 740-013683 2800WATT PWR-MX960-DC-S,,,,,
JUNIPER,PWR-MX960-DC-S-G,MX960 DC Power Supply,€82.1,$0.00,,,
JUNIPER,QFX5230-64CD-AFO,Switch 64x400G Ethernet switch for data center fabrics - AFO - AIR OUT (AFO) front-to-back,,,,,
JUNIPER,RE-850-1536-S-D,RE-850-1536-S-D / Routing engine board,,,,,
JUNIPER,RE-A-2000-4096-HD-S-,M120 RTE ENG 4GB RAM HD,,,,,
JUNIPER,RE-A-2000-4096-HD-WW,M120 RTE ENG 4GB RAM HD ,,,,,
JUNIPER,RE-DUO-C1800-8G-S,CONTROL BOARD FOR T-SERIES LCC,,,,,
JUNIPER,RE-S-1800X4,Quad Core 1800Ghz with 16G Memory - Redundant - MX s,€547.6,$0.00,,,
JUNIPER,RE-S-1800X4-16G-S-D,Quad Core 1800Ghz with 16G Memory - Redundant - MX s,€547.6,$0.00,,,
JUNIPER,RE-S-2000,Routing Engine Components,€0.0,$0.00,,,
JUNIPER,RFANTRAY-M120-S-A,M120 REAR FAN TRAY SP,,,,,
JUNIPER,RFANTRAY-M320-S,FAN TRAY REAR M320,,,,,
JUNIPER,RX-10KM-SFP,TRP-G1L1BCJE(LX),,,,,
JUNIPER,SA2000,SECURE ACCESS 2000,,,,,
JUNIPER,SA700,SA-700 NETWORK CONNECT ACCESS METHOD,,,,,
JUNIPER,SCB-MX960-S,SWITCH CONTROL BOARD,,,,,
JUNIPER,SCB-MX960-S-C,Juniper Networks Switch Control Board SCB-MX960 SCB MX SCB-MX960,,,,,
JUNIPER,SCB-MX960-S-G,Board,€0.0,$0.00,,,
JUNIPER,SCBE-MX,Enhanced Switch Control Board,€0.0,$0.00,,,
JUNIPER,SCBE-MX-S-A,MX960 SWITCH CONTROL PRNCD,,,,,
JUNIPER,SCG-T-S,Sonet Clock Generator,,,,,
JUNIPER,SIB-I-T4000-S,Switch Interface Board T4000 spare,,,,,
JUNIPER,SIB-M-S-H,M10 SW INTERCONNECT BD SP,,,,,
JUNIPER,SIB-TXP-F2S-S,SWG INTERCONNECT BD,,,,,
JUNIPER,SP04022A,JUNIPER POWER ENTRY MODULE,,,,,
JUNIPER,SRP_I/O,Switch & Route Processor Interface Adapter,,,,,
JUNIPER,SRP-10-ECC,SRP-10G,,,,,
JUNIPER,SRX-IOC-4XGE-XFP,,,,,,
JUNIPER,SRX240,SWITCH,,,,,
JUNIPER,SRX3600-CHAS,SRX3K-2XGE-XFP SRX3K-16GE-TX SRX3K-SFB-12GE 4x AC,€230.0,$0.00,,,
JUNIPER,SRX3600-CHASA,SRX3600-CHASA-SRX3K-2XGE-XFP SRX3K-16GE-TX SRX3K-SFB-12GE 4x AC,€0.0,$0.00,,,
JUNIPER,SRX3600-FAN,SRX3600-FAN,€262.9,$0.00,,,
JUNIPER,SRX3K-2XGE-XFP-A,MSC - Module - 2X10GE XFP CFM FOR SRX 3X00,€98.6,$0.00,,,
JUNIPER,SRX3K-NPC,Juniper Networks SRX 3000 Network Processing Board,€27.4,$0.00,,,
JUNIPER,SRX3K-PWR-AC-L,Power Entry Module For SRX3600 1200W 100-240v 365D,€109.5,$0.00,,,
JUNIPER,SRX3K-RE-12-10,COUCAG0BAA - 750-021914 Routing Engine - router - p,€109.5,$0.00,,,
JUNIPER,SRX3K-SFB-12GE,SWITCH FABRIC BD,,,,,
JUNIPER,SRX3K-SFB-12GE-A,Port Gigabit Ethernet Switch Fabric Module,€54.8,$0.00,,,
JUNIPER,SRX3K-SPC-1-10-40,JUNIPER LINE Board - NEW,€32.9,$0.00,,,
JUNIPER,SRX5800-PWR-4100-AC,AC Power Supply,,,,,
JUNIPER,SRX5K-MPC,MPC for 100GE - 40GE - 10GE - 1GE MIC cards - Supported by JUNOS release 12.1X46-D10 onwards,,,,,
JUNIPER,SRX5K-MPC-B,,,,,,
JUNIPER,SRX5K-SCBE,SRX 5000 Series Services processing card,,,,,
JUNIPER,SRX5K-SPC-4-15-320,SRX 5000 Series Services processing card,,,,,
JUNIPER,SSG140,NO REFERENCE - Networks Secure Services Gateway,€230.0,$0.00,,,
JUNIPER,SSG-20-SH,Services Gateway - Firewall - VPN,€219.0,$0.00,,,
JUNIPER,SSG-550,SECURE SERVICES GATEWAY,,,,,
JUNIPER,SSG520M-SH,Enterprise Secure Services Security Gateway Appliance,€273.8,$0.00,,,
JUNIPER,T1051E#-0,,,,,,
JUNIPER,T1600-FP-ES,T1600-FPC4-ES,,,,,
JUNIPER,T1600-FPC4-ES,T1600  Flex PIC Conct (accepts Type 4 PICs),,,,,
JUNIPER,T1600-FPC4-ES-C,FLEXIBLE PIC CONCENTRATOR W/ E,,,,,
JUNIPER,T4000-FPC5-3D,T4000 FPC5 W/2 3D PFE'S.2 TYPE5 PICSLOTS,,,,,
JUNIPER,XFP-10GE-LR,XFP Transceiver,,,,,
KAREL,51130AKS,IP CAMERA RF,€0.0,$0.00,,,
KATHREIN,742270V03,Antenna 1 -3m Triple band,,,,,
KATHREIN,78210250,Kathrein Dual Band Combiner Single Unit - -0.1dB - 4,€38.3,$0.00,,,
KATHREIN,78210621,Dual Band Combiner DBC 1800/UMTS,€54.8,$0.00,,,
KATHREIN,78210644,Quad-Band Combiner,€821.4,$0.00,,,
KATHREIN,78210660,Dual-Band Combiner,€49.3,$0.00,,,
KATHREIN,78210971,Dualband Combiner double unit 790 862,€54.8,$0.00,,,
KATHREIN,78211092,DUAL-BAND COMBINER 1710-2180/2400-2700 ,,,,,
KATHREIN,78211094,DUAL-BAND COMBINER 1710-2180/2400-2700 ,,,,,
KATHREIN,78211347V01,Quad Band Combiner,,,,,
KATHREIN,78211401,Triple-Band Combiner,€438.1,$0.00,,,
KATHREIN,80010728,Antenna 1 -5m Quadband,,,,,
KATHREIN,80010864,2G/3G Antenna,€0.0,$0.00,,,
KATHREIN,85010110,DownTilt Kit,,,,,
KATHREIN,86010006,CCU,,,,,
KATHREIN,86010025,Remote Control Unit RCU - AISG 1.1,€0.0,$0.00,,,
KATHREIN,86010147,Kathrein Remote Control Unit - RCU AISG 1.1,€21.9,$0.00,,,
KATHREIN,86010148,Kathrein Remote Control Unit - RCU AISG 2.0,€21.9,$0.00,,,
KATHREIN,86010148V01,86010148,€0.0,$0.00,,,
KATHREIN,CS7222221,Connector,,,,,
KATHREIN,F2A-PDFDR-2M-3GSH,,,,,,
KATHREIN,ZHA90101/6,,,,,,
KEYMILE,BFDBU101101/1,U1500,,,,,
KEYMILE,BFDBU101102/1,U1200,,,,,
KEYMILE,COZBU103391/5,SULIC,,,,,
KEYMILE,COZBU110106/1,POSUS,,,,,
KEYMILE,COZBU110306/1,POSUM,,,,,
KEYMILE,COZBU402052/1,LECA2,,,,,
KEYMILE,ROFBU367103/1,COBUX,,,,,
KEYMILE,ROFBU367104/1,SYNIF,,,,,
KEYMILE,ROFBU367161/1,LESA8,,,,,
KEYMILE,ROFBU367196/1,NEBRO,,,,,
KINAN,KVM-1708A-X1.1,Single Rail 8-port 17” VGA LCD KVM Switch,,,,,
KINGSIGNAL,100WLOADPD080210,100 W Terminator,€0.0,$0.00,,,
KINGSIGNAL,200WLOADPD080211,DP120 SERVICE INFORMATION CISCO,€0.0,$0.00,,,
KINGSIGNAL,2X2HYBCOMB23030077,2X2 HYBCOMBINER 674/2700MHZ 2*200W ,€0.0,$0.00,,,
LARID,AA-200-48,TEC04C-48VDC / THERMO ELECTRIC COOLER,,,,,
LINAGE,PBP1L7GEAA,Tyco 596A2 Switchmode Rectifier Dual Pole  Output S1:1GC,,,,,
Line,SFP-10G-LR-LL,SFP,€230.0,$0.00,,,
LITEON,341-0402-01,AC/DC ADAPTER PA-1800-2-LF,,,,,
LONG LINE,GLC-BX-U-DDM-LL, 1000Base BX-U - 80 Km - TX: 1310 nm - RX: 1490 nm SFP transceiver. 100% Cisco compatible.,€230.0,$0.00,,,
LONG LINE,glc-lh-sm-ll,SFP,€230.0,$0.00,,,
LONG LINE,GLC-SX-MM-LL,SFP,€230.0,$0.00,,,
LONGLINE,GLC-T-LL,SFP RJ45 1000BASE-T SFP 100M,€230.0,$0.00,,,
LS,3WAY-1000-DF,3 WAY-1000-DF,€1 -150.0,$0.00,,,
LS,DBC-0822-3D,DUAL BAND Combiner,,,,,
LS,LSRPT0900100A,Band Selective Pico Repeater 10 dBm - LS,€57.5,$0.00,,,
LS,MUL082244A,LS 4x4 Hybrid Matrix Combiner MCM - 800~2200MHz - N,€0.0,$0.00,,,
LS,SP300156R,2-WAY Splitter SPT,€0.0,$0.00,,,
LS,TA300156R-10,10 DB-500-DF,€0.0,$0.00,,,
LS,TA30015R-10,10DB-500-DF,€0.0,$0.00,,,
LSC,600680,MMTRX,,,,,
LSC,601119,CM-PS,,,,,
LSC,601124,Power Supply,,,,,
LSC,601129,CABLEMUX,,,,,
LSC,601480,LSCM,,,,,
LSC,601521,SACM-T,,,,,
LSC,601522,SACM-M,,,,,
LSC,601567,LSC TMX-256,,,,,
LSC,601635,CMSM,,,,,
LSC,710003,AMI-CM I/O,,,,,
LUCENT,0800-0411-004,TNT-SL-CE1-750,,,,,
LUCENT,0800-0411-053,TNT-SL-CE1-75O-C,,,,,
LUCENT,0800-0913-001,STGR-CM-IP2100-F ,,,,,
LUCENT,0800-0930-024,STGR-LIM-AD-24,,,,,
LUCENT,0800-0993-172,STGR-LIM-AD-72,,,,,
LUCENT,107211716,LAD1B - PSF,,,,,
LUCENT,107870453,LMB401,,,,,
LUCENT,107972382,PBB1,,,,,
LUCENT,108029661,48V INTELLIGENT PROCESSOR,,,,,
LUCENT,108244104,CC 64/32 64/32 CROSS-CONNECT,,,,,
LUCENT,108250184,OTU,,,,,
LUCENT,108250218,OTU,,,,,
LUCENT,108330382,PB-E3DS3/6 34/45 MB/S INTERFAC,,,,,
LUCENT,108368655,WAVESTAR AM-1 - S1:8,,,,,
LUCENT,108509829,WAVESTAR AM-1 X16E1,,,,,
LUCENT,108509837,AM1 incl. E3,,,,,
LUCENT,108584962,PBD4,,,,,
LUCENT,108645854,OTU,,,,,
LUCENT,108756107,X2E3-V2,,,,,
LUCENT,108781154,WS2A22,,,,,
LUCENT,108781378,WS2A44 4:1 10G MUX OTU70 CH44,,,,,
LUCENT,108781410,WS2A48 4:1 10G MUX OTU70 CH.48,,,,,
LUCENT,109045278,WSRG08B OTU31 CH. 62-58,,,,,
LUCENT,109045294,WSRG10B OTU31 CH. 78-74,,,,,
LUCENT,109056705,OMON,,,,,
LUCENT,109192203,OP2G5D/PAR8,,,,,
LUCENT,109192260,ECI/155MP8,,,,,
LUCENT,109281840,LKA39,,,,,
LUCENT,109306944,OPLB/PAR8,,,,,
LUCENT,109306977,OM155A184 - LAMBDA UNITE MSS R4 155M MODULE,,,,,
LUCENT,10946809,OC-3/STM-1 OM155T101,,,,,
LUCENT,109469809,OC-3/STM-1,,,,,
LUCENT,109484345,LKA50,,,,,
LUCENT,109487439,UNITE LW ORD SYS CONTR,,,,,
LUCENT,109487652,OC3/STM1  LR1/L-1.1,,,,,
LUCENT,109487728,OC12/STM-4,,,,,
LUCENT,109487736,OM622M-L4.2 SFP MODULE,,,,,
LUCENT,109579904, SI-14/8l,,,,,
LUCENT,109583989,OC48/STM16/G.709 IR-1/S16.1,,,,,
LUCENT,200-000-140,BLANK PLATE ,,,,,
LUCENT,200-000-141,BLANK PLATE,,,,,
LUCENT,2557248456,STM-4 SIU-4S13B,,,,,
LUCENT,2557248466,STM-4 SIU-4S13B,,,,,
LUCENT,300019007,Firewall Lucent Brick 201 ,,,,,
LUCENT,300074416,STM-1 SINGLEMODE ATM 1+1 MSP,,,,,
LUCENT,300074440,21 E1 HIGH DENSITY MULTISERVICE,,,,,
LUCENT,300321452,10/100 BASE TETHERNET BRIDGE,,,,,
LUCENT,300325354,BA3A570DAA,,,,,
LUCENT,300550639,CABLE 50 PIN .05 CHAMP TO RJ48H,,,,,
LUCENT,300671799,OC-3 STM1 IR-1 S-1.1,,,,,
LUCENT,3CC09742AA,AMD,,,,,
LUCENT,407850569,PSAX 1250,,,,,
LUCENT,408850766,TRANSPONDER 10G CP,,,,,
LUCENT,410AA,POWER UNIT,,,,,
LUCENT,410AA2,POWER UNIT,,,,,
LUCENT,410CA,UNIT POWER,,,,,
LUCENT,414AA,UNIT POWER,,,,,
LUCENT,42-1653321-1,Cable 50 PIN .05 CHAMP to RJ48,,,,,
Lucent,486AA,5号机用,,,,,
LUCENT,494LA,POWER UNIT,,,,,
LUCENT,495FB,POWER UNIT,,,,,
LUCENT,495KA,UNIT POWER,,,,,
LUCENT,495MA,POWER UNIT,,,,,
LUCENT,495NA,ESS #5 UNIT POWER,,,,,
LUCENT,596A,PWR UNIT,,,,,
LUCENT,650E060000,PacketStar PASX600 6 SLOT CHASSIS,,,,,
LUCENT,810-00052-28,CBX500 8 port E-3 Processor Card 128MB,,,,,
LUCENT,810-00056-02,11046A,,,,,
LUCENT,810-00090-00,CBX-500 DC Power Supply,,,,,
LUCENT,810-00111-07,ATM SWITCH PROCESSOR PORTS CD,,,,,
LUCENT,810-00111-27,11023F,,,,,
LUCENT,810-00115-21,E3 ADPT. MOD,,,,,
LUCENT,810-00148-01,CBX 500 ,,,,,
LUCENT,810-00183-45,14411B,,,,,
LUCENT,810-00183-50,11411B,,,,,
LUCENT,810-00206-28,11075L-128 OC-3x/STM1 96K FC-IOP,,,,,
LUCENT,810-00320-28,OC-3c/SSTM-196K IOP,,,,,
LUCENT,810-00353-02,11150A,,,,,
LUCENT,810-01134-04,,,,,,
LUCENT,810-01134-05,,,,,,
LUCENT,810-01138-04,,,,,,
LUCENT,810-01142-03,,,,,,
LUCENT,810-01199-00,CBX 3500,,,,,
LUCENT,810-21144-01,,,,,,
LUCENT,847950912,LCD MODULE RFQ,,,,,
LUCENT,848467718,SDR1,,,,,
LUCENT,848499752,SDN1,,,,,
LUCENT,849055454,CRPUJZEBAA,,,,,
LUCENT,AM1-X2L12-B-DC,METROPOLIS AM 1 PLUS,,,,,
LUCENT,ANN36B,5ESS DFI MICROCODE,,,,,
LUCENT,ANN7B,5ESS MICROCODE CP,,,,,
LUCENT,ANN9B,ESS#5 PACK MICROCODE CIRCUIT,,,,,
LUCENT,BJE3S1:1, ALARM DISPLAY DRIVER BOARD / PWPQASYAAA,,,,,
LUCENT,BJM1S1:1,PWPQALSAAA,,,,,
LUCENT,BKD1,5ESS NET LINK INTERFACE,,,,,
LUCENT,BKD10,PERIPHERAL LINK,,,,,
LUCENT,BNJ65B,FLEXENT ONEBTS MULTI-CARRIER Radio TRANSCEIVER,,,,,
LUCENT,DAC100,5ESS COM DATA CONTROL,,,,,
LUCENT,DAC100B,5ESS COM DATA CONTROL,,,,,
LUCENT,DAC630,5ESS E1 COM DATA & CONTROL,,,,,
LUCENT,J8G000AA-1,SHELF,,,,,
LUCENT,KBN10,5ESS I/O PROCESSOR ,,,,,
LUCENT,KBN15,3B21 DIRECT MEMORY 3B21,,,,,
LUCENT,KBN5,CR FABRIC BOARD,,,,,
LUCENT,KBN8B,5ESS BUS SERVICE NODE,,,,,
LUCENT,KFA537,CTL/3S,,,,,
LUCENT,KFA700,LOXC/1,,,,,
LUCENT,KLU1,5ESS TIME SLOT INT,,,,,
LUCENT,KLU1B,5ESS TIME SLOT INT,,,,,
LUCENT,KLW128,128 MB MAIN MEMORY,,,,,
LUCENT,KLW31,3B21 CENTRAL CONTROL 3B21,,,,,
LUCENT,KLW48,3B 48MB MAIN MEMORY,,,,,
LUCENT,KLW64,3B21 64MB MAIN MEMORY,,,,,
LUCENT,KS23884L1G,FAN CONTROLLER UNIT,,,,,
LUCENT,LBJ460,IP GE/2,,,,,
LUCENT,LGR1JN0EAB,OPTICAL TRNSL CONTROLLER,,,,,
LUCENT,LJB400,SC,,,,,
LUCENT,LJB411,PI E1/63,,,,,
LUCENT,LJB431B,SPIA IE4/4B,,,,,
LUCENT,LJB460,IP-GE2,,,,,
LUCENT,LKA481,109552943,,,,,
LUCENT,LPA930B, OPTICAL FAC INTERFACE,,,,,
LUCENT,LPU112,U-INTERFACE LINE PACK ,,,,,
LUCENT,LPZ100,AMAS POTS LINE PACK Z-32 ,,,,,
LUCENT,LPZ100B,AMAS POTS LINE PACK Z-32,,,,,
LUCENT,LPZ100C,AMAS LINE PACK POTS,,,,,
LUCENT,LUCENT,0,,,,,
LUCENT,MPA23,5ESS INTL INTERFACE UNIT,,,,,
LUCENT,NS20A140,PSAX 1250 19 FAN TRAY ,,,,,
LUCENT,NS20A140AF,PSAX 1250 19IN FAN TRAY,,,,,
LUCENT,NS20N052,STRATUM 3-4,,,,,
LUCENT,NS20N053,STRATUM 3-4 PSAX 1250 ,,,,,
LUCENT,NS20N053DC,STRATUM 34,,,,,
LUCENT,NS20N071,MULTI-SERIAL I/O MO,,,,,
LUCENT,NS20N110,Power Supply - 48VDC,,,,,
LUCENT,NS20N110BG,48VDC PS MODULE PSAX 1250,,,,,
LUCENT,NS20N110BH,PSAX 1250 48V Power Supply,,,,,
LUCENT,NS20N201,CPU2,,,,,
LUCENT,NS20N201FA,MODULE /  CPU2 PSAX,,,,,
LUCENT,NS20N220,2 PORT E3 ATM ,,,,,
LUCENT,NS20N220EB,PSAX 2 port E3 ATM NS20N220EB ,,,,,
LUCENT,NS20N220EC,PSAX 2 port E3 ATM NS20N2,,,,,
LUCENT,NS20N402,10/100 BASE T ETHERNET BRIDGE,,,,,
LUCENT,NS20N402LE,1xFE  and 4xE ports,,,,,
LUCENT,NS20N560,E1 ETH.,,,,,
LUCENT,NS20N651EB,1PORT STM-1 SINGLE-MODE FIBER MODULE WITH TRAFFIC ,,,,,
LUCENT,NS20N870,Filler Plate,,,,,
LUCENT,NS20S000DF,PSAX 1250 19IN CHASSIS,,,,,
LUCENT,NS23A630,48 port RJ Patch Panel,,,,,
LUCENT,NS23N050,STRATUM 3-4,,,,,
LUCENT,NS23N070,4 PORT QUAD SERIAL I/O ,,,,,
LUCENT,NS23N132BB,OC-3/STM-1 CES SINGLE MODULE,,,,,
LUCENT,NS23N203,CPU4,,,,,
LUCENT,NS23N203AC,CPU4 PSAX 1250 - 2300 and 4500,,,,,
LUCENT,NS23N292AC,DSP2D VOICE SERVER MODULE,,,,,
LUCENT,NS23N343AJ,PSAX - 21 port HD E1 IMA,,,,,
LUCENT,NS23N660,21 E1 HIGH DENSITY MULTISERVIC,,,,,
LUCENT,NS23N663,21 E1 HIGH DENSITY MULTISERVIC,,,,,
LUCENT,NS23N760,CH OC-3/STM-1,,,,,
LUCENT,NS24N710,2 PORT OC3/STM-1 ATM SM,,,,,
LUCENT,NS24N730BA,4 PORT OC-3c/STM-1 ATM SINGLE MODE MODULE,,,,,
LUCENT,NS45N010AA,3 PORT DS3/E3/STS-1e,,,,,
LUCENT,NS45N050BC,45N05 STRATUM 3-4 MODULE,,,,,
LUCENT,RGP100,RINGING GENERATOR,,,,,
LUCENT,RGP100B,RINGING GENERATOR,,,,,
LUCENT,RT2000HA100,PWR UNIT,,,,,
LUCENT,SN49CPTBAC,LEY7,,,,,
LUCENT,SN49CPTBAE,LEY7,,,,,
LUCENT,SN50AH0BAC,WSNB17,,,,,
LUCENT,SN50AP0BAF,WSNB08,,,,,
LUCENT,SN51J0PBAB,WSMB17 - WS OLS 400G OPTICAL TRNSL,,,,,
LUCENT,SN51J10BAA,WSMB08,,,,,
LUCENT,SN616B,5ESS POWER &MISC SERVICE,,,,,
LUCENT,SNC3SH0AAC,OLS SYS CONTROLLER UNIT,,,,,
LUCENT,SNC3TJTAAA,LUCENT LEA2 SER 2:2 SYSMEM,,,,,
LUCENT,SNC670ZEAA,FT-2000 OPTM MODULE,,,,,
LUCENT,SNC7RR3CAB,LS2000 OPTICAL AMPLIFIER,,,,,
LUCENT,SNOTADAAAC,LUCENT FT-2000 41A3C,,,,,
LUCENT,SNOTBHAAAC,41CTC,,,,,
LUCENT,SNP270VDAA,FT-2000 OC-12 OPTICAL TRNSL,,,,,
LUCENT,SNP2V0XDAD,NOKIA-LUCENT FT-2000 41BB,,,,,
LUCENT,SNP2V0XDAE,FT-2000 OPTICAL TRANSLATOR,,,,,
LUCENT,SNPQB3HAAA,FT-2000 TRIB OVHD CONTROLLER,,,,,
LUCENT,SNPQB3HAAC,LUCENT FT-2000 LEA102,,,,,
LUCENT,SNPQCDJAAA,SDU1,,,,,
LUCENT,STGR-LIM-A2P-72,72 PORT ADSL2+,,,,,
LUCENT,STM4L42+16X2,STM4 OPTICA L42 + TRIB,,,,,
LUCENT,TAP100,AMAS MTA,,,,,
LUCENT,TN1077E,5ESS DUAL LINK I/F,,,,,
LUCENT,TN1083B,5ESS MICROCODE CP,,,,,
LUCENT,TN1086B,5ESS TM SLOT &SIG PROCESSOR,,,,,
LUCENT,TN1307B,5ESS DFI H1,,,,,
LUCENT,TN1312B,5ESS DFI-HOST 30 CHANNEL,,,,,
LUCENT,TN1319B,5ESS CLOCK STRATUM 4,,,,,
Lucent,TN1371C,5号机用,,,,,
LUCENT,TN1384B,5ESS RING GENERATOR,,,,,
LUCENT,TN1400,5ESS TN1400,,,,,
LUCENT,TN1406,TN1406,,,,,
LUCENT,TN1410,5ESS DF1 R3 RACK,,,,,
LUCENT,TN1410B,5ESS DFI-3 REF CARD,,,,,
LUCENT,TN1410C,5ESS DF1-R3D RISLU2,,,,,
LUCENT,TN1411,5ESS DFI RH PACK,,,,,
LUCENT,TN1412,5ESS HI LEVEL SERVICE,,,,,
LUCENT,TN1414,DFI2-XT CKT PACK,,,,,
LUCENT,TN1422,SUB LINE UNIT,,,,,
LUCENT,TN1424,5ESS SGL BD POWER CONTROL DISPLAY ,,,,,
LUCENT,TN1510,5ESS DL LK MUX INTERFACE,,,,,
LUCENT,TN1524,5ESS FANOUT & DATA INTERFACE,,,,,
LUCENT,TN1634,5ESS CP,,,,,
LUCENT,TN1676,5ESS ACCESS NETWORK,,,,,
LUCENT,TN1681,LUCENT 5ESS QUAD LK INTFC ,,,,,
Lucent,TN1682,5号机用,,,,,
LUCENT,TN1685,5ESS 32MB MEMORY,,,,,
LUCENT,TN1806,5ESS 64MB MEMORY BOARD ,,,,,
LUCENT,TN1839,SYNC LINK PERIPH CONTROLLER,,,,,
LUCENT,TN1841,5ESS SASDSC UNIT ,,,,,
Lucent,TN1843,5号机用,,,,,
LUCENT,TN618D,5ESS CP,,,,,
LUCENT,TN74B,5ESS TTY PERIPHERAL CONTROLLER,,,,,
LUCENT,TN879B,PACK CKT,,,,,
LUCENT,TN883C,5ESS DIGITAL SERVICE CIRCUIT 2,,,,,
LUCENT,TN899B,5ESS MICROCODE FOR TTF,,,,,
LUCENT,TNT-SL-E100-V-C,MAX TNTVOICE ETHERNET CARD,,,,,
LUCENT,UM73,5ESS DATA EXPANSION,,,,,
LUCENT,UM74B, 5ESS TSI UNIT,,,,,
LUCENT,UM74D, 5ESS STRATUM,,,,,
LUCENT,UN173,5ESS STRATUM 3E CL SCE,,,,,
LUCENT,UN182,5ESS UTILITY UN,,,,,
LUCENT,UN183,5ESSTMS2 INTERFACE,,,,,
LUCENT,UN186,LUCENT 5ESS DL MSG INTFC CKT,,,,,
LUCENT,UN187,5ESS CP,,,,,
LUCENT,UN25B,PACK CKT,,,,,
LUCENT,UN310,5ESS CP,,,,,
LUCENT,UN33D,3B20 SCAN SIG CONTROL,,,,,
LUCENT,UN359,5ESS COMMON CONTROL,,,,,
LUCENT,UN361,5ESS COMMON DATA,,,,,
LUCENT,UN373B,DISK FILE CONTROL UNIT,,,,,
LUCENT,UN375E,5ESS DISK DRIVE,,,,,
LUCENT,UN375F,5ESS/3B21D DISK DRIVE,,,,,
LUCENT,UN375G,5ESS DISK DRIVE,,,,,
LUCENT,UN376E,5ESS DISK DRIVE,,,,,
LUCENT,UN376F,5ESS DISK DRIVE,,,,,
LUCENT,UN377,PORT SWITCH SCANNER,,,,,
LUCENT,UN392,5ESS COMMON CONTROLLER INTERFACE,,,,,
LUCENT,UN395B,Lucent 5ESS UN395B 1:1,,,,,
LUCENT,UN396,PACKET FANOUT 2,,,,,
LUCENT,UN399,5ESSDA FOT MULT PDIB,,,,,
LUCENT,UN500,Pack CKT,,,,,
LUCENT,UN516B,5ESS CORE SUPPORT 2,,,,,
LUCENT,UN517B,5ESS CORE SUPPORT 2,,,,,
LUCENT,UN518,5ESS APPLICATION 1,,,,,
LUCENT,UN538,5ESS MESSAGE HANDLER ,,,,,
LUCENT,UN539,5ESS APPLICATION CONTR,,,,,
LUCENT,UN539B,5ESS APPLICATION CONTR,,,,,
LUCENT,UN540,E5PQAPHAAA   E5PQAJZAAA  E5PQAPGAAB,,,,,
LUCENT,UN540B,5ESS MICPRCR CORE 40,,,,,
LUCENT,UN553,DATA EXPANSION,,,,,
LUCENT,UN555,5ESS APP PROCR CONT,,,,,
LUCENT,UN588,5ESS CORE 60MM-128MB ,,,,,
LUCENT,UN71B,LUCENT CIRCUIT BOARD,,,,,
LUCENT,UN71C,CONTROL INTERFACE 2,,,,,
LUCENT,UN933,3B21 SCAN SIG DISTR ,,,,,
LUCENT,WM3WH0HBAD,LUCENT 1694 OPTICAL TRANSLATOR,,,,,
LUCENT,WM3WHA0BAC,LUCENT 1694 OPTICAL TRANSLATOR,,,,,
LUCENT,WM3WHF0BAD,LUCENT OPTICAL TRANSLATOR,,,,,
LUCENT,WM3WHM0BAC,LUCENT OPTICAL TRANSLATOR,,,,,
LUCENT,WMW2T0SBAA,WS2A16 ,,,,,
LUCENT,WMW6Z0VAAA,WSPG39B,,,,,
LUCENT,WSA002,0,,,,,
LUCENT,WSA013,0,,,,,
LUCENT,WSA302,WS OLS 400G ADD/DROP,,,,,
LUCENT,WSB001,0,,,,,
LUCENT,WSDCM80-SE-106,8.6 DB IL AT 1545NM,,,,,
LUCENT,WSNB10,OLS 400G OPT TRNSL,,,,,
LUCENT,WSNB18,OLS 400G OPT TRNSL,,,,,
LUCENT,WSPG13B,OPTICAL TRANSLATOR UNIT,,,,,
LUCENT,WSRG05B,0,,,,,
LUCENT,WSRG06B,0,,,,,
MARCONI,02HAT00029AEV,GMU8 BLUE2,,,,,
MARCONI,02HAT00033AAD,OLU-8C,,,,,
MARCONI,02HAT00056AAQ,63 x 2M TRIB,,,,,
MARCONI,02HAT00072CAF,SWITCH FABRIC 160G,,,,,
MARCONI,02HAT00100AAH,FAN UNIT,,,,,
MARCONI,02HAT00101AAK,BATTERY INTERFACE,,,,,
MARCONI,02HAT00105BAQ,10x1GE/FE,,,,,
MARCONI,02HAT00111AAA,MXPDR PRNT UN,,,,,
MARCONI,02HAT00114AAG,8xGbE 80Ch MUXP RZ,,,,,
MARCONI,02HAT00115AAJ,DSA 22/20,,,,,
MARCONI,02HAT00118AAQ,AUX-PSU LTU,,,,,
MARCONI,02HAT00127AAD,MULTIHAUL 3000 10GB TRANSPONDER PRNT UN,,,,,
MARCONI,02HAT00129BAE,LINE 10G,,,,,
MARCONI,02HAT00139BAU,10x1GE LTU,,,,,
MARCONI,02HAT00143AAA,4xSTM16 EoSDH,,,,,
MARCONI,02HAT00146AAG,SU69CA - 10GBASE LR/LW,,,,,
MARCONI,02HAT00152AAN,MULTIHAUL 3000 SGL STG AMPLR CH 22/18,,,,,
MARCONI,02HAT00173AAV,4x2.5Gb 1Ch MUXP NRZ,,,,,
MARCONI,02HAT00195AAF,2x10GE,,,,,
MARCONI,02HAT00213AAL,20x1GE/FE,,,,,
MARCONI,02HAT00252AAU,POTS 1-64 TAM-COMBI,,,,,
MARCONI,02HEA00007AAX,FAN TRAY-HP,,,,,
MARCONI,02HEA00012AAC,MARCONI OMS 2450,,,,,
MARCONI,02MBB00001ACY,SU68AC,,,,,
MARCONI,03HAG00001AAX,MARCONI OMS 1260,,,,,
MARCONI,03HAM00005AAR,2M LTU (32 Ports) ,,,,,
MARCONI,03HAM00006AAT,LTU 8xSTM1,,,,,
MARCONI,03HAM00008AAX,PWR/LCT LTU,,,,,
MARCONI,03HAM00012AAA,10M/100M ETH SFP LTU - TYPE 2,,,,,
MARCONI,03HAN00009AAM,OMS1664 FAN TRAY,,,,,
MARCONI,03HAT00010AAS,P/SPAN ETA-100,,,,,
MARCONI,03HAT00015AAD,STM-4,,,,,
MARCONI,03HAT00020AAH,STM64,,,,,
MARCONI,03HAT00021ABC,STM-16,,,,,
MARCONI,03HAT00023AAP,AUX/EOW CARD,,,,,
MARCONI,03HAT00029AAC,2M PDH,,,,,
MARCONI,03HAT00029ABU,2M PDH,,,,,
MARCONI,03HAT00030AAX,MLT RATE STM-1/STM-4,,,,,
MARCONI,03HAT00030ABQ,1600 STM4 2P OR STM1 8P NO SFP,€0.0,$0.00,,,
MARCONI,03HAT00032AAC,SWITCH-384,,,,,
MARCONI,03HAT00032ABU,SWITCH-384,,,,,
MARCONI,03HAT00035AAJ,STM-16 OPT INTFC,,,,,
MARCONI,03HAT00039AAS,100M/1000M ETH,,,,,
MARCONI,03HAT00043AAU,STM-1/4 MULTIRATE TRIB ,,,,,
MARCONI,03HAT00047AAD,OPTICAL AMPLIFIER TYPE 3,,,,,
MARCONI,03HAT00054ABE,OMS1600 FE&GE 8+16 CARD,,,,,
MARCONI,03HAT00055AAP,STM-1/4/16,,,,,
MARCONI,03HAT00066AAG,2G5 MXP-A,,,,,
MARCONI,03HAT00067ABB,WSU4-80,,,,,
MARCONI,03HAT00073AAQ,SWITCH-128,,,,,
MARCONI,03HAT00115ACU,CADU 9-80,,,,,
MARCONI,05HAA00096AA,ODU 28A-TS-UBT1,,,,,
MARCONI,05HAN00133ABV,IDU 155-128 LS,,,,,
MARCONI,05HAT00021ACW,ELS-1000S PACKETSPAN,,,,,
MARCONI,05HAT00022AAP,GBE LAN SWITCH,,,,,
MARCONI,10005950-0,BAMS'1000782224,,,,,
MARCONI,130-3218/01,RS232,,,,,
MARCONI,130-3453/01,,,,,,
MARCONI,130-3453/02,,,,,,
MARCONI,130-3492/03,SUB-UNIT TYPE 2S,,,,,
MARCONI,130-3492/13,COMMON PARTS UNIT,,,,,
MARCONI,130-3492/14,Common Part Unit,,,,,
MARCONI,130-3493/01,155 OPTICAL S-1.1 SC/PC,,,,,
MARCONI,130-3494/02,L-1.1 OPTICAL LINE,,,,,
MARCONI,130-3495/01,155 OPTICAL L-1.2/3 SC BOARD,,,,,
MARCONI,130-3496/01,0,,,,,
MARCONI,130-3496/05,ELECTRICAL TRIBUTARY 32X2 MB/S 75 OHM,,,,,
MARCONI,130-3496/06,16 x 2 MB/S TRIB MODUL FOR 11c,,,,,
MARCONI,130-3505/02,End Of Shelf Sub-Unit,,,,,
MARCONI,130-3545/01,MSH11CP TRIB 1X34+8X2 MBS BOARD ,,,,,
MARCONI,130-3545/02,130-3545/02,,,,,
MARCONI,130-3545/12,130-3545/12,,,,,
MARCONI,130-3558/02,155 ELEC G.703 BOARD ,,,,,
MARCONI,130-3714/01,,,,,,
MARCONI,130-3871/01,STM-1 OPTICAL LINE MODULE,,,,,
MARCONI,130-3871/03,S-1.1 (FC) OPTICAL LINE MODULE,,,,,
MARCONI,130-3871/21,STM-1 130-3871/21,,,,,
MARCONI,130-3871/22, L-1.2 SC T3,,,,,
MARCONI,130-3871/23,STM-1 S-1.1,,,,,
MARCONI,130-3888/02,0,,,,,
MARCONI,130-4079/01,STM64/OC192,,,,,
MARCONI,130-4079/02,STM64/OC192,,,,,
MARCONI,130-4088/03,ADSL POTS SPLITTER,,,,,
MARCONI,130-4228/01,0,,,,,
MARCONI,130-4229/01,1000M ETH - 151-2933/01,,,,,
MARCONI,131-1568/02,0,,,,,
MARCONI,131-6829/01,N3 ALARM,,,,,
MARCONI,131-6829/02,FRAME ALARM TIPO B UN,,,,,
MARCONI,131-6916/01,0,,,,,
MARCONI,131-7230/03,0,,,,,
MARCONI,131-7283/01,MSH80 FIRST STAGE UNIT,,,,,
MARCONI,131-7284/01,0,,,,,
MARCONI,131-7285/01,MSH80 THIRD STAGE UNIT,,,,,
MARCONI,131-7286/01,SW. MATRIX 4/1,,,,,
MARCONI,131-7286/02,TYPE 2 SW MATRIX TIMING DISTRI,,,,,
MARCONI,131-7287/01,CONTROL MATRIX UNIT,,,,,
MARCONI,131-7302/01,MSH84 TRIB-MATRIX INTERFACE,,,,,
MARCONI,131-7306/02,MATRIX INTERFACE UNIT,,,,,
MARCONI,131-7307/01,2 Mb/s,,,,,
MARCONI,131-7404/03,0,,,,,
MARCONI,131-7405/02,0,,,,,
MARCONI,131-7405/03,0,,,,,
MARCONI,131-7406/01,0,,,,,
MARCONI,131-7407/01,0,,,,,
MARCONI,131-7407/03,0,,,,,
MARCONI,131-7408/01,TIMING DISTRIBUTOR,,,,,
MARCONI,131-7408/02,0,,,,,
MARCONI,131-7409/02,SERIAL I/O UNIT,,,,,
MARCONI,131-7410/02,0,,,,,
MARCONI,131-7411/03,Power Supply UNIT,,,,,
MARCONI,131-7510/02,IDENTIFICATION UNIT T2/T5,,,,,
MARCONI,131-7591/03,CONTROLLER/DCC T2/T5/B,,,,,
MARCONI,131-7651/01,0,,,,,
MARCONI,131-7652/01,0,,,,,
MARCONI,131-7653/01,I/F FOR TIMING OSCILLATOR,,,,,
MARCONI,131-7656/02,0,,,,,
MARCONI,131-7683/02,3 X 45 MB/S,,,,,
MARCONI,131-8444/01,0,,,,,
MARCONI,131-8462/01,0,,,,,
MARCONI,131-8463/01,0,,,,,
MARCONI,131-8489/01,0,,,,,
MARCONI,131-8679/02,Communication Control Unit ,,,,,
MARCONI,131-8679/12,Communication Control Unit,,,,,
MARCONI,131-8679/13,COMM/CONTROL UNIT,,,,,
MARCONI,131-8681/02,STM-4,,,,,
MARCONI,131-8681/09,STM-4 S-4.1,,,,,
MARCONI,131-8681/29,0,,,,,
MARCONI,131-8681/72,L-4.2 OPTICA,,,,,
MARCONI,131-8681/81,0,,,,,
MARCONI,131-8681/83,STM-4 - S4.1,,,,,
MARCONI,131-8682/23,0,,,,,
MARCONI,131-8683/04,,,,,,
MARCONI,131-8684/01,63X1.5/2MB/S G.703,,,,,
MARCONI,131-8685/01,3X34 MB/S G.703 UNIT        ,,,,,
MARCONI,131-8689/12,SWITCH UNIT (TYPE B)          ,,,,,
MARCONI,131-8690/01,MSH11C AUXILIARY UNIT,,,,,
MARCONI,131-8748/01,0,,,,,
MARCONI,131-8749/01,0,,,,,
MARCONI,131-8760/02,End of Shelf Unit,,,,,
MARCONI,131-8760/12,End of Shelf,,,,,
MARCONI,131-8761/01,Alarm Access Card,,,,,
MARCONI,131-8763/01,Alarm Access Card,,,,,
MARCONI,131-8765/01,0,,,,,
MARCONI,131-8766/01,LCT INTERFACE,,,,,
MARCONI,131-8769/02,SYNC ACCESS CARD 75 OHM,,,,,
MARCONI,131-8770/01,Power Access Card,,,,,
MARCONI,131-8771/01,16x2MB,,,,,
MARCONI,131-8772/01,16X2MB,,,,,
MARCONI,131-8773/01,I/F MOD. RX 16X2MB 120 OHM BAL,,,,,
MARCONI,131-8773/02,2Mbit LTU balanced 120 Ohm,,,,,
MARCONI,131-8774/01,I/F MOD. TX 16X2MB 120 OHM BAL,,,,,
MARCONI,131-8775/01,4 X 34/45 MBIT/S CONNECTION UNIT,,,,,
MARCONI,131-8777/01,131-8777/01,,,,,
MARCONI,131-8777/02,131-8777/02,,,,,
MARCONI,131-8778/01,131-8778/01,,,,,
MARCONI,131-8802/01,AUX 64 KB/S CARD,,,,,
MARCONI,131-8822/02,SWITCH UNIT TYPE B,,,,,
MARCONI,131-8828/01,STM-16 L-16.2,,,,,
MARCONI,131-8828/02,STM-16 S-16.1 OPTICAL,,,,,
MARCONI,131-8828/04,STM-16 L-16.1,,,,,
MARCONI,131-8828/22,STM-16 S-16.1 SC/PC,,,,,
MARCONI,131-8924/01,COMMUNICATION UNIT,,,,,
MARCONI,131-8928/01,Connexion Area 32x2 AXD 155,,,,,
MARCONI,131-8930/01,I/F MOD. FOR 32 X 1.5/2MB/S,,,,,
MARCONI,131-8931/05,I/F MOD.S TYPE 2,,,,,
MARCONI,131-8931/21,I/F MOD S TYPE 2 120 OHM,,,,,
MARCONI,131-8932/01,VB PORT CARD,,,,,
MARCONI,131-8954/01,0,,,,,
MARCONI,131-8974/01,32 X 2/1.5,,,,,
MARCONI,131-8977/01,63X1.5/2MB/S G.703,,,,,
MARCONI,131-8978/01,PLUG IN UNIT 140-155Mb/s,,,,,
MARCONI,131-8978/51,0,,,,,
MARCONI,131-8979/51,0,,,,,
MARCONI,131-9001/01,131-9001/01 ,,,,,
MARCONI,131-9044/01,0,,,,,
MARCONI,131-9067/01, 4X140/155 MBIT/S CONNECTION UNIT,,,,,
MARCONI,131-9067/02,0,,,,,
MARCONI,131-9068/01,ACCESS CARD 4X64KB/S + 2X NX64,,,,,
MARCONI,131-9068/51,0,,,,,
MARCONI,131-9069/01,I/F MOD SYNCH 75ohm,,,,,
MARCONI,131-9069/02,,,,,,
MARCONI,131-9069/51,0,,,,,
MARCONI,131-9070/01,0,,,,,
MARCONI,131-9070/52,0,,,,,
MARCONI,131-9071/01,INTERFACE + ALARM CONNECTION,,,,,
MARCONI,131-9071/51,0,,,,,
MARCONI,131-9072/04,Power Supply + Q 10BASE T CONNECTION,,,,,
MARCONI,131-9072/51,0,,,,,
MARCONI,131-9114/03,STM-1 S-1.1 FC/PC,,,,,
MARCONI,131-9114/21,0,,,,,
MARCONI,131-9114/23,0,,,,,
MARCONI,131-9117/02,0,,,,,
MARCONI,131-9117/04,BOOSTER (+16DBM) (FC),,,,,
MARCONI,131-9122/02,4x STM-1 ELEC,,,,,
MARCONI,131-9124/01,16 X 2/1.5 MBIT/S,,,,,
MARCONI,131-9124/21,0,,,,,
MARCONI,131-9141,,,,,,
MARCONI,131-9167/02,0,,,,,
MARCONI,131-9251/01,3X45 MB/S G.703 UNIT        ,,,,,
MARCONI,131-9339/01,0,,,,,
MARCONI,131-9340/01,I/F UNIT T3/T6/T7,,,,,
MARCONI,131-9340/02,0,,,,,
MARCONI,131-9341/01,MATRIX INTERFACE UNIT T6/T7 SL,,,,,
MARCONI,131-9341/02,INTERFACE UNIT T3/T6/T7B SLAVE,,,,,
MARCONI,131-9344/01,IDENTIFICATION UNIT T3/T6/T7,,,,,
MARCONI,131-9345/01,0,,,,,
MARCONI,131-9345/02,I/F MOD. FOR MATRIX,,,,,
MARCONI,131-9346/01,0,,,,,
MARCONI,131-9347/01,0,,,,,
MARCONI,131-9349/01,I/F MOD. FOR POWER,,,,,
MARCONI,131-9349/02,I/F MOD.FOR Power Supply,,,,,
MARCONI,131-9371/01,0,,,,,
MARCONI,131-9426/01,2xL-1.1 OPT/MUW UNIT ,,,,,
MARCONI,131-9426/03,STM1,,,,,
MARCONI,131-9426/23,TRIB 155 S-1.1 SC/PC,,,,,
MARCONI,131-9468/01,0,,,,,
MARCONI,131-9469/01,0,,,,,
MARCONI,131-9469/02,0,,,,,
MARCONI,131-9470/01,0,,,,,
MARCONI,131-9470/02,0,,,,,
MARCONI,131-9474/01,0,,,,,
MARCONI,131-9475/03,0,,,,,
MARCONI,131-9475/22,,,,,,
MARCONI,131-9547/01,4 X STM-1 ELECTRICAL,,,,,
MARCONI,131-9547/02,0,,,,,
MARCONI,131-9548/05,COVER,,,,,
MARCONI,131-9554/01,0,,,,,
MARCONI,131-9555/01,UD. DISPERSION COMPENSATION,,,,,
MARCONI,131-9555/21,MSH64 PDC 680PS/NM UNIT ,,,,,
MARCONI,131-9593/01,SWITCHING MATRIX,,,,,
MARCONI,131-9652/23,0,,,,,
MARCONI,131-9679/01,SWITCH CONTROLLER UNIT MSH86 /,,,,,
MARCONI,131-9695/01,MAS MSH,,,,,
MARCONI,131-9696/01,SWITCHING MATRIX 4/1 (2ND STAGE),,,,,
MARCONI,131-9700/01,I/F MOD. FOR SW.,,,,,
MARCONI,131-9705/22,0,,,,,
MARCONI,131-9718/01,Power Supply,,,,,
MARCONI,131-9727/01,Part of 133-1474/01,,,,,
MARCONI,131-9734/01,part of 133-1474/01,,,,,
MARCONI,131-9734/02,part of 133-1474/01,,,,,
MARCONI,131-9734/03,131-9734/03,,,,,
MARCONI,131-9734/51,131-9734/51,,,,,
MARCONI,131-9753/01,MATRIX INTERFACE MODULE T2-T5 ,,,,,
MARCONI,131-9813/01,131-9813/01,,,,,
MARCONI,131-9849/09,STM-4 S-4.1 OPTICAL/MUX UNIT,,,,,
MARCONI,131-9849/29,S-4.1 OPTICAL MUX UNIT,,,,,
MARCONI,133-1261/01,0,,,,,
MARCONI,133-1261/02,0,,,,,
MARCONI,133-1287/01,0,,,,,
MARCONI,133-1361/02,Wired Subrack,,,,,
MARCONI,133-1378/01,WIRED SUBRACK,,,,,
MARCONI,133-1394/02,WIRED SUBRACK,,,,,
MARCONI,133-1407/03,0,,,,,
MARCONI,133-1431/01,WIRED SUBRACK TYPE,,,,,
MARCONI,133-1444,0,,,,,
MARCONI,133-1445/01,0,,,,,
MARCONI,133-1474/01,MSH11CP,,,,,
MARCONI,133-1500/01, MSH86 SHELF TYPE 3,,,,,
MARCONI,133-1511/02,0,,,,,
MARCONI,133-1515/01,WIRED TYPE 6E SUBRACK,,,,,
MARCONI,133-1516/01,MSH86 SHELF TYPE 7E,,,,,
MARCONI,133-1533/01,MSH64C ETSI WIRED SUBRACK,,,,,
MARCONI,133-1558/01,0,,,,,
MARCONI,133-1568/02,0,,,,,
MARCONI,133-1577/01,0,,,,,
MARCONI,134-1866/01,0,,,,,
MARCONI,1400406-0043SU57AA,0,,,,,
MARCONI,1400421-0010(SU57AD),0,,,,,
MARCONI,1400422-0019RDH10244/2(SU57AE),0,,,,,
MARCONI,1400422-0027SU57AF,0,,,,,
MARCONI,1400586-0011(SU68AB),0,,,,,
MARCONI,1400586-0029,SU68AA STM16 L16,,,,,
MARCONI,1400586-0029(SU68AA),0,,,,,
MARCONI,1400586-0037(SU68AC),0,,,,,
MARCONI,1400729-0027(SU66AA),0,,,,,
MARCONI,1400744-0010SU67AA,0,,,,,
MARCONI,1400744-0051,SU66AB STM1 L1.1,,,,,
MARCONI,1400744-0051SU66AB,0,,,,,
MARCONI,1400800-0011SU56AA,0,,,,,
MARCONI,1400803-0059(SU69CC),0,,,,,
MARCONI,1400803-0067(SU69CA)J8900-NB011-0E01,0,,,,,
MARCONI,1400803-0067SU69CA,0,,,,,
MARCONI,1400803-0091SU69CJ,0,,,,,
MARCONI,1400803-0109SU69CE,0,,,,,
MARCONI,1400803-0117FTRX-1611-3-M3SU69CF,0,,,,,
MARCONI,1400803-0158SU69DC,0,,,,,
MARCONI,1400803-0208SU69DH,0,,,,,
MARCONI,1400803-0315SU69DS,0,,,,,
MARCONI,1400803-0323SU69DT,0,,,,,
MARCONI,1400803-0398SU69EA,0,,,,,
MARCONI,1400803-0406SU69EB,0,,,,,
MARCONI,1400803-0414SU69EC,0,,,,,
MARCONI,1400803-0430SU69EE,0,,,,,
MARCONI,1400805-0016,0,,,,,
MARCONI,1400805-0065,0,,,,,
MARCONI,1400805-0073,0,,,,,
MARCONI,1400805-0081,0,,,,,
MARCONI,1400805-0099,0,,,,,
MARCONI,1400805-0107,ESPL-MAR-KIT,,,,,
MARCONI,1400805-0115,0,,,,,
MARCONI,1400805-0123,0,,,,,
MARCONI,1400805-0131,ESPL-MAR-KIT,,,,,
MARCONI,1400805-0149,ESPL-MAR-KIT,,,,,
MARCONI,1400809-0012,0,,,,,
MARCONI,1400811-0018SU58BA,0,,,,,
MARCONI,1400822-0015SU68CA,0,,,,,
MARCONI,1400824-0013SU68CC,0,,,,,
MARCONI,1400825-0012SU68CD,0,,,,,
MARCONI,1400826-0011SU68CE,0,,,,,
MARCONI,1400827-0010SU68CF,0,,,,,
MARCONI,1400829-0018SU68CH,0,,,,,
MARCONI,1400830-0015SU68CN,0,,,,,
MARCONI,1400831-0014SU68CO,0,,,,,
MARCONI,1400832-0013SU68CP,0,,,,,
MARCONI,1400833-0012SU68CQ,0,,,,,
MARCONI,1400834-0011SU68CR,0,,,,,
MARCONI,1400835-0010SU68CS,0,,,,,
MARCONI,1400840-0013,0,,,,,
MARCONI,1400867-0011,DOUBLE 1:2 SPLITTER BOX,,,,,
MARCONI,1400874-0038,0,,,,,
MARCONI,1400875-0011,0,,,,,
MARCONI,1400875-0037,0,,,,,
MARCONI,1400876-0051,Pass Add/Drop Opti R1RR LGX,,,,,
MARCONI,1400876-0168,2-CHAN OADM,,,,,
MARCONI,1400877-0035,0,,,,,
MARCONI,1400878-0018,0,,,,,
MARCONI,1400878-0042,0,,,,,
MARCONI,1400878-0075,0,,,,,
MARCONI,1400878-0091,0,,,,,
MARCONI,1400881-0021,0,,,,,
MARCONI,1400882-0012,0,,,,,
MARCONI,1400883-0011(SU68HA),0,,,,,
MARCONI,1400883-0086,DWDM SFP HP 192.8THZ 1554.94NM_MARCONI OMS 1410 R3.0,,,,,
MARCONI,1400883-0193,0,,,,,
MARCONI,1400883-0243,/CN,,,,,
MARCONI,1400883-0243(SU68HX),0,,,,,
MARCONI,1400883-0250,DWDM SFP HP 194.5THZ 1541.35NM,,,,,
MARCONI,1400883-0276,SU68JA,,,,,
MARCONI,1400883-0284,SU68JB,,,,,
MARCONI,1400883-0300,DWDM SFP HP 195.0THZ 1537.40NM,,,,,
MARCONI,1400883-0359(SU68JI),0,,,,,
MARCONI,1400883-0409(SU68JN),0,,,,,
MARCONI,1400889-0015,0,,,,,
MARCONI,1400889-0049,0,,,,,
MARCONI,1400889-0064,0,,,,,
MARCONI,151-2120/01,2 X 140 / STM-1,,,,,
MARCONI,151-2121/01,2X L1.1 OPTICAL/MUX UNIT,,,,,
MARCONI,151-2121/02,0,,,,,
MARCONI,151-2121/03,2 X S1.1 OPT/MUX,,,,,
MARCONI,151-2121/23,2X S1.1 OPTICAL/MUX UNIT,,,,,
MARCONI,151-2130/21,0,,,,,
MARCONI,151-2204/22,,,,,,
MARCONI,151-2209/01,0,,,,,
MARCONI,151-2210/01,0,,,,,
MARCONI,151-2217/01,0,,,,,
MARCONI,151-2244/01,0,,,,,
MARCONI,151-2247/01,0,,,,,
MARCONI,151-2269/01,8XSTM-1 OPT SH,,,,,
MARCONI,151-2269/02,8XSTM-1 OPT LH,,,,,
MARCONI,151-2272/01,2xSTM-4,,,,,
MARCONI,151-2278/04,0,,,,,
MARCONI,151-2285/01,0,,,,,
MARCONI,151-2295/02,0,,,,,
MARCONI,151-2302/02,0,,,,,
MARCONI,151-2302/03,4 x S-1.1 OPTICAL/MUX UNIT (FC-2),,,,,
MARCONI,151-2302/23,MSH64 4XSTM-1 S-1.1 SC/PC,,,,,
MARCONI,151-2316/21,NULL MUX,,,,,
MARCONI,151-2316/22,NULL DEMUX,,,,,
MARCONI,151-2319/21,COA 4XOADM,,,,,
MARCONI,151-2364/04,0,,,,,
MARCONI,151-2365/01,0,,,,,
MARCONI,151-2368/02,,,,,,
MARCONI,151-2370/01,POWER UNIT,,,,,
MARCONI,151-2391/21,,,,,,
MARCONI,151-2414/01,FAN,,,,,
MARCONI,151-2431/03,SHDSLX32 NTR,,,,,
MARCONI,151-2432/01,0,,,,,
MARCONI,151-2483/01,MCF-SEMF,,,,,
MARCONI,151-2490/01,0,,,,,
MARCONI,151-2500/21,0,,,,,
MARCONI,151-2551/01,ALARM-SYNC LTU,,,,,
MARCONI,151-2553/21,STM64/OC192,,,,,
MARCONI,151-2554/24,0,,,,,
MARCONI,151-2567/01,AUX-PSU LTU,,,,,
MARCONI,151-2569/01,MNGM LTU,,,,,
MARCONI,151-2570/01,ALARM,,,,,
MARCONI,151-2587/01,ADSLX32 POTS,,,,,
MARCONI,151-2587/03,0,,,,,
MARCONI,151-2593/01,0,,,,,
MARCONI,151-2596/01,0,,,,,
MARCONI,151-2608/01,0,,,,,
MARCONI,151-2608/04,16XE1 IMA,,,,,
MARCONI,151-2612/01,2XSTM-1 S-1.1,,,,,
MARCONI,151-2618/01,FAN,,,,,
MARCONI,151-2620/01,0,,,,,
MARCONI,151-2622/01,ADSL POTS SPLITTER,,,,,
MARCONI,151-2622/07,0,,,,,
MARCONI,151-2622/08,ADSL POTS SPLITTER,,,,,
MARCONI,151-2622/28,ADSL POTS SPILTTER,,,,,
MARCONI,151-2654/01,0,,,,,
MARCONI,151-2675/01,BATTERY INTERFACE,,,,,
MARCONI,151-2740/01,OPT. AMPL.,,,,,
MARCONI,151-2741/04,PREAMP MODULE SC,,,,,
MARCONI,151-2807/01,SFP - HFBR 5710L 850mm,,,,,
MARCONI,151-2828/01,16XE1  CES,,,,,
MARCONI,151-2847/01,0,,,,,
MARCONI,151-2885/01,0,,,,,
MARCONI,151-2897/01,COMBO ADSL - POTS,,,,,
MARCONI,151-2924/52.03,POTSx60,,,,,
MARCONI,151-2924/53,,,,,,
MARCONI,151-2926/01,0,,,,,
MARCONI,151-2927/01,16XE1 V5.2,,,,,
MARCONI,151-2927/03,16XE1,,,,,
MARCONI,151-2931/01,10M/100M ETH LTU,,,,,
MARCONI,151-2932/01,10M/100 ETH TRIB,,,,,
MARCONI,151-2933/01,1000M ETHERNET (2P) CARD 1-34,,,,,
MARCONI,151-2934/04,ISDNX30 2B1Q,,,,,
MARCONI,151-2934/51,30xISDN 2B1Q +VOIP UNIT,,,,,
MARCONI,151-2938/70,0,,,,,
MARCONI,151-2939/01,151-2939/01,,,,,
MARCONI,151-2939/03,,,,,,
MARCONI,151-2940/01,16XE1,,,,,
MARCONI,151-2942/02CF256MB,0,,,,,
MARCONI,151-2942/03CF1GB,0,,,,,
MARCONI,151-2957/22,0,,,,,
MARCONI,151-2975/53,POWER,,,,,
MARCONI,151-2976/01,151-2976/01,,,,,
MARCONI,151-2984/01,FAN TRAY,,,,,
MARCONI,151-3075/01,100 M ETHERNET 8+2 SFP BASE CA,,,,,
MARCONI,151-3075/02,8X FASTE,,,,,
MARCONI,151-3083/21,0,,,,,
MARCONI,151-3085/22,0,,,,,
MARCONI,151-3085/23,0,,,,,
MARCONI,151-3088/03,ADSL_IX48,,,,,
MARCONI,151-3104/01,100M ETH LTU,,,,,
MARCONI,151-3105/01,0,,,,,
MARCONI,151-3109/01,CP-2XE3/DS3,,,,,
MARCONI,151-3112/02,0,,,,,
MARCONI,151-3115/01,STM-4 BASE UNIT,,,,,
MARCONI,151-3125/01,MSH51C STM-16 BASE UNI,,,,,
MARCONI,151-3134/11,0,,,,,
MARCONI,151-3135/04,,,,,,
MARCONI,151-3138/01,5G VC12 SWITCH,,,,,
MARCONI,151-3175/01,0,,,,,
MARCONI,151-3195/01,16 X STM16,,,,,
MARCONI,151-3196/01,4xSTM64,,,,,
MARCONI,151-3201/01,0,,,,,
MARCONI,151-3203/01,0,,,,,
MARCONI,151-3210/03,COMBI,,,,,
MARCONI,151019301,0,,,,,
MARCONI,16217D61MAR,FWDM,,,,,
MARCONI,1700743-0014SU57AG,0,,,,,
MARCONI,1HAG60000DAB,,,,,,
MARCONI,1HAG60527AEJ,,,,,,
MARCONI,1HAG60532BCA,MARCONI SUBRACK,,,,,
MARCONI,1HAG60534AAX,SMA-1C SUBRACK,,,,,
MARCONI,1HAG60551AAW,CORE SMA-16 SUBRACK CORE,,,,,
MARCONI,1HAG60557AAK,MARCONI SUBRACK,,,,,
MARCONI,1HAG60558AAM,SMA-4 SERIES 3.1,,,,,
MARCONI,1HAG60627AAV,SMA1/4 UC SUBRACK CHASSIS,,,,,
MARCONI,1HAG60631AAX, COMPACT SHELF DUAL FABRIC,,,,,
MARCONI,1HAG60632AAA, COMPACT SUBRACK DL FAB ,,,,,
MARCONI,1HAG60633AAA,0,,,,,
MARCONI,1HAG60633AAC,1664 STANDARD SHELF,,,,,
MARCONI,1HAK60550ACQ,PSU,,,,,
MARCONI,1HAK60550AEA,Power Supply,,,,,
MARCONI,1HAK60550BAC,PSU SMA4 SINGLE POWER,,,,,
MARCONI,1HAK60573BBG,STM-16 TX OPT,,,,,
MARCONI,1HAK60573CBD,STM-16.1 1310NM,,,,,
MARCONI,1HAK60574ABM,STM-16 S/L-16.1 FC/PC,,,,,
MARCONI,1HAK60582AAF,STM-4 OPTICAL CARD 1300NM,,,,,
MARCONI,1HAK60582ABX,0,,,,,
MARCONI,1HAK60582CAY,STM4 OPT,,,,,
MARCONI,1HAK60596ABW,STM-16.1 RX 1310NM,,,,,
MARCONI,1HAK60596ACP,STM-16.1 RX 1550NM,,,,,
MARCONI,1HAK60596AJT,STM16,,,,,
MARCONI,1HAK60637AAW,LINK,,,,,
MARCONI,1HAK60648AAP,NEXUS,,,,,
MARCONI,1HAK60669AAW,PSU,,,,,
MARCONI,1HAK60701ABM,STM16,,,,,
MARCONI,1HAK60701AHR,STM-16 TX OPT,,,,,
MARCONI,1HAK60702AAW,STM-16 RX OPT L16.1,,,,,
MARCONI,1HAK60702ABP,STM16,,,,,
MARCONI,1HAK60702ACG,STM-16 RX OPT S16.1,,,,,
MARCONI,1HAL60516AAU,DCM,,,,,
MARCONI,1HAM60544AES,LTU34,,,,,
MARCONI,1HAM60544AFK,1 PORT 45MB LTU,,,,,
MARCONI,1HAM60577EAM,BLTU2,,,,,
MARCONI,1HAM60580BAW,BW7R-ALTU,,,,,
MARCONI,1HAM60605AAV,BLTU2,,,,,
MARCONI,1HAM60619AAU,PLTU,,,,,
MARCONI,1HAM60625ABT,ULTU2,,,,,
MARCONI,1HAM60630AAF,,,,,,
MARCONI,1HAM60658AAD,POWER LTU,,,,,
MARCONI,1HAM60659AAF,1 PORT 34MB UNBALANCED,,,,,
MARCONI,1HAM60661BAA,LTU140/155,,,,,
MARCONI,1HAM60672AAV,POWER LTU,,,,,
MARCONI,1HAM60698AAP,VCTS OPT LTU,,,,,
MARCONI,1HAM60722AAB,BW7R-A/TLTU,,,,,
MARCONI,1HAM60775AAJ,POWER,,,,,
MARCONI,1HAM60778AAQ,,,,,,
MARCONI,1HAM60778ABH,POWER,,,,,
MARCONI,1HAM60779ABK,POWER,,,,,
MARCONI,1HAM60780AAN,BW7R-ALM,,,,,
MARCONI,1HAM60782AAS,USER ALMS,,,,,
MARCONI,1HAM60783AAU,LCT,,,,,
MARCONI,1HAM60784AAW,BAL SYNC,,,,,
MARCONI,1HAM60785AAY,UNBAL SYNC,,,,,
MARCONI,1HAM60786AAB,AUX (GENERIC),,,,,
MARCONI,1HAM60789AAH,AUI,,,,,
MARCONI,1HAM60796AAR,LTU34,,,,,
MARCONI,1HAM60797AAT,1 PORT 45MB LTU,,,,,
MARCONI,1HAM60798ABN,LTU140/155,,,,,
MARCONI,1HAM60798ACF,LTU140/155,,,,,
MARCONI,1HAM60833AAA,ULTU2,,,,,
MARCONI,1HAM60834AAC,2M BAL,,,,,
MARCONI,1HAM60839AAN,140/155LINK,,,,,
MARCONI,1HAM60888AAM,TESTBUS,,,,,
MARCONI,1HAM60981AAD,0,,,,,
MARCONI,1HAM60981ACN,0,,,,,
MARCONI,1HAM60986AAP,0,,,,,
MARCONI,1HAM60986ACY,0,,,,,
MARCONI,1HAM60986ADR,COMMS-1/0,,,,,
MARCONI,1HAM61046ACA,0,,,,,
MARCONI,1HAM61046ADS,0,,,,,
MARCONI,1HAM61056AAF,0,,,,,
MARCONI,1HAM61066BCC,0,,,,,
MARCONI,1HAM61066BDU,POWER LTU,,,,,
MARCONI,1HAM61073AAE,0,,,,,
MARCONI,1HAM61079AAS,Battery Interface Unit,,,,,
MARCONI,1HAM61087AAD,0,,,,,
MARCONI,1HAM61137AAJ,PSU,,,,,
MARCONI,1HAM61138AAL,MGMT SYNC,,,,,
MARCONI,1HAM61212AAY,FAN TRAY,,,,,
MARCONI,1HAM61215AAF,34/45M LTU,,,,,
MARCONI,1HAM61217AAK,PWR/LCT LTU,,,,,
MARCONI,1HAM61217ABC,1240 DC & LCT-LTU 3-PIN D-TYPE,,,,,
MARCONI,1HAM61219AAP,OMS1200 Fan Unit ,,,,,
MARCONI,1HAM61229AAE,0,,,,,
MARCONI,1HAM61230ACK,ALM-E-BW7R,,,,,
MARCONI,1HAM61232AAE,GENERIC TRIB POWER LTU,,,,,
MARCONI,1HAM61240AAQ,FAN TRAY,,,,,
MARCONI,1HAN60513ABE,MODULO DE EXPANSION 16X2 MB/S,,,,,
MARCONI,1HAN60523BDB,0,,,,,
MARCONI,1HAQ61292AAG,0,,,,,
MARCONI,1HAQ61555AAW,0,,,,,
MARCONI,1HAT60000JCB,STM-1/OPT,,,,,
MARCONI,1HAT60000KAN,STM-1/OPT,,,,,
MARCONI,1HAT60001CAN,COM,,,,,
MARCONI,1HAT60002CAQ,MC,,,,,
MARCONI,1HAT60003CDU,SW,,,,,
MARCONI,1HAT60003DAP,SW,,,,,
MARCONI,1HAT60017EAK,STM-1/ELEC,,,,,
MARCONI,1HAT60017FDJ,STM-1 ELECTRICAL MUX FRONT,,,,,
MARCONI,1HAT60501DAS,T2,,,,,
MARCONI,1HAT60501DEM,T2,,,,,
MARCONI,1HAT60544AFG,T34,,,,,
MARCONI,1HAT60544BAR,T45,,,,,
MARCONI,1HAT60569AAL,T140,,,,,
MARCONI,1HAT60575ABK,COM,,,,,
MARCONI,1HAT60576DAK,EOW,,,,,
MARCONI,1HAT60580ACG,LINK,,,,,
MARCONI,1HAT60581ABR,RTR,,,,,
MARCONI,1HAT60585CBT,STM-1 SWITCH CARD,,,,,
MARCONI,1HAT60586ADM,SMA1 MC CARD R1.2,,,,,
MARCONI,1HAT60587ABE,MC,,,,,
MARCONI,1HAT60588AAP,,,,,,
MARCONI,1HAT60589ABJ,COM,,,,,
MARCONI,1HAT60590ABE,T2,,,,,
MARCONI,1HAT60591ABG,STM-1 OPT,,,,,
MARCONI,1HAT60591AHL,STM-1 OPT,,,,,
MARCONI,1HAT60592ABJ,STM-1 ELEC,,,,,
MARCONI,1HAT60592ADT,STM-1 ELEC,,,,,
MARCONI,1HAT60593ABL,MIC,,,,,
MARCONI,1HAT60622ABJ,3 PORT 34MB TRIB,,,,,
MARCONI,1HAT60622BAN,TRIB 3X34MB/S,,,,,
MARCONI,1HAT60623AAT,T45,,,,,
MARCONI,1HAT60623ABL,3 PORT 45MB TRIB,,,,,
MARCONI,1HAT60623BAQ,45MBIT/S TRIB,,,,,
MARCONI,1HAT60624AAV,0,,,,,
MARCONI,1HAT60624AEQ,1-Port 140MBit/s Trib Unbal LT,,,,,
MARCONI,1HAT60624CAP,140M TRIB,,,,,
MARCONI,1HAT60640AAS,1 PORT 34MB TRANSMUX,,,,,
MARCONI,1HAT60647ABA,AUXILIARY ASYNC/SYNC,,,,,
MARCONI,1HAT60680AAD,16C+ RTR,,,,,
MARCONI,1HAT60680ABV,16C+ ROUTER,,,,,
MARCONI,1HAT60692AAX,STM-1 OPT,,,,,
MARCONI,1HAT60692ABQ,STM-1 OPT,,,,,
MARCONI,1HAT60692AFK,STM-1 OPT,,,,,
MARCONI,1HAT60692ASB,STM-1 OPT,,,,,
MARCONI,1HAT60692ATT,STM-1 OPT,,,,,
MARCONI,1HAT60692EAK,STM-1 OPT,,,,,
MARCONI,1HAT60692EBC,STM-1 OPT,,,,,
MARCONI,1HAT60692ECU,0,,,,,
MARCONI,1HAT60696AAG,STM 4 OPT,,,,,
MARCONI,1HAT60696ABY,0,,,,,
MARCONI,1HAT60696ACR,STM4,,,,,
MARCONI,1HAT60696AKN,S3MR_STM-4 COMB OPT MUX & INT CARD L4.1,,,,,
MARCONI,1HAT60702AAS,COM,,,,,
MARCONI,1HAT60702CAL,COM,,,,,
MARCONI,1HAT60703AAU,COM,,,,,
MARCONI,1HAT60704AAW,MC,,,,,
MARCONI,1HAT60705AAY,MC,,,,,
MARCONI,1HAT60706AAB,SW,,,,,
MARCONI,1HAT60707AAD,32 PORT 2MB TRIB,,,,,
MARCONI,1HAT60733AAQ,STM-1 TRIB DUEL ELEC,,,,,
MARCONI,1HAT60734AAS,SW,,,,,
MARCONI,1HAT60734CBD,SW,,,,,
MARCONI,1HAT60736AAW,T2 (16) ,,,,,
MARCONI,1HAT60738AAB,MC,,,,,
MARCONI,1HAT60739AAD,COM,,,,,
MARCONI,1HAT60739CAW,COM,,,,,
MARCONI,1HAT60786AAX,0,,,,,
MARCONI,1HAT60792AAS,0,,,,,
MARCONI,1HAT60796AHK,0,,,,,
MARCONI,1HAT60798AAS,0,,,,,
MARCONI,1HAT60824AAJ,MUX,,,,,
MARCONI,1HAT60839AAK,0,,,,,
MARCONI,1HAT60841AAH,0,,,,,
MARCONI,1HAT60842AAK,0,,,,,
MARCONI,1HAT60843AAM,0,,,,,
MARCONI,1HAT60844CBA,0,,,,,
MARCONI,1HAT60845AAR,0,,,,,
MARCONI,1HAT60845AEL,0,,,,,
MARCONI,1HAT60847AAV,0,,,,,
MARCONI,1HAT60849AAA,0,,,,,
MARCONI,1HAT60852AAA,0,,,,,
MARCONI,1HAT60852ABS,HUB,,,,,
MARCONI,1HAT60853AAC,0,,,,,
MARCONI,1HAT60853ACM, INTER/SUBRACK BRDGE UN,,,,,
MARCONI,1HAT60853ADE,MULTIHAUL 3000 INTER/SUBRACK BRDGE,,,,,
MARCONI,1HAT60860AAL,0,,,,,
MARCONI,1HAT60860CB,0,,,,,
MARCONI,1HAT60860CBW,0,,,,,
MARCONI,1HAT60860CC,0,,,,,
MARCONI,1HAT60897AAW,0,,,,,
MARCONI,1HAT60898AAY,0,,,,,
MARCONI,1HAT60899AAB,0,,,,,
MARCONI,1HAT60905AAM,PACKETSPAN ERA,,,,,
MARCONI,1HAT60921AAJ,0,,,,,
MARCONI,1HAT60924AAQ,0,,,,,
MARCONI,1HAT60925BBG,0,,,,,
MARCONI,1HAT60927AAW,0,,,,,
MARCONI,1HAT60944AAV,0,,,,,
MARCONI,1HAT60944BCC,0,,,,,
MARCONI,1HAT60991AAQ,2M PDH,,,,,
MARCONI,1HAT61004AAW,DUAL STM-1 ELEC,,,,,
MARCONI,1HAT61009ABA,STM-4 VC-4-4C/V OPT,,,,,
MARCONI,1HAT61033AEK,STM4/OC12,,,,,
MARCONI,1HAT61037BAV,0,,,,,
MARCONI,1HAT61037BBN,0,,,,,
MARCONI,1HAT61037BCF,0,,,,,
MARCONI,1HAT61037BDX,0,,,,,
MARCONI,1HAT61046AAM,0,,,,,
MARCONI,1HAT61046AEG,0,,,,,
MARCONI,1HAT61046CDH,0,,,,,
MARCONI,1HAT61046CE20FA,0,,,,,
MARCONI,1HAT61046CE20FH,0,,,,,
MARCONI,1HAT61046CEA,0,,,,,
MARCONI,1HAT61046DAC,0,,,,,
MARCONI,1HAT61057ABW,STM1 TCM QUAD OMUX S1.1 FC SMA16,,,,,
MARCONI,1HAT61105AAF,CORE/CCU,,,,,
MARCONI,1HAT61106AAH,COMMS/AUX/ANCIL,,,,,
MARCONI,1HAT61106BAE,COMMS/AUX/ANCIL,,,,,
MARCONI,1HAT61107AAK,2M CORE TRIB,,,,,
MARCONI,1HAT61107ABC,2M CORE TRIB,,,,,
MARCONI,1HAT6110BAE,Comms / Aux / Ancil ,,,,,
MARCONI,1HAT61110AAK,0,,,,,
MARCONI,1HAT61110ABC,DOSU-C,,,,,
MARCONI,1HAT61114AAT,Protection Core unit,,,,,
MARCONI,1HAT61119AAE,0,,,,,
MARCONI,1HAT61119ABW,POWER MONITOR BAND C UNIT,,,,,
MARCONI,1HAT61119AFR,0,,,,,
MARCONI,1HAT61119BBT,0,,,,,
MARCONI,1HAT61121AAC,GIU-C,,,,,
MARCONI,1HAT61121ABU,0,,,,,
MARCONI,1HAT61124AAJ,STM-4 OPT,,,,,
MARCONI,1HAT61128AAS,0,,,,,
MARCONI,1HAT61128AB-LU26NR,0,,,,,
MARCONI,1HAT61128AB-LU26NS,0,,,,,
MARCONI,1HAT61128AB-LU26NT,0,,,,,
MARCONI,1HAT61128ABK,0,,,,,
MARCONI,1HAT61128AC-LU26RK,0,,,,,
MARCONI,1HAT61128AC-LU26RL,0,,,,,
MARCONI,1HAT61128AC-LU26RM,0,,,,,
MARCONI,1HAT61128AC-LU26RN,0,,,,,
MARCONI,1HAT61128AC-LU26RQ,0,,,,,
MARCONI,1HAT61128AC-LU26RS,0,,,,,
MARCONI,1HAT61128AC-LU26RU,0,,,,,
MARCONI,1HAT61128AC26RA,0,,,,,
MARCONI,1HAT61128AC26RW,0,,,,,
MARCONI,1HAT61128ACC,SMA CARD - 2G5 NRZT-SR,,,,,
MARCONI,1HAT61128ADU,2G5 NRZT-SR,,,,,
MARCONI,1HAT61240AAQ,0,,,,,
MARCONI,1HAU61844ABP,0,,,,,
MARCONI,1HAU61913ABX,0,,,,,
MARCONI,1HAU62481ABN,FAN TRAY CABLE ASSY,,,,,
MARCONI,1HAU62501BAC,0,,,,,
MARCONI,1HBA60500BAC,,,,,,
MARCONI,1HBA60563AAD,BLTU2,,,,,
MARCONI,1HBA60568AAP,MEM,,,,,
MARCONI,1HBA60621AAU,Sub Module,,,,,
MARCONI,1HBA60622AAW,GENERIC SMC MOTHER,,,,,
MARCONI,1HBA60831AAX,32X2M BALANCED TRIB LTU Board ,,,,,
MARCONI,1HBA60832AAA,32 x 2M BALANCED LTU,,,,,
MARCONI,1HGC61024AAA,SMA1/4UC COMPACT FLASH,,,,,
MARCONI,1HGC61033AAN,SMA1/4UC COMPACT FLASH,,,,,
MARCONI,1HGC61064AAL,0,,,,,
MARCONI,1MAA68476AAT,Filters,,,,,
MARCONI,1MBA62036AAR,1600 Dummy plate (SK73A),,,,,
MARCONI,1MBA62111ABY,0,,,,,
MARCONI,1MBA62250AAW,0,,,,,
MARCONI,1MBA62299AAC,0,,,,,
MARCONI,1MBB60850AAG,0,,,,,
MARCONI,1MBB60851AAJ,0,,,,,
MARCONI,1MBB61082AAA,0,,,,,
MARCONI,1MBB61111AAX,0,,,,,
MARCONI,1MBB61281ABD,0,,,,,
MARCONI,1MBB61334ABQ,0,,,,,
MARCONI,1MBB61377AAH,0,,,,,
MARCONI,1MBB61388AAH,Brackets,,,,,
MARCONI,1MBB61417AAF,0,,,,,
MARCONI,1MBB61422AAKSU65ZA,0,,,,,
MARCONI,1MBD60684AAW,0,,,,,
MARCONI,2/BFD7422018,INTEG MAIN RNC,,,,,
MARCONI,21159887RDD10120/1,0,,,,,
MARCONI,2401292-0013,0,,,,,
MARCONI,3AL69500AA,UD. DE ALARMA NALMB,,,,,
MARCONI,3HAT00010AAS,0,,,,,
MARCONI,3HAT00011AAU,0,,,,,
MARCONI,3HAT00011ABM,0,,,,,
MARCONI,3HAT00012AAW,0,,,,,
MARCONI,3HE00232AA,0,,,,,
MARCONI,3HE01172AA,0,,,,,
MARCONI,3MBA00035AAH,0,,,,,
MARCONI,4500841-0016,OMS1664 SOFTWARE,,,,,
MARCONI,85388-0002,1.25G-1310NM-10KM SFP-SM-ESFP,,,,,
MARCONI,AN00231460,STM-1,,,,,
MARCONI,AN00231461,STM-1 S/L1.1 2P ,,,,,
MARCONI,AN00231462,16-64 STM-1 L1 2P PLUG HOT PLUG-IN ,,,,,
MARCONI,AN00231484,ALARM LTU,€0.0,$0.00,,,
MARCONI,AN00231489,LTU 2M BAL,,,,,
MARCONI,AN00231492,34/45MBITS PDH,,,,,
MARCONI,AN00231495,34/45MBITS LTU,,,,,
MARCONI,AN00231497,PROTECTION LTU CARD,,,,,
MARCONI,AN00233402,10M/100M ETH TRIB,,,,,
MARCONI,AN00233404,STM-16,,,,,
MARCONI,AN00233433,CCU,,,,,
MARCONI,ASX-200BX/DC,Dual DC power Marconi Fore ATM Backbone Switch,,,,,
MARCONI,BMG907049/1,POWER LTU,,,,,
MARCONI,BPEETA/SP56A.X,SM_OMS1240_ETA100TRIBCARDCONFIG,,,,,
MARCONI,KIT: SP60CB,SM_OMS1240_32x2MPORTLTUBAL-TU,,,,,
MARCONI,KIT:BPE1240,SM_OMS1240_BPE1240,,,,,
MARCONI,KIT:SP03B,SM_OMS1240_1200COOLINGUNITETSI_19,,,,,
MARCONI,KIT:SP60C,SM_OMS1240_64PORT2MCORETU,,,,,
MARCONI,MP93CC03,SM_OMS1240_32X2MBITSBAL2X3MCABLE,,,,,
MARCONI,OMS840PWR200cmcablPhoenix-DB9,OMS840PWR200cmcablPhoenix-DB9,,,,,
MARCONI,RBS4142,,,,,,
MARCONI,RDC10113/1,MHL 3000 MUX/DEMUX TRAY,,,,,
MARCONI,ROA1284451/1,100G MUXP 80CH DP-QPSK,,,,,
MARCONI,ROA1284611/1,SM-OTN40/4xXFP-A,,,,,
MARCONI,ROA2191103/1,SM-8XSTM,,,,,
MARCONI,ROA2191105/1,SM-63XE1,,,,,
MARCONI,ROJ1192362/1,MGMT SYNC,,,,,
MARCONI,SA11GB,SM_OMS840_EUROPEIN-LINEPOWERUNIT,,,,,
MARCONI,SB56A,OMS840 Optical Multiplexer,,,,,
MARCONI,SCP6811-M1-CME,SU66AB,,,,,
MARCONI,SM66A,STM-1 OPTICAL MUX 1300NM,,,,,
MARCONI,SMA16,SHELFMARCONI,,,,,
MARCONI,SP63A/1HAT60623BAQ_PC1/1HAM61215AAF_PC2,SM_OMS1240_3X45MTRIB+LTU+PWRMOD,,,,,
MARCONI,SP73DA,SM_OMS1240_EMCGENERICLTUCOVERUC&EX,,,,,
MARCONI,SP73DB,SM_OMS1240_EMC2MLTUCOVERUC,,,,,
MARCONI,SP73EA,SM_OMS1240_EMCGENERICTRIBCOVERUC&EX,,,,,
MARCONI,SP73EB,SM_OMS1240_EMC2MTRIBCOVERUC&EX,,,,,
MARCONI,SU57AD,SFP 1000BASE-LX SM 1310NM 10KM,,,,,
MARCONI,SU57AE,1000BASE-LX10,,,,,
MARCONI,SU57AF,SCP6894-M1-CME,,,,,
MARCONI,SU65AA,STM-1 ELECTRICAL INTERFACE SFP,,,,,
MARCONI,SU66AA,STM-1 S1.1 SFP LC & 1X*,,,,,
MARCONI,SU66AB,155Mbps-LX - SFP - 1310 - 40KM,,,,,
MARCONI,SU67AA,STM4 S4.1,,,,,
MARCONI,SU67AB,SFP L4.1 - 622Mbps - 1310nm - 40km,,,,,
MARCONI,SU67AC,SFP STM-4 L4.2 614Mbp,,,,,
MARCONI,SU68AA,STM16 I16 - OUT1,,,,,
MARCONI,SU68AB,SFP STM16 S-16.1,,,,,
MARCONI,SU68AC,SFP 2.7GBASE 40km 1310nm SM,,,,,
MARCONI,SU68AD,SFP LC 2G5 80K L2 L-16.2,,,,,
MARCONI,SU68CF,CWDM SH 2.5Gps 1571nm,,,,,
MARCONI,SU69CA,l-64.1 1310nm 10GBASE,,,,,
MARCONI,SU69CD,XFP 10GBASE-ZR 80km 1550nm L64.2,,,,,
MARCONI,T30041.01,A2M,,,,,
MARCONI,T30041.02,A2MTA (120Ohm),,,,,
MARTIS,CAE224,VOICE INTRERFAZ,,,,,
MAXTOR,7245SR,S30122-X5343-X / 245MB 50-PIN SCSI HARD DRIVE,,,,,
METEK,JBA4607EB0C200A60V,METEK JBA4607EB0C 200A 60V DC Contactor,€0.0,$0.00,,,
METEK,JBB4602DB00200A48V,METEK JBB4602DB00 200A 48V DC Contactor,€0.0,$0.00,,,
MICROSENS,MS410503,Ethernet Media Converter,,,,,
MIKOM,115469,,,,,,
MIKROTIK,CCR1009-8G-1S-1S+,CCR1009-8G-1S-1S+,,,,,
MIKROTIK,RB2011UIAS-2HND-IN,MIKROTIK ROUTERBOARD,,,,,
MIKROTIK,RB941-2ND,MikroTik RouterBOARD hAP-Lite,,,,,
MIKROTIK,RB941-2ND-TC,MikroTik RouterBOARD hAP lite,,,,,
MIKROTIK,RB962UIGS-5HACT2HNT,MIKROTIK RouterBOARD ,,,,,
MIKROTIK,RBGPOE-CON-HP,,,,,,
MIKROTIK,S-31DLC20D,1.25G SM 20km 1310nm,,,,,
MIKROTIK,S-RJ01,10/100/1G ETHERNET SFP,,,,,
MIKROTIK,S+31DLC10DI,10G DDM SFP+ 10km 1310nm,,,,,
MIKROTIK,S+85DL03D,10G DDM SFP+ 300m 850nm IND,,,,,
MITSUBISHI,25FXD-001ZB,OPTO TRX SFP S-16.1 DDM,€230.0,$0.00,,,
MIZAR,018647252T,LOCAL OSCILLATOR C,,,,,
MIZAR,018647253U,LOCAL OSCILLATOR C,,,,,
MOBI,MB3500-65-18DDE,DIRECTIONAL BASE STATION ANTENNA,,,,,
MOBI,MBGPS-38-001,GPS ANTENNA 1575.42 MHz,,,,,
MOLEX,745460840,Virtual Chassis Port cable 0.5 M length,,,,,
MOLEX,85388-0001,SFP-COAX STM1e,,,,,
MOTOROLA,42614,MODULE W/ SCREEN,,,,,
Motorola,PWRXP9246,Magnetek Power Supply board,€38.3,$0.00,,,
Motorola,SVLF9150D,BTS,€0.0,$0.00,,,
Motorola,SVLF9150G,Motorola 900 Mhz Duplexer Filter,€0.0,$0.00,,,
Motorola,SVLN8466B,Magnetek Power Supply,€0.0,$0.00,,,
Motorola,SVLN8470AB,Chassis ROHS ASSY HLCA28RX,€0.0,$0.00,,,
Motorola,SVPN9142C,POWER -48 / -60 VDC CONVERTER,€0.0,$0.00,,,
Motorola,SWHN9127B,Chassis FAN Module ROHS ASSY,€0.0,$0.00,,,
Motorola,SYWF4876G,Motorola GSM 900  CTU2D 900 2G,€0.0,$0.00,,,
MOXA,NPORT-5410,4 port device server - 10/100M Ethernet - RS-232 - DB9 male,,,,,
MOXA,NTT882ZAE5,CN2510 8Port RS-232 Async Server,,,,,
MRV,1200070-005R,0,,,,,
MRV,48878,FAN TRAY,,,,,
MRV,50719,FAN TRAY,,,,,
MRV,50720,FAN TRAY,,,,,
MRV,50839,FAN TRAY,,,,,
MRV,A6DD821,DWDM,,,,,
MRV,A6DD829,DWDM,,,,,
MRV,A6DD837,DWDM,,,,,
MRV,ADCD51,CWDM,,,,,
MRV,ADDD21/22/23/24,DWDM,,,,,
MRV,EM1600-DMUX40,DWDM,,,,,
MRV,EM1600-MNGP,MNGP,,,,,
MRV,EM1600-MUX40,DWDM,,,,,
MRV,EM1600-OAR15,DWDN RAMAN 14dB,,,,,
MRV,EM2009-GM2,CWDM,,,,,
MRV,EM2009-VOA8,VOA8,,,,,
MRV,EM316F/S1-R,MRV COMMUNICATIONS RFQ,,,,,
MRV,EM400-PS/DC,Power Supply,,,,,
MRV,EM800-DCMT,1700 ps/nm,,,,,
MRV,EM800-MNG,EM800-MGT,,,,,
MRV,EM800-MNGP,MNGP,,,,,
MRV,EM800-OAB,DWDM BOOSTER,,,,,
MRV,EM800-OAB22PM,OAB22PM BOOSTER,,,,,
MRV,EM800-OABM,DWDM BOOSTER ,,,,,
MRV,EM800-OAI21PM25,OAI21PM GAIN 25 IN LINE ,,,,,
MRV,EM800-OAI25,DWDM IN LINE ,,,,,
MRV,EM800-OAIM25,DWDM IN LINE ,,,,,
MRV,EM800P-PS/DC,POWER,,,,,
MRV,GWM-04X3421PS2010-35,4CH DWDM MODULE,,,,,
MRV,LD1600P,LD1600P DWDM CHASSIS,,,,,
MRV,LD400/2DC,5 SLOT CHASSIS FOR LD WDM,,,,,
MRV,LD800P,11 SLOT WDM CHASSIS,,,,,
MRV,LX-4016T-112DC,4000T Series SWITCH MRV USA,€547.6,$0.00,,,
MRV,NC316-16RPSDC-R,NC316-16RPSDC PSU,,,,,
MRV,NC316BU-16/DC,RACK MOUNT 16 SLOT CHASSIS,,,,,
MRV,TM-8A20T,TUNABLE DWDM 200Km,,,,,
MRV,TM-8A8T,TUNABLE DWDM 80Km,,,,,
MRV,TM-GM2DL4/21,DWDM CH-21,,,,,
MRV,TM2-SFPPXFP,SFPPXFP,,,,,
MRV,TM2-XFP,XFP,,,,,
NEC,B201269R,PW55A,,,,,
NEC,FMA16301T-1EU,3G SMALCELL OUTDOOR FEMTO ACCESS POINT,,,,,
NEC,FP8131T-02EU,3G Access Point FEMTOCELL,€164.3,$0.00,,,
NEC,FPA16241T-02EU,OFFICE FEMTOCELL ACCESS POINT,€164.3,$0.00,,,
NEC,G7898B,OPT INTFC,,,,,
NEC,G7898K,OPT INTFC,,,,,
NEC,H2940A,NEC TN Board,€273.8,$0.00,,,
NEC,H2940B,MODEM,,,,,
NEC,H2940C,NEC TN Board,€273.8,$0.00,,,
NEC,H2950A,CONTROL CARD,,,,,
NEC,H2960A,NEC Board TN,€273.8,$0.00,,,
NEC,H2960B,NEC STM-1 OPT S.1.1 (INCL. STM-1 LICENCE FEE),€273.8,$0.00,,,
NEC,H2980A,16E1 INTFC + 2 X ETHERNET,,,,,
NEC,MDP-150MB-1AA,IDU,,,,,
NEC,MDP-150MB7T-2A,NEC-PASOLINK+,,,,,
NEC,NW-014830-001,NEC RL SWO PROC Board,€109.5,$0.00,,,
NEC,NWA-013907-153,NEC RL TRANSMITTER RECEIVER Board,€109.5,$0.00,,,
NEC,NWA-014197-051,NEC RL SD DATE Board,€54.8,$0.00,,,
NEC,NWA-014520-002,NEC RL OPT INTFC Board,€54.8,$0.00,,,
NEC,NWA-014540-008,NEC RL MODEM,€54.8,$0.00,,,
NEC,NWA-014550-001,NEC RL TR DIST,€54.8,$0.00,,,
NEC,NWA-014560-001,NEC RL FAN UNIT Board,€54.8,$0.00,,,
NEC,NWA-014570-002,NEC RL CLK Board,€54.8,$0.00,,,
NEC,NWA-014580-002,NEC RL Board DC-DC CONV,€54.8,$0.00,,,
NEC,NWA-014800-001,NEC RL CTRL,€54.8,$0.00,,,
NEC,NWA-014810-001,NEC RL Board,€54.8,$0.00,,,
NEC,NWA-014820-003,NEC RL OW,€54.8,$0.00,,,
NEC,NWA-016340-001,NEC RL PWR -48V8A,€54.8,$0.00,,,
NEC,NWA-016350-001,NEC RL Board,€54.8,$0.00,,,
NEC,NWA-091027-AA4,NEC IPASOLINK AA4 TN,€109.5,$0.00,,,
NEC,NWA-091027-AA5,MDU IPASOLINK 2RF,€219.0,$0.00,,,
NEC,OD-CP0069-10CNO-001,SFP,€230.0,$0.00,,,
NEC,OD-J9291-NA972-0D28,DWDM HP 192.8,,,,,
NEC,OD-J9291-NA972-0D45,DWDM HP 194.5,,,,,
NEC,OD-J9291-NA972-0D48,DWDM HP194.8,,,,,
NEC,OD-J9291-NA972-0D50,DWDM HP 195.0,,,,,
NEC,OD-J9392-NA955-0C00,STM1 L1.1,,,,,
NEC,OD-J9449-NA955-5B01,STM1 S1.1 -100BASE-LX10,,,,,
NEC,TRP-13G-3A,NEC PASOLINK ODU,,,,,
NEC,TRP-13G-5B,NEC PASOLINK ODU,,,,,
NEC,TRP-15G8MB-1A,NEC PASOLINK ODU,,,,,
NEC,TRP-18G-3A,NEC PASOLINK ODU,,,,,
NEC,TRP-23G-1AA,NEC PASOLINK,,,,,
NEC,TRP-23G-1B,NEC PASOLINK NEO ODU,,,,,
NEC,TRP-23G-5A,NEC PASOLINK ODU,,,,,
NEC,TRP-23G-5B,NEC PASOLINK NEO ODU,,,,,
NEC,TRP-23G34MB-1A,NEC PASOLINK ODU,,,,,
NEC,TRP-23G8MB-4A,NEC PASOLINK ODU,,,,,
NEC,TRP-32G-1B,NEC PASOLINK,,,,,
NEC,TRP-32G-5B,NEC PASOLINK,,,,,
NEC,TRP-38G-1AA,NEC PASONLINK ODU,,,,,
NEC,TRP-38G-1B,NEC PASOLINK NEO ODU,,,,,
NEC,TRP-38G-3A,NEC PASOLINK ODU,,,,,
NEC,TRP-38G-5A,NEC PASOLINK ODU,,,,,
NEC,TRP-38G-5B,NEC PASOLIMK NEO ODU,,,,,
NEO,034060274,1.25G-1550nm-SM 80km-ESFP,,,,,
NEO,PST120-61W,2.125Gb -850nm -300m,,,,,
NEO,PT7320-31-2W,155m -1310nm -40Km,,,,,
NEO,PT7620-61-4W-C59,125M-2.67G/C2/40KM/SM,,,,,
NEOPHOTONI,PT7320-41-1W,STM4-15KM-1310NM SFP,€230.0,$0.00,,,
NEOPHOTONI,PT7320-51-1W-KHW,SFP,€230.0,$0.00,,,
NERA,10L18U1010A,NERA CITYLINK ODU 18G,,,,,
NERA,10L23L1008A,NERA CITYLINK ODU 23G,,,,,
NERA,10L25L1008A,NERA CITYLINK ODU 25G,,,,,
NERA,8DK138A,Receiver Module,,,,,
NETCNA,SFP-8012C-L, OPTICAL TRANSCEIVER 1.25GB SFP 850NM,€230.0,$0.00,,,
NETHAWK,G703-AMP,G703-AMPLIFIER,,,,,
NETOPTICS,RGND-GCU-S4,Network tap,€0.0,$0.00,,,
NETSCOUT,AP5000,Board,€1 -150.0,$0.00,,,
NETSCOUT,LP-2000-2,870005103,€345.0,$0.00,,,
NIDEC,BKV301216/130,48V FAN,,,,,
NOKIA,01-2010-1,ODU: ETSI - 38 Low Band - TX Hig - XPIC,,,,,
NOKIA,01-8010-0,ODU: DX-38-5B,,,,,
NOKIA,01-8111-0,ODU: DX-28-1B,,,,,
NOKIA,02HAT00029ACL,GMU8 RED2,,,,,
NOKIA,063897A,Backplane module,,,,,
NOKIA,066123A,VOLTAGE DISTRIBUCION,,,,,
NOKIA,0800-0410-001,TNT-SP-SC,,,,,
NOKIA,0800-0410-003,TNT-SP-SC-SS,,,,,
NOKIA,0800-0482-051,LUCENT TNT-SL-ADIC - 0800-0482-051 48-PORT MultiDSP MODULE LUCENT TNT-SL-ADIC,,,,,
NOKIA,0800-0496-002,TNT-SP-DC-H,,,,,
NOKIA,082794A.103,FAN11,,,,,
NOKIA,083366A,CABLEENTRYSYSTEM,,,,,
NOKIA,083688A,FRGD,,,,,
NOKIA,083780A.103,FSMD,,,,,
NOKIA,083833A.105,FSME,,,,,
NOKIA,083837A,FRGF CORE (3-SECTOR RF MODULE 2100),,,,,
NOKIA,083837A.103,FRGF CORE (3-SECTOR RF MODULE 2100),,,,,
NOKIA,083870C.102,FFGF,,,,,
NOKIA,084175A.104,FPFB,,,,,
NOKIA,084195A.101,FAN,,,,,
NOKIA,084200A.101,FRGJ,,,,,
NOKIA,084201A.101,FRGK,,,,,
NOKIA,084603A.104,FXDA,,,,,
NOKIA,084629A,FRGP,,,,,
NOKIA,084629A.101,FRGP,,,,,
NOKIA,084629B.204,FRGP,,,,,
NOKIA,084792A,FSMF SYSTEM MODULE,,,,,
NOKIA,084792A,FSMF,,,,,
NOKIA,084796A,FBBA,,,,,
NOKIA,085093A,FPFD,,,,,
NOKIA,085422A.104,CORE_Flexi System Module Outdoor FSMF,,,,,
NOKIA,085422A.105,CORE_Flexi System Module Outdoor FSMF,,,,,
NOKIA,085422A.107,CORE_Flexi System Module Outdoor FSMF,,,,,
NOKIA,085422A.108,CORE_Flexi System Module Outdoor FSMF,,,,,
NOKIA,085446A,FPFC,,,,,
NOKIA,085448A.305,FPFC,,,,,
NOKIA,085570A,FSIH机框,,,,,
NOKIA,086147A,,,,,,
NOKIA,086385A,FBBC,,,,,
NOKIA,087090A,FHFB,,,,,
NOKIA,8DG62413AA,PSC1-6 - PASSIVE SPLITTER/COMBINER,,,,,
NOKIA,087338A,CORE_ASIA AirScale Common,,,,,
NOKIA,087338A.104,CORE_ASIA AirScale Common,,,,,
NOKIA,087946A.102,Cable,,,,,
NOKIA,089596A.204,CORE_ASIB AirScale Common,,,,,
NOKIA,10010107492,E1 CIRCUIT EMULATION / E1 CE,,,,,
NOKIA,106641,TN1408 - ESS#5 CORE BOARD,,,,,
NOKIA,108029653,BASIC CONTROL CARD,,,,,
NOKIA,108029679,BSK1 - DISPLAY CARD,,,,,
NOKIA,108330366,PI-E3DS3/6+6,,,,,
NOKIA,108485194,PSAX,,,,,
NOKIA,108588625,BIC8 INTERFACE CARD,,,,,
NOKIA,108796400,596A2-3KW SP INPUT RECTUIFIER - 50A/48V,,,,,
NOKIA,108884610,LJB439B,,,,,
NOKIA,108905589,PBG3,,,,,
NOKIA,109285478,P8P5,,,,,
NOKIA,109307017,OM622A181 OC12/STM4 LR-1/L-4.1,,,,,
NOKIA,109445643,AMS-E1-16,,,,,
NOKIA,109481333,PBP8,,,,,
NOKIA,109546648,OP2G5/PAR4,,,,,
NOKIA,109552943,LKA481,,,,,
NOKIA,109558544,FLASH CARD 1024 MB,,,,,
NOKIA,109576595,OM622A180 - OC-12/STM-4 - LR-2 -3/L-4.2 -3,,,,,
NOKIA,109608919,Cpci 650Mhz /2.5GB/40GB disk CP2300 (GB17-B90-1C),,,,,
NOKIA,109735332,FAN,,,,,
NOKIA,109825.A01,CPRJ45-A,,,,,
NOKIA,1110005/1,BFB,,,,,
NOKIA,131-9072/01,POWER ACCESS CARD,,,,,
NOKIA,150A9033,10 PORT/100/1000BASE-X,,,,,
NOKIA,150A9043,TDM INTERFACE,,,,,
NOKIA,1AB009720049,COAX CONN.MALE 75OHM,,,,,
NOKIA,1AB017500078,BREAKER - 63A,,,,,
NOKIA,1AB061220003,COAX CONNECTOR,,,,,
NOKIA,1AB147830012,COMPACT FLASH CARD 2,,,,,
NOKIA,1AB14783001201,256 Mb COMPACT FLASH CARD,,,,,
NOKIA,1AB147830028,512MB FLASH MEMORY CARD (COMPACT),,,,,
NOKIA,1AB147830040,4GB CF,,,,,
NOKIA,1AB151770002,Flash card  48MB,,,,,
NOKIA,1AB162710003,CIRCUIT BREAKER 4A 72VDC,,,,,
NOKIA,1AB167540010,JUMPER SMF MU/PC-SC-PC L = 3MT C.2,,,,,
NOKIA,1AB176340002,FLASH CARD 256MB,,,,,
NOKIA,1AB182400005,CABLE,,,,,
NOKIA,1AB182400007,CABLE,,,,,
NOKIA,1AB182400009,CABLE,,,,,
NOKIA,1AB182400010,CABLE,,,,,
NOKIA,1AB182400012,CABLE,,,,,
NOKIA,1AB182400013,CABLE,,,,,
NOKIA,1AB182400015,CABLE,,,,,
NOKIA,1AB182400017,CABLE,,,,,
NOKIA,1AB182400042,CABLE,,,,,
NOKIA,1AB182400043,CABLE ,,,,,
NOKIA,1AB182400048,CABLE,,,,,
NOKIA,1AB182400050,CABLE,,,,,
NOKIA,1AB182400051,CABLE,,,,,
NOKIA,1AB182400052,CABLE,,,,,
NOKIA,1AB185770013,CABLE,,,,,
NOKIA,1AB185770054,CABLE,,,,,
NOKIA,1AB185770055,CABLE,,,,,
NOKIA,1AB187280001,1GbELX,,,,,
NOKIA,1AB187280028,OPTO TRX 1.25GBE SFP-ZX,,,,,
NOKIA,1AB187280031,1GbELXDDM,,,,,
NOKIA,1ab187280033,FTM-8120C-L-AT,€230.0,$0.00,,,
NOKIA,1AB187280037,,,,,,
NOKIA,1AB187280038,FC/2FCSM,,,,,
NOKIA,1AB187280040,0,,,,,
NOKIA,1AB187280042,1GEZXDDM,,,,,
NOKIA,1AB187280045,SFP 850nm.1250.500m,,,,,
NOKIA,1AB194670001,0,,,,,
NOKIA,1AB194670003,0,,,,,
NOKIA,1AB194670005,0,,,,,
NOKIA,1AB196340010,CWP149DDM,,,,,
NOKIA,1AB196350001,CWDM 1470NM APD SFP,,,,,
NOKIA,1AB196350026,CWA147DDM,,,,,
NOKIA,1AB196350028,CWA151DDM,,,,,
NOKIA,1AB196360004,622MBase OC-12/STM-4 IR LC - 15 Km - 1310 nm SFP transceiver,€0.0,$0.00,,,
NOKIA,1AB196360005,OPTO TRX SFP S-4.1 DDM -40/+85,,,,,
NOKIA,1AB196360006,L-4.1DDMW,,,,,
NOKIA,1AB196360007,L-4.2DDMW,,,,,
NOKIA,1ab196370001,SCP6808-A1-ZM,€230.0,$0.00,,,
NOKIA,1AB196370003,L-16.2,,,,,
NOKIA,1AB196370004,L-16.1,,,,,
NOKIA,1AB196370005,L-16.1DDM,,,,,
NOKIA,1AB196370006,OPTO TRX SFP S-16.1 PLUGIN,,,,,
NOKIA,1AB196370007,SFP - 1310nm,,,,,
NOKIA,1AB196370008,L-16.1DDM Optical Module,,,,,
NOKIA,1AB196370009,L-16.2DDM,,,,,
NOKIA,1AB196370013,SFP 1678 MCC I-16.1 Optical SFP Transceiver,€230.0,$0.00,,,
NOKIA,1AB204800005,MU-MUJ ATTENUATOR 5dB,,,,,
NOKIA,1AB210170001,EL TRX SFP STM-1EL,,,,,
NOKIA,1AB210830001,DCM-3KM,,,,,
NOKIA,1AB210830002,DCM LLMicro ,,,,,
NOKIA,1AB210830003,DCM 10KM LOW LOSS SMF C+BAND,,,,,
NOKIA,1AB210830004,DCM 15KM LOW LOSS SMF C+BAND,,,,,
NOKIA,1AB210830005,DCM 20KM LOW LOSS SMF C+BAND,,,,,
NOKIA,1AB210830006,DCM 25KM,,,,,
NOKIA,1AB210830007,DCM 30KM LOW LOSS SMF C+ BAND,,,,,
NOKIA,1AB210830008,DCM 40KM LOW LOSS SMF C+ BAND,,,,,
NOKIA,1AB210830009,DCM 50KM LOW LOSS SMF C+ BAND,,,,,
NOKIA,1AB210830010,DCM 60KM LOW LOSS SMF C+BAND,,,,,
NOKIA,1AB210830012,DCM 80KM LOW LOSS SMF C+BAND,,,,,
NOKIA,1AB210830013,DCM 90KM LOW LOSS SMF C+BAND,,,,,
NOKIA,1AB210830014,DCM 100KM LOW LOSS SMF C+ BAND,,,,,
NOKIA,1AB210830015,DCM 120KM LOW LOSS SMF C+BAND,,,,,
NOKIA,1AB214540001,XFP I-64.1/10GBE BASE L,€40.3,$0.00,,,
NOKIA,1AB214540002,XFP 10GBase-S,,,,,
NOKIA,1AB215120056,BRET LCSPC LCSPC S2 -0 G 003 -50,,,,,
NOKIA,1AB215120076,CABLE,,,,,
NOKIA,1AB217280001,XFP S64-2B/10GBE BASE E,,,,,
NOKIA,1AB217280002,XFP OC-192 L1-2/STM-64/10Gbe,,,,,
NOKIA,1AB231410009,DWA540,,,,,
NOKIA,1AB231410013,OPTO TRX SFP DWDM CH50,,,,,
NOKIA,1AB231410018,OPTO TRX SFP DWDM CH45,,,,,
NOKIA,1AB231410021,OPT TRCVR SFP DWDM MOD,,,,,
NOKIA,1AB231410027,SFP - DWDM 1548.52nm,,,,,
NOKIA,1AB231410028,OPTO TRX SFP DWDM CH350,,,,,
NOKIA,1AB231410030,DWA330,,,,,
NOKIA,1AB231410031,DWA320,,,,,
NOKIA,1AB231410032,SFP - DWDM 1552.52nm,,,,,
NOKIA,1AB231410033,SFP - DWDM 1553.33nm,,,,,
NOKIA,1AB234480006,DCM 10KM E-LEAF C+MU,,,,,
NOKIA,1AB234480008,DCM 125KM E-LEAF C+MU,,,,,
NOKIA,1AB355360003,0,,,,,
NOKIA,1AB356630023,XFP - DWDM38,,,,,
NOKIA,1AB356630024,XDW - DM37,,,,,
NOKIA,1AB356630028,,,,,,
NOKIA,1AB356630029,,,,,,
NOKIA,1AB356630033,OE-TRX XFP DWDM CH28,,,,,
NOKIA,1AB357990001,0,,,,,
NOKIA,1AB359780001,0,,,,,
NOKIA,1AB361080002,OPTO-CABLE-ASSY*SM,,,,,
NOKIA,1AB375380003,0,,,,,
NOKIA,1AB375380004,OC192/STM64,,,,,
NOKIA,1AB375380007,SFP I-64.1/10GBASE-LR/LW,€230.0,$0.00,,,
NOKIA,1AB375380013,OE-TRX,,,,,
NOKIA,1AB375650046,0,,,,,
NOKIA,1AB376350002,ALU SFP L-1.1 -40/+85,,,,,
NOKIA,1AB376360001,SFP OC-12/STM-4 1310NM 15KM SM,,,,,
NOKIA,1AB376360002,L-4.1 OC-12 LR-1,,,,,
NOKIA,1AB376370001,0,,,,,
NOKIA,1AB376370003,L-16.1 OC-48 LR-1,,,,,
NOKIA,1AB376370005,SFP S-16.1,,,,,
NOKIA,1AB376720002,SFP GbE LX IT,,,,,
NOKIA,1AB376720003,0,,,,,
NOKIA,1AB377160001,CWDM-SH ,,,,,
NOKIA,1AB377160002,CWDM-SH ,,,,,
NOKIA,1AB377160003,CWDM-SH,,,,,
NOKIA,1AB377160005,CWDM-SH,,,,,
NOKIA,1AB377160006,CWDM-SH,,,,,
NOKIA,1AB377160007,SFPCWDM SH 1591NM,,,,,
NOKIA,1AB377160008,S-C8S1-1D2,,,,,
NOKIA,1AB377200004,CWDM,,,,,
NOKIA,1AB377200007,CWDM,,,,,
NOKIA,1AB377200008,SFP CWDM-LH 1611NM (CWDM 2.5G Multirate APD (<2.7G) DDM CH1610),,,,,
NOKIA,1AB377220005,DWDM 2400ps/nm,,,,,
NOKIA,1AB377220009,DWDM 2400ps/nm,,,,,
NOKIA,1AB377220020,DWDM S1:1,,,,,
NOKIA,1AB377220022,WOTRA85TAA,,,,,
NOKIA,1AB377220023,ALU SFP DWDM CH 40,,,,,
NOKIA,1AB377220024,DWDM 2400ps/nm,,,,,
NOKIA,1AB377220026,DWDM 2400ps/nm,,,,,
NOKIA,1AB377220027,DWDM 2400ps/nm,,,,,
NOKIA,1AB377220028,DWDM 2400ps/nm,,,,,
NOKIA,1AB377220029,DWDM 2400ps/nm,,,,,
NOKIA,1AB377220030,2.5GBase-DWDM 80KM,,,,,
NOKIA,1AB377220031,OTY-1 DWDM 2400ps/nm,,,,,
NOKIA,1AB377220032,OTU-1 DWDM 2400ps/nm,,,,,
NOKIA,1AB377220033,SFP DWDM CH 30 (DWDM (2400 ps/nm) DDM (193.0)),,,,,
NOKIA,1AB377220034,SFP DWDM CH 29 (DWDM (2400 ps/nm) DDM (192.9)),,,,,
NOKIA,1AB377220036,SFP DWDM CH 27,,,,,
NOKIA,1AB377220037,DWDM 2400ps/nm,,,,,
NOKIA,1AB377220041,SFP DWDM CH 220 ,,,,,
NOKIA,1AB37722020,OTU-1 DWDM 2400 ps/nm,,,,,
NOKIA,1AB378370003,STM64,,,,,
NOKIA,1AB379640001,M5/M6-SN-I,,,,,
NOKIA,1AB379640002, SFP MOD - FC - 1310NM,,,,,
NOKIA,1AB383760001,1850 TSS-320 ETHERNET SFP TRCVR,,,,,
NOKIA,1AB393080007,100BASE-BX40-U,,,,,
NOKIA,1AB393080008,100BASE-BX40-D,,,,,
NOKIA,1AB393080009,1000BASE-BX40-U STM-4 40km,,,,,
NOKIA,1AB396080001,0,,,,,
NOKIA,1AB402160012,4x25G 10km 100GBASE-LR4 S01:01,,,,,
NOKIA,1AB410040001,RATE 7 SFPS,,,,,
NOKIA,1AB410060001,MINOR_MATERIAL - ACCESSORY - SM RATE 7 SFPS TDD,,,,,
NOKIA,1AB428190057,CABLE,,,,,
NOKIA,1AD014270001,AIR FILTER,,,,,
NOKIA,1AD057960001,SHRL-GAUCHE-ETSI,,,,,
NOKIA,1AD057970001,SHRL-DROIT-ETSI,,,,,
NOKIA,1AD094650001,BREAKER TOGGLE,,,,,
NOKIA,1AF00398AAAA,Telephone Handset,,,,,
NOKIA,1AF00907AAAA,SONY SMO541-08 MOD,,,,,
NOKIA,1AF01317AA,CONV25B,,,,,
NOKIA,1AF01475AA,Sony SMO F551-08 MOD,,,,,
NOKIA,1AF01899AA,DBS Power Supply,,,,,
NOKIA,1AF14238AAAA,Win 1000 Software Kit SAFT/CDROM,,,,,
NOKIA,1AZ320210001,CABLE,,,,,
NOKIA,1GBELXDDM,SFP,€230.0,$0.00,,,
NOKIA,1LA2132182AAAA,TSAI,,,,,
NOKIA,21122994EB,CONV 8A,,,,,
NOKIA,21122994QA,CONV 20A,,,,,
NOKIA,21124.05,NOK/N64/C Data Interface Unit nx64k V.11/V.35/X.21,,,,,
NOKIA,21132150AD,SWCH,,,,,
NOKIA,21132210AA,TERA,,,,,
NOKIA,21132224CB,DSGA,,,,,
NOKIA,21133.03,Ethernet Interface Unit v2,,,,,
NOKIA,21137608BA,MCUB,,,,,
NOKIA,21137790CA,SLTA,,,,,
NOKIA,21137790DA,SLTA,,,,,
NOKIA,21137790DD,SLTA,,,,,
NOKIA,21137826AA,RCCB,,,,,
NOKIA,21137858AD,DTRE,,,,,
NOKIA,21137858AE,DTRE,,,,,
NOKIA,21137858AG,DTRE,,,,,
NOKIA,21179642BA,RNGA,,,,,
NOKIA,21179644AA,TAUA,,,,,
NOKIA,21406230AB,TAUC,,,,,
NOKIA,21406230AC,TAUC,,,,,
NOKIA,21406230BB,TAUC,,,,,
NOKIA,21406234EB,DMCA,,,,,
NOKIA,21406248AB,ECFB,,,,,
NOKIA,21406274AA,RNGF,,,,,
NOKIA,21406274AADA,RNGF,,,,,
NOKIA,21406280CB,DSPA,,,,,
NOKIA,21406280EB,DSPA,,,,,
NOKIA,21406280GA,DSPA,,,,,
NOKIA,21406286AA,ALCN,,,,,
NOKIA,21406286BA,ALCN,,,,,
NOKIA,21406298AA,MMCA,,,,,
NOKIA,21406304BB,DTRI,,,,,
NOKIA,21406304CA,DTRI,,,,,
NOKIA,21406328AA,DTRF,,,,,
NOKIA,21406328AB,DTRF,,,,,
NOKIA,21406328AD,DTRF,,,,,
NOKIA,21406328AF,DTRF,,,,,
NOKIA,21406328AK,DTRF,,,,,
NOKIA,21406328CA,DTRF,,,,,
NOKIA,21406328CB,DTRF,,,,,
NOKIA,21406328CD,DTRF,,,,,
NOKIA,21406356AA,CALC,,,,,
NOKIA,21406362ACAA,DTRH,,,,,
NOKIA,21406362AD,DTRH,,,,,
NOKIA,21406362ADAA,DTRH,,,,,
NOKIA,21406362AF,DTRH,,,,,
NOKIA,21406362AFAA,DTRH,,,,,
NOKIA,21406362AP,DTRH,,,,,
NOKIA,21406362APAA,DTRH,,,,,
NOKIA,21406362AQ,DTRH,,,,,
NOKIA,21406362AQAA,DTRH,,,,,
NOKIA,21406362CB,DTRH,,,,,
NOKIA,21406362CD,DTRH,,,,,
NOKIA,21406362CF,DTRH,,,,,
NOKIA,21406384AB,ECFC,,,,,
NOKIA,21406916BA,RNGG,,,,,
NOKIA,21407054AB,ALCN,,,,,
NOKIA,21407054AD,ALCN,,,,,
NOKIA,21407054ADBF,ALCN,,,,,
NOKIA,21407054AE,ALCN,,,,,
NOKIA,21407054AF,ALCN,,,,,
NOKIA,21407054AJ,ALCN,,,,,
NOKIA,21407054AL,ALCN,,,,,
NOKIA,21407054AP,ALCN,,,,,
NOKIA,21407054AS,ALCN,,,,,
NOKIA,21407054AT,ALCN,,,,,
NOKIA,21407054AV,ALCN,,,,,
NOKIA,21407341AA,WSMC,,,,,
NOKIA,21407342AA,ODSB,,,,,
NOKIA,21407902CA,MCUE,,,,,
NOKIA,21407902CC,MCUE,,,,,
NOKIA,21407932AB,MCUD,,,,,
NOKIA,21407936AB,DIAB,,,,,
NOKIA,21407938BB,DTUE,,,,,
NOKIA,21477795AA,Hard Disk Drive,,,,,
NOKIA,22640466,RF Coaxial Cable Mount Connector,,,,,
NOKIA,22651587,RF Coaxial Cable Mount Connector,,,,,
NOKIA,300074705,Cable,,,,,
NOKIA,300293537,CPU / NS20N201EA,,,,,
NOKIA,300298544, 48-PORT RJ PATCH PANEL PACKETSTAR PSAX 120PP48,,,,,
NOKIA,300412681,PSAX 2300 20N20 BA9IUPJFAB,,,,,
NOKIA,300412699,Commnet - STRATUM 3-4 MODULE - PSAX 1250,,,,,
NOKIA,300664281,Circuit Card Assemb / NS24N710AA,,,,,
NOKIA,300719978,NS23N663AJ,,,,,
NOKIA,3AB23124AA,ISAB2 CARD,,,,,
NOKIA,3AG06840AA,ALARM UNIT,,,,,
NOKIA,3AG06842AA,PREAMPLIFIER FC/PC,,,,,
NOKIA,3AG16424AB,1*16.5DBM OPTICAL AMPLIFIER,,,,,
NOKIA,3AG24102AA,FLCCONGI,,,,,
NOKIA,3AG24102AB,FLCCONGI ENH,€2 -190.5,$0.00,,,
NOKIA,3AG24103AA,FLCSERVI-ENH 1678MCC,,,,,
NOKIA,3AG24150AA,Board LA20,€0.0,$0.00,,,
NOKIA,3AG24161AA,P4S64X,,,,,
NOKIA,3AG24173AA,1678 MCC HO Matrix 320GBIT/S,,,,,
NOKIA,3AG24174AA,MX160GE,,,,,
NOKIA,3AG24176AA,3AG24176AA-1678-MCC 4 X STM16 PT/SFP,€0.0,$0.00,,,
NOKIA,3AG24181AB,P8GEFC,,,,,
NOKIA,3AG24186AB,LAX20,,,,,
NOKIA,3AG24214AB,METROPOLIS WSM STM64 XFP PRNT MODULE ,,,,,
NOKIA,3AG24262AA,1678 MCC ALM ALARM Board,€821.4,$0.00,,,
NOKIA,3AG24268AAAA,ACCESSORY KIT 1678,,,,,
NOKIA,3AG24327AA,1678 MCC LAC 40 Interconnect (40 Gbit/s) Board,€821.4,$0.00,,,
NOKIA,3AG24328AA,1678 MCC LX 160 LO Centerstage MATRIX Board 160 Gb,€0.0,$0.00,,,
NOKIA,3AG24354AA,FAN FILTER,,,,,
NOKIA,3AG24457AAAA,STORAGE BOX,,,,,
NOKIA,3AG24476AA,1678 MCC 2X 10 GBE PRT/XFP,€492.9,$0.00,,,
NOKIA,3AG26009DA,OADC 1300 - MXR BD,,,,,
NOKIA,3AG26009EA,OADC1750,,,,,
NOKIA,3AG26009FA,OCNC1280,,,,,
NOKIA,3AG26013AB,356.402.014 SMF Optical Cable,,,,,
NOKIA,3AG33008AB,PSF3T8,,,,,
NOKIA,3AG33025AB,1830 PSS SWITCH MATRIX,,,,,
NOKIA,3AG33102AA,BUS TERMINATION 1830 PSS-64,,,,,
NOKIA,3AG33104AA,BTC3T8,,,,,
NOKIA,3AG33295AA,1830/1870 PSS 10X10G UNIVERSAL /XFP,€547.6,$0.00,,,
NOKIA,3AG33662AA,10AN10G,,,,,
NOKIA,3AG33727AA,FLC36EA,,,,,
NOKIA,3AG34224AA,100G UNIVERSAL /CFP 1 AN 100G,€1 -150.0,$0.00,,,
NOKIA,3AK17095ACJA,,,,,,
NOKIA,3AK27076AB,4003 BASIC TELEPHONE ANTHRACITE,,,,,
NOKIA,3AK27103AD,CTI ADAPTER,,,,,
NOKIA,3AK27124AB,NOKIA REFLEXES PLUGWARE,,,,,
NOKIA,3AL07007BC,IOB140,,,,,
NOKIA,3AL07007EE,1641 SX 3AL07007EE 1641 SX-PBA IOB140-A,,,,,
NOKIA,3AL07011EC,1641 SX 3AL07011EC EPB EXTERNAL PROT. BOARD,,,,,
NOKIA,3AL07013EB,1641 SX 3AL07013EB SPB SATELLITE PROT. BOARD,,,,,
NOKIA,3AL07018EF,1641 SX 3AL07018EF ETB EXTENSION BOARD,,,,,
NOKIA,3AL07022BC,HDD3,,,,,
NOKIA,3AL07022BD,HDD3,,,,,
NOKIA,3AL07022BE,HDD3,,,,,
NOKIA,3AL07023BA,CONV,,,,,
NOKIA,3AL07023EA,CONV,,,,,
NOKIA,3AL07385EB,0,,,,,
NOKIA,3AL07453BA,PSW,,,,,
NOKIA,3AL07453EA,PSW,,,,,
NOKIA,3AL07584BB,CCBA ,,,,,
NOKIA,3AL07584BC,CCBA,,,,,
NOKIA,3AL07676EB,0,,,,,
NOKIA,3AL07784EC,CONV3,,,,,
NOKIA,3AL07877BA,TSB,,,,,
NOKIA,3AL07878BB,CSBS,,,,,
NOKIA,3AL07992BA,DCFA,,,,,
NOKIA,3AL34004AA,1651SM/1661SMC,,,,,
NOKIA,3AL34005AB,1641SM/1651SMC,,,,,
NOKIA,3AL34007AA,140/STM-1 SWITCH MODULE,,,,,
NOKIA,3AL34008AA,3X34MB / S & 34/2MB/SWITCH MOD,,,,,
NOKIA,3AL34009AA, SWITCH MODULE 2 MB/S 120 OHM,,,,,
NOKIA,3AL34017AA,AND OR/3 SUB-UNIT,,,,,
NOKIA,3AL34018AA,AUI-10B2 ADAPTER/2,,,,,
NOKIA,3AL34019AA,,,,,,
NOKIA,3AL340224AA,Bus Termination,,,,,
NOKIA,3AL34024AA,FUTURE BUS TERMINATION,,,,,
NOKIA,3AL34024AB,FUTURE BUS TERMINATION,,,,,
NOKIA,3AL34032AAA,CRAFT TERMINAL,,,,,
NOKIA,3AL34065AA,3X34 MB/S TRIBUTARY,,,,,
NOKIA,3AL34066AA,140/STM1 CARD ,,,,,
NOKIA,3AL34067AA,ELECTRICAL STM-1 ,,,,,
NOKIA,3AL34069AA,L-4.2 STM-4 AGGREGATE,,,,,
NOKIA,3AL34072AA,FULL MATRIX,,,,,
NOKIA,3AL34074AA,CLOCK REF.UNIT 150/600,,,,,
NOKIA,3AL34075AA,21X2MB/S TRIB ,,,,,
NOKIA,3AL34075AB,21X2 MB/S 75 OHM TRIBUTARY,,,,,
NOKIA,3AL34075AC,21X2MB ENH 120OHM CARD,,,,,
NOKIA,3AL34080AA,TRIBUTARIO ELECTRICO 3X45 MB/S,,,,,
NOKIA,3AL34081AA,EQUIPMENT CONTROLLER,,,,,
NOKIA,3AL34273AA,S-1.1 AGGREGATE FC,,,,,
NOKIA,3AL34275AA,STM1 155,,,,,
NOKIA,3AL34277AA,STM-1 S-1.1 TRIBUTARY FC,,,,,
NOKIA,3AL34281AA,,,,,,
NOKIA,3AL34291AA,L-4.1 STM-4 AGGR FC/PC,,,,,
NOKIA,3AL34292AA,S-4.1 STM-4 AGG FC/PC,,,,,
NOKIA,3AL34324AA,S-1.1 OPTICAL TRIBUTARY,,,,,
NOKIA,3AL34344AA,0,,,,,
NOKIA,3AL34349AA,75 OHM SYNC.ADAPTER/2,,,,,
NOKIA,3AL34358AA,L-1.2 JE AGGREGATE FC,,,,,
NOKIA,3AL34359AA,1661 SM/C 3AL34359AA 16XX ADM 1G-AGREGAT L-1.2 FC (comp.PN.411100216),,,,,
NOKIA,,1661 SM/C 3AL34359AA 16XX ADM 1G-AGREGAT L-1.2 FC (comp.PN.3AL34359AA),,,,,
NOKIA,3AL34453AE,AUX/EOW / 2,,,,,
NOKIA,3AL34481AA,ADM 600 INTERFACE,,,,,
NOKIA,3AL34652AA,S-4.1 AGGREGATE SC,,,,,
NOKIA,3AL34711AB,N+1 SWITCH 34/140 MB/S,,,,,
NOKIA,3AL34722AA,Termination Bus,,,,,
NOKIA,3AL34725AA,1664SM SHELF,,,,,
NOKIA,3AL34727AA,S-16.1 AGGREGATE SC/PC,,,,,
NOKIA,3AL34727AB,S-16.1 AGGREGATE SC/PC,,,,,
NOKIA,3AL34727AC,OPTICAL AGG TYPE FC S-16.1 N,,,,,
NOKIA,3AL34727BB,S-16.1 AGGREGATE SC/PC,,,,,
NOKIA,3AL34727BC,Optical Agg. S-16.1 Evol FC/PC,,,,,
NOKIA,3AL34728AA, STM-16 AGGREGATE FC/PC - L16.1,,,,,
NOKIA,3AL34728BC,L-16 N AGGREGATE (1664) FC/PC,,,,,
NOKIA,3AL34729AB,L-16.2 AGGREGATE PORT SC,,,,,
NOKIA,3AL34729BD,L-16.2,,,,,
NOKIA,3AL34730BC,OPTICAL AGGREGATE L 16.2 J E-1,,,,,
NOKIA,3AL34731AA,140-155 ELECTRICAL BI-TRIBUTARY,,,,,
NOKIA,3AL34731AB,140 OR STM1 ,,,,,
NOKIA,3AL34732AA,SMEC 2A 8R+16F,,,,,
NOKIA,3AL34787AA,ENHANCED CRU 0.37 PPM,,,,,
NOKIA,3AL34918AA,L - 1.2 OPT TRIBUTARY INTF FC,,,,,
NOKIA,3AL34962AA,1664SM STM-16 AGGREGATE FC/PC,,,,,
NOKIA,3AL34962AB,L-16.2 JE-2 SC,,,,,
NOKIA,3AL34963AA,Power Supply,,,,,
NOKIA,3AL34964AA,CABLE,,,,,
NOKIA,3AL34986AA,MODULE,,,,,
NOKIA,3AL35702AA,S9 TOP RACK UNIT,,,,,
NOKIA,3AL35792AB,1651SM/1661SMC,,,,,
NOKIA,3AL35808AA,ENHANCED CRU,,,,,
NOKIA,3AL35811AB,L-16.2 HM1 SC AGGREG,,,,,
NOKIA,3AL35853AA,S-16.1 ID OPTICAL AGGREGATE UN,,,,,
NOKIA,3AL35854AA,L-16.2 JE1 HM1 AGGREG,,,,,
NOKIA,3AL35854AB,L-16.2 JE1 HM1 AG,,,,,
NOKIA,3AL35855AA,AGREG. OPTICO,,,,,
NOKIA,3AL35855AB,0,,,,,
NOKIA,3AL35962AA,BOOSTER + 10DBM FC/PC_,,,,,
NOKIA,3AL35962AB,0,,,,,
NOKIA,3AL35963AB,BSTR UNIT +13DBM SC/PC ,,,,,
NOKIA,3AL35964AA,1664 OA +15 DBM BOOSTER,,,,,
NOKIA,3AL35974AA,S-1.1 OPTICAL BI-TRIB. SC/PC,,,,,
NOKIA,3AL35974AB,0,,,,,
NOKIA,3AL35974AD,S-1.1 OPTICAL BI-TRIB. SC/PC,,,,,
NOKIA,3AL35975AD,S1.1 OPTICAL BITRID,,,,,
NOKIA,3AL36010AA,AND OR/3 SUB-UNIT,,,,,
NOKIA,3AL36153AB, 21X2 PROT ACC MOD 120/K20,,,,,
NOKIA,3AL36154AA,21X2 PROTECTED ACCESS MODULE 7,,,,,
NOKIA,3AL36155AA,3X34/45 PROT. ACC. MODULE ,,,,,
NOKIA,3AL36155AB,3X34/45 PROTECTION ACCESS MODU,,,,,
NOKIA,3AL36156AB,140-STM-1 PROTECTED ACCESS MODULE,,,,,
NOKIA,3AL36158AA,TRANS MUX/TRIB UNIT,,,,,
NOKIA,3AL36159AA,AUX CONNECTION ACCESS MODULE,,,,,
NOKIA,3AL36160AA,POWER ACCESS MODULE,,,,,
NOKIA,3AL36161AB,QX & SYNCH 1.0/2.3 ACCESS MODULE,,,,,
NOKIA,3AL36162AA,ALARM INTERFACE ACCESS MODULE,,,,,
NOKIA,3AL36258BC,AGR OPTICO 2.5GB L16.2JE3 64 ENH,,,,,
NOKIA,3AL36266AA,SERIALIZER PLUS,,,,,
NOKIA,3AL36266AC,Serializer Plus,,,,,
NOKIA,3AL36294AA,S-4.1,,,,,
NOKIA,3AL36306AA,1660 SM Rel.5 HPROT (15+1),€0.0,$0.00,,,
NOKIA,3AL36310AA,ISA ASI - DVB ACCESS MODULE,,,,,
NOKIA,3AL36311AA,ISA ASI - DVB PORT,,,,,
NOKIA,3AL36451AA,16 x 16 Matrix 1651SM/ 1661 SMC,,,,,
NOKIA,3AL36516BA,S-16.1 ID SC AGGREGATE,,,,,
NOKIA,3AL36516BB,S-16.1 ID SC AGGREGATE CARD,,,,,
NOKIA,3AL36517BA,L-16.1 ID FC AGGREGATE,,,,,
NOKIA,3AL36518AA,L-16.2 ID AGGR. PORT ,,,,,
NOKIA,3AL36518BB,L-16.2 JE-1 ID AGGR. PORT ,,,,,
NOKIA,3AL36519BA,L16.2 JE1 AGG.61.FC/PC ENHANCE,,,,,
NOKIA,3AL36897AAAA,SWP-1651SMR25-V1.0,,,,,
NOKIA,3AL37427AA,AUI-10BT ADAPTER,,,,,
NOKIA,3AL37465AA,QX 10BT 1 SYNCH 1.0/2.3 ACCESS,,,,,
NOKIA,3AL37480AA,POWER ACCESS MODULE/2,,,,,
NOKIA,3AL37558AB,STM-1 / Electrical Interface,,,,,
NOKIA,3AL37789AA,CABLE,,,,,
NOKIA,3AL38414AA,1678-MCC NEW GEN TOP RK BYPASS,,,,,
NOKIA,3AL38414AC,NGBYP,,,,,
NOKIA,3AL38426AA,Board,€164.3,$0.00,,,
NOKIA,3AL38426AB,TRU,,,,,
NOKIA,3AL46258BB,RAB,,,,,
NOKIA,3AL46258BC,ALM,,,,,
NOKIA,3AL46325BA,RPB,,,,,
NOKIA,3AL46325BB,RPB - MVME 187-35B,,,,,
NOKIA,3AL46379EA,1641 SX 3AL46379EA EXBA MATRIX BOARD,,,,,
NOKIA,3AL46394BA,ALARM BOARD,,,,,
NOKIA,3AL48918AA,STORAGE UNIT,,,,,
NOKIA,3AL67998AA,1322 VD,,,,,
NOKIA,3AL68837EA,1641 SX 3AL68837EA STM-1S FC-PC,,,,,
NOKIA,3AL68854EE,MCB,,,,,
NOKIA,3AL68971EA,DSB,,,,,
NOKIA,3AL69045AB,CLOCK DISTRIBUTION BOARD,,,,,
NOKIA,3AL70118AA,UC0NM0,,,,,
NOKIA,3AL74454AA,LIF2L,,,,,
NOKIA,3AL74704AA,NAU-P10,,,,,
NOKIA,3AL74806AA,1686WM,,,,,
NOKIA,3AL74806AB,1686 WM,,,,,
NOKIA,3AL74811AA,EXPANSION 16:1,,,,,
NOKIA,3AL74838AA,DCC + AUX,,,,,
NOKIA,3AL74846AB,WLA_SHELF,,,,,
NOKIA,3AL74910AA,AC497,,,,,
NOKIA,3AL74981AA,WB 1925 OXA SPV           ,,,,,
NOKIA,3AL74981AB,OFA 1925 +17DBM,,,,,
NOKIA,3AL74981BA,OFA 1925 +14 1510 SPV BOOSTER,,,,,
NOKIA,3AL74981BB,OFA 1925 +17 1510 SPV - BOOSTER,,,,,
NOKIA,3AL74981CB,+20DBM WB OXA AMPLIFER,,,,,
NOKIA,3AL74981DB,0,,,,,
NOKIA,3AL75172AA,ENET,,,,,
NOKIA,3AL78815AA,S-1.1 / Optical Interface,,,,,
NOKIA,3AL78815AB,IS-1.1,,,,,
NOKIA,3AL78816AA,Board SERGI,€164.3,$0.00,,,
NOKIA,3AL78817AA,Service,€0.0,$0.00,,,
NOKIA,3AL78818AA,1660 SM 2x140/STM-1 Optic/electric adapter,€136.9,$0.00,,,
NOKIA,3AL78821AA,0,,,,,
NOKIA,3AL78821BA,1660 SM 4xSTM-1 Optical / Electrical Board (w/o mo,€328.6,$0.00,,,
NOKIA,3AL78823AA,1660 SM 4XSTM1 ELECTR. PORT/1,€136.9,$0.00,,,
NOKIA,3AL78828AA,SUBRACK - 1650SM/C SHELF,,,,,
NOKIA,3AL78830AA,1660 SM Control And Common I/F,€221.2,$0.00,,,
NOKIA,3AL78830AC,CONGI,,,,,
NOKIA,3AL78830AD,1660SM CONTROL & GENERAL I/F,€0.0,$0.00,,,
NOKIA,3AL78830AE,1660SM CONGI CARD (03 & AA02 versions),€0.0,$0.00,,,
NOKIA,3AL78830AE03,3AL78830AE,€220.1,$0.00,,,
NOKIA,3AL78830AEAA02,3AL78830AE,€221.2,$0.00,,,
NOKIA,3AL78830AE.03,3AL78830AE,€220.1,$0.00,,,
NOKIA,3AL78830AE.AA02,3AL78830AE,€221.2,$0.00,,,
NOKIA,3AL78830AF,ETSI ONLY - SSY-CONTROL AND GENERAL I/F,,,,,
NOKIA,3AL78831AA,INTERFACE 21 X 2 MB/S 75 OHM,,,,,
NOKIA,3AL78832AA,1660 SM Access Module for 21x2 Mbit/s 120 ohms,€218.0,$0.00,,,
NOKIA,3AL78833AA,FOX UNIT,,,,,
NOKIA,3AL78834AA,1660SM SHELF,,,,,
NOKIA,3AL78835AA,4-PORT STM-1 ELECTRICAL 75 OHM,€0.0,$0.00,,,
NOKIA,3AL78836AA,1660 SM Rel.4 EQUICO,€410.7,$0.00,,,
NOKIA,3AL78836AB,PQ2/EQC,€0.0,$0.00,,,
NOKIA,3AL78836AC,EQUICO,,,,,
NOKIA,3AL78836AD,PQ2/EQCN,,,,,
NOKIA,3AL78837AA,1650SMC 19 / 21 ADAPTER,,,,,
NOKIA,3AL78838AA,L-1.1 / Optical Interface,,,,,
NOKIA,3AL78838AA.AE01,3AL78838AA (AE01),,,,,
NOKIA,3AL78839AA,L-1.2 / Optical Interface,,,,,
NOKIA,3AL78842AA,AC/DC RECTIFIER,,,,,
NOKIA,3AL78842AB,AC/DC RECTIFIER,,,,,
NOKIA,3AL78848BA,1660 SM Matrix Unit (w/o protection),€191.7,$0.00,,,
NOKIA,3AL78849AA,1660 SM 3x34/45 Mbit/s HPROT,€136.9,$0.00,,,
NOKIA,3AL78856AL,L-4.2 JE,,,,,
NOKIA,3AL78856AM,L-4.2N,,,,,
NOKIA,3AL78856BA,S-4.1 PORT/1 FC/PC,,,,,
NOKIA,3AL78856BB,S4.1N,,,,,
NOKIA,3AL78856BD,L-4.1 PORT SC/PC,,,,,
NOKIA,3AL78856BF,L-4.2 PORT/1 SC/PC	,,,,,
NOKIA,3AL78864AA,1660 SM 3x34/45 Mbit/s port (w/o access Module),€383.3,$0.00,,,
NOKIA,3AL78865AA,3 X 34 MBIT/S 75 OHM,,,,,
NOKIA,3AL78865AB,1660 SM 3x34/45 Mbit/s access,€219.0,$0.00,,,
NOKIA,3AL78866AA,3X45 MB/S 75 OHM,,,,,
NOKIA,3AL78866AB,3X45 MB/S 75 OHM,,,,,
NOKIA,3AL78894CA,S-16.1ND,,,,,
NOKIA,3AL78895CA,1660 SM S-16.1 Optical Port SC/PC with optical ju,€383.3,$0.00,,,
NOKIA,3AL78896CA,L-16.1ND,,,,,
NOKIA,3AL78898AA,L16.2 ,,,,,
NOKIA,3AL78899CA,1660 SM L-16.2 PORT SC/PC/16C,€230.0,$0.00,,,
NOKIA,3AL78916AA,21X2 MBIT/S PORT,,,,,
NOKIA,3AL78938AA,MATRIX HI-CAP,€0.0,$0.00,,,
NOKIA,3AL78962AA,OMSN BOOSTER+10DBM FC/PC,,,,,
NOKIA,3AL78962BA,OMSN BOOSTER+10DBM SC/PC,,,,,
NOKIA,3AL78962BC,OMSN BOOSTER+15DBM SC/PC,,,,,
NOKIA,3AL78963AD,PREAMPL.2.5GB/S SC/PC CH34,,,,,
NOKIA,3AL79029AA,L-16.2ND ,,,,,
NOKIA,3AL79029BA,L-16.2N,,,,,
NOKIA,3AL79029CB,PORT L-16.2 JE2 SC/PC/1,,,,,
NOKIA,3AL79030CA,L-16.2ND,,,,,
NOKIA,3AL79076AA,1678 MCC TERMINATION BUS Board,€164.3,$0.00,,,
NOKIA,3AL79088AC,1660SM TERMINATION BUS UNIT (Versiıons: AA01 - ),€0.0,$0.00,,,
NOKIA,3AL79088AC.AA01,3AL79088AC (version AA01),,,,,
NOKIA,3al79088acaa01,3AL79088AC (version AA01),€0.0,$0.00,,,
NOKIA,3AL79090BA,SYNTH1N,,,,,
NOKIA,3AL79092AA,1660SM PORT 63X2 MB/S 1.0/2.3 G703/ISDN-PRA,€0.0,$0.00,,,
NOKIA,3AL79092AB,P63E1N,,,,,
NOKIA,3AL79092AC,P63E1N,,,,,
NOKIA,3AL79106AA,REMEP16,,,,,
NOKIA,3AL79107AA,A4S1,,,,,
NOKIA,3AL79113CA,MATR-SMR,,,,,
NOKIA,3AL79114AA,FAN TRAY,,,,,
NOKIA,3AL79135AA,CONGIHC,,,,,
NOKIA,3AL79135AB,1670-1660 SM ASEL Control & GENERAL I/F HC 3W,€109.5,$0.00,,,
NOKIA,3AL79151AA,ASR70M,,,,,
NOKIA,3AL79152AA,1670 SM 16XSTM-1 OPT/EL PORT,€1 -095.2,$0.00,,,
NOKIA,3AL79163AA,A21E1,,,,,
NOKIA,3AL79166BA,HCLINK,,,,,
NOKIA,3AL79176AA,P4S4N,,,,,
NOKIA,3AL79177AA,0,,,,,
NOKIA,3AL79178AA,S-16.1SD,,,,,
NOKIA,3AL79178AB,L16.1SD,,,,,
NOKIA,3AL79179AA,S-16.1SD,,,,,
NOKIA,3AL79187BD,L-16 2ND,,,,,
NOKIA,3AL79192AA,4X2 MBIT/S 75/120 OHM,,,,,
NOKIA,3AL79242AA,ID SHELF,,,,,
NOKIA,3AL79245AA,SR70M,,,,,
NOKIA,3AL79263AA,P4E4N,,,,,
NOKIA,3AL79284AA,S-64.2,,,,,
NOKIA,3AL79284AB,STM-64 PORT,,,,,
NOKIA,3AL79284AD,S-64.2N,,,,,
NOKIA,3AL79340AA,IS-4.1,,,,,
NOKIA,3AL79451AA,NOKIA IS4.1 Card,,,,,
NOKIA,3AL79452AA,1640 SERIES 3AL79452AA 1640 SERIES-L-4.1 OPTICAL INTERFACE FC/PC,,,,,
NOKIA,3AL79452AB,IL-4.1,,,,,
NOKIA,3AL79453AA,IL-4.2,,,,,
NOKIA,3AL79453AB,IL-4.2,,,,,
NOKIA,3AL79463AA,OPTINEX RACK INST. KIT X OMSN,,,,,
NOKIA,3AL79533AA,M1E3,,,,,
NOKIA,3AL79536AA,M1T3,,,,,
NOKIA,3AL79624AA,SYNTH 4,€575.0,$0.00,,,
NOKIA,3AL79716AB,L-64.2,,,,,
NOKIA,3AL79718AQ,Coloured Transponder 10G,,,,,
NOKIA,3AL79726AA,GBETHMM,,,,,
NOKIA,3AL79728AA,PR64,,,,,
NOKIA,3AL79741AS,10G FILTER PREAMP,,,,,
NOKIA,3AL79772AA,FAN UNIT FOR FAN SHELF 19,€0.0,$0.00,,,
NOKIA,3AL79773AA,"1660 SM FANS SHELF 19""",€547.6,$0.00,,,
NOKIA,3AL80362AA,CABLE,,,,,
NOKIA,3AL80404AA,14XE/FE ISA,,,,,
NOKIA,3AL80407AA,Board ,€438.1,$0.00,,,
NOKIA,3AL80411AB,1660SM/1650SM-C ISA GBE ACCESS CARD /2,€0.0,$0.00,,,
NOKIA,3AL80492AA,1670 SM 16XSTM1 ELECTRICAL ACCESS,€109.5,$0.00,,,
NOKIA,3AL80702AA,GETH-MB,,,,,
NOKIA,3AL80702AB,GETH-MB,,,,,
NOKIA,3AL80741AA,L-1.2 OPTIC. INTER. FC/PC,,,,,
NOKIA,3AL80743AA,GBETHSM,,,,,
NOKIA,3AL80802AA,S-64.2E,,,,,
NOKIA,3AL80802AB,Transponder STM 64 PORT L-64.2E,,,,,
NOKIA,3AL80881AA,I-16.1ND,,,,,
NOKIA,3AL80884AA,I-16.1SD,,,,,
NOKIA,3AL80915AA,case emc 1.02/2.3 for cable 3 -6,,,,,
NOKIA,3AL80948AA,1670 SM 16XSTM1 OPT. PORT COMPACT,€109.5,$0.00,,,
NOKIA,3AL80949AA,12-PORT STM1 OPTICAL ACCESS UNIT,,,,,
NOKIA,3AL81072AA,1660SM MATRIX ENHANCED UNIT,€0.0,$0.00,,,
NOKIA,3AL81205AA,FAN UNIT,,,,,
NOKIA,3AL81205AB,1678 MCC NG FAN UNIT,€0.0,$0.00,,,
NOKIA,3AL81205AC,FAN UNIT,,,,,
NOKIA,3AL81209AB,1678 MCC TERMINATION BUS,€0.0,$0.00,,,
NOKIA,3AL81224AB,SR78 1678 CHASSIS,,,,,
NOKIA,3AL81269AA,1670 SM 16XSTM-1 HIGH SPEED PROTECTION,€54.8,$0.00,,,
NOKIA,3AL81289AA,1660SM STM16 SLIM PT-UP SFP,€0.0,$0.00,,,
NOKIA,3AL81292AA,1678 MCC 4xI64.1 PORT SC/PC,€402.5,$0.00,,,
NOKIA,3AL81295AA,Board P16S16 Board,€1 -150.0,$0.00,,,
NOKIA,3AL81429AA,1678 MCC HIGH ORDER MATRIX 640 GB (4096XSTM1),€219.0,$0.00,,,
NOKIA,3AL81434AA,CO-16   1660/1662,€0.0,$0.00,,,
NOKIA,3AL81502AA,1678-MCC POWER SUPPLY FILTER,€0.0,$0.00,,,
NOKIA,3AL81639AA,KIT-CABLING ETHERNET,,,,,
NOKIA,3AL81656AD,NGTRU,,,,,
NOKIA,3AL81776AA,0,,,,,
NOKIA,3AL81863AA,SDH SYNC ADAPTER 750HM UNBAL,,,,,
NOKIA,3AL81879AB,ISA-ES4  8FE+1GE,,,,,
NOKIA,3AL81879BA,Board 1660 SM ES4-8FE,€230.0,$0.00,,,
NOKIA,3AL81887AA,0,,,,,
NOKIA,3AL81915AA,ISA-ES16,,,,,
NOKIA,3AL81915AB,ISA-ES16,€0.0,$0.00,,,
NOKIA,3AL81915BA,ISA-ES16B,€0.0,$0.00,,,
NOKIA,3AL82055AA,AXIOM 10GBASE-LR XFP,,,,,
NOKIA,3AL82068AA,0,,,,,
NOKIA,3AL85501DA,APSD,,,,,
NOKIA,3AL85503AA,LB-OMDX-F / 1686-WM,,,,,
NOKIA,3AL85503AB,MUX/DEMUX BLUE BAND,,,,,
NOKIA,3AL85527AG,STM-16 WLA 193.5,,,,,
NOKIA,3AL85527CF,0,,,,,
NOKIA,3AL85540AC,,,,,,
NOKIA,3AL85540AD,,,,,,
NOKIA,3AL85540AE,,,,,,
NOKIA,3AL85540AF,,,,,,
NOKIA,3AL85540AG,,,,,,
NOKIA,3AL85540AH,,,,,,
NOKIA,3AL85540BE,,,,,,
NOKIA,3AL85560AB,NOKIA WLA-RS-16.1 1686 WM - S-16.1 LH WLA RX CARD,,,,,
NOKIA,3AL85560AC,NOKIA-Lucent S-16.1 Lh Wla Tx 192.7 6400 Card,,,,,
NOKIA,3AL85560AD,,,,,,
NOKIA,3AL85560AE,WLA-TX FEC-EN,,,,,
NOKIA,3AL85560AF,WLA-TX FEC-EN,,,,,
NOKIA,3AL85560AG,WLA TS-16.1 35,,,,,
NOKIA,3AL85560AH,,,,,,
NOKIA,3AL85560BE,WLA TX CH 31-12800,,,,,
NOKIA,3AL85560BH,WLA TX CH 37-12800,,,,,
NOKIA,3AL85560DE,S-16.1 LH WLA TX 193.0 6400,,,,,
NOKIA,3AL85561AA,WLA-RS-16.1,,,,,
NOKIA,3AL86440AA,DC/DC CONVERTER PLUS,,,,,
NOKIA,3AL86453AA,IECB-BRIDGE,,,,,
NOKIA,3AL86603AE,0,,,,,
NOKIA,3AL86603AG,0,,,,,
NOKIA,3AL86603BE,1696 METROSPAN MCC MULTI-RATE,,,,,
NOKIA,3AL86603BF,1696 METROSPAN ENHANCED MULTI-RATE CHANNEL,,,,,
NOKIA,3AL86603BG,MCC2,,,,,
NOKIA,3AL86606AB,SUPERVISORY CHANNEL + OH,,,,,
NOKIA,3AL86607AA,1696 METROSPAN SHELF ,,,,,
NOKIA,3AL86615AA,OMDX8,,,,,
NOKIA,3AL86615AB,OMDX8100_M_L2,,,,,
NOKIA,3AL86615AJ,1X8 MUX/DEMUX 300-380 +EXP,,,,,
NOKIA,3AL86625AA,ENH FAN MODULE,,,,,
NOKIA,3AL86625AB,ENH FAN MODULE,,,,,
NOKIA,3AL86637AA,OADM 8 CH 300-380 + SPV,,,,,
NOKIA,3AL86637AB,MDX 2 EUS,,,,,
NOKIA,3AL86637AD,OADM8100_M_S2_S,,,,,
NOKIA,3AL86637BA,1696 METRO SPAN OADM,,,,,
NOKIA,3AL86637BB,OPTO,,,,,
NOKIA,3AL86637BC,OADM 4 CH 200-230 +SPV,,,,,
NOKIA,3AL86637BE,OADM 4 CH 520-550 +SPV,,,,,
NOKIA,3AL86637BF,1696 METRO SPAN OADM,,,,,
NOKIA,3AL86639AA,4X ANY HOST,,,,,
NOKIA,3AL86652AA,Power Supply,,,,,
NOKIA,3AL86652AB,PSC3,,,,,
NOKIA,3AL86653AA,LAN ACCESS CARD,,,,,
NOKIA,3AL86654AA,USER I/F 2 MB,,,,,
NOKIA,3AL86661AA,0,,,,,
NOKIA,3AL86661AB,ESC LC,,,,,
NOKIA,3AL86661AC,ESC/3,,,,,
NOKIA,3AL86668AA,HOUSEKEEPING,,,,,
NOKIA,3AL86668AC,ESC/3,,,,,
NOKIA,3AL86672AA,OH-I,,,,,
NOKIA,3AL86674AA,OL-I,,,,,
NOKIA,3AL86703AA,1696 METROSPAN OFA,,,,,
NOKIA,3AL86703AB,1696 METROSPAN OFA,,,,,
NOKIA,3AL86703AC,OAC2,,,,,
NOKIA,3AL86703AD,1696 METROSPAN OPTICAL AMPLIFIER CARD,,,,,
NOKIA,3AL86712AA,EQPT CONTR,,,,,
NOKIA,3AL86750AA,CABLE,,,,,
NOKIA,3AL86751AA,CABLE,,,,,
NOKIA,3AL86752AB,CABLE,,,,,
NOKIA,3AL86769AA,CABLE,,,,,
NOKIA,3AL86778AB,NOKIA 1696MS AD,,,,,
NOKIA,3AL86778AC,OADM ,,,,,
NOKIA,3AL86778AD,OADM ,,,,,
NOKIA,3AL86778AE,1696 METRO SPAN ADM,,,,,
NOKIA,3AL86778AF,OADM,,,,,
NOKIA,3AL86834AL,MODULE,,,,,
NOKIA,3AL86870AA,1696M SPAN HS DRAWER,,,,,
NOKIA,3AL86892AA,1696 METROSPAN MULTIPLE VARIABLE ATTENUATION CARD,,,,,
NOKIA,3AL86893AA,OSM_C,,,,,
NOKIA,3AL86977AA,NOKIA CPU,,,,,
NOKIA,3AL87009AA,REMOTE ALARM CARD,,,,,
NOKIA,3AL87082AA,NOKIA 1686WM WA ,,,,,
NOKIA,3AL87083AA,0,,,,,
NOKIA,3AL89540AA,P16S1-4  1678MCC,,,,,
NOKIA,3AL89559AA,METALLIC FAN GRID ,,,,,
NOKIA,3AL89561AB,1660 SM Rel.5 ASSEMBLED FANS UNIT,€657.1,$0.00,,,
NOKIA,3AL89561AB.AC05,3AL89561AB,€766.7,$0.00,,,
NOKIA,3AL89584AA,1678-MCC METRO CORE CONNECT ,,,,,
NOKIA,3AL89584AA.AA,INS KIT 1678MCC REV9,,,,,
NOKIA,3AL89590AA,1678 MCC DC/DC CONVERTER STEP UP2000W,€219.0,$0.00,,,
NOKIA,3AL89590AA03,3AL89590AA,€0.0,$0.00,,,
NOKIA,3AL89590AG,(ETSI ONLY) OEM-STEPUP ETSI 1850TSS,,,,,
NOKIA,3AL89668AA,1660SM PORT 16XSTM1 - 4XSTM4,€0.0,$0.00,,,
NOKIA,3AL89669AA,A120S1E ,,,,,
NOKIA,3AL89670AA,1660 SM Rel.5 ELECTRICAL ACCESS 16XSTM1,€136.9,$0.00,,,
NOKIA,3AL89794AB,1660SM SUBRACK,,,,,
NOKIA,3AL89914AA,1650 SMC T BUS,,,,,
NOKIA,3AL91721AA,PLUGIN - OPTO TRX L-64,,,,,
NOKIA,3AL91790AA,1660 SM S-1.1 OPTIC.INTER. LC connector,€164.3,$0.00,,,
NOKIA,3AL91792AA,01 IL-1.2 OPTICAL INTERFACE LC,,,,,
NOKIA,3AL91793AA,IS-4.1,,,,,
NOKIA,3AL91794AA.AB01,L-4.1 OPT INTFC LC,,,,,
NOKIA,3AL91795AA,IL-4.2,,,,,
NOKIA,3AL91880AA,A120S1SE ,€0.0,$0.00,,,
NOKIA,3AL92108AB,MT320N,,,,,
NOKIA,3AL92108AC,UNIVERSAL MATRIX (TSS-320) W/ 40G LO (AN,,,,,
NOKIA,3AL92108AF,0,,,,,
NOKIA,3AL92110AC,EC320,,,,,
NOKIA,3AL92111AA,CARD 1 X OC-192 FOR TSS-320/100,,,,,
NOKIA,3AL92112AA,SSY-4XSTM16/4XOC-48 PORT,,,,,
NOKIA,3AL92113AA02,3AL92113AA,€547.6,$0.00,,,
NOKIA,3AL92112AA02,3AL92112AA,,,,,
NOKIA,3AL92112AA.02,3AL92112AA,€547.6,$0.00,,,
NOKIA,3AL92113AA,SSY-8XSTM1-4/8XOC3-12 PORT,€246.4,$0.00,,,
NOKIA,3AL92113AA.02,3AL92113AA,€246.4,$0.00,,,
NOKIA,3AL92114AA,1850 TSS-320 3AL92114AA 20G PACKET PROCESSOR (REQ. PIM) (1D),,,,,
NOKIA,3AL92116AA,,,,,,
NOKIA,3AL92117AA,1850 TSS-320 3AL92117AA 10X1GE PIM (REQ. SFP),,,,,
NOKIA,3AL92118AA,1850 TSS-320 3AL92118AA MULTISERVICE PIM,,,,,
NOKIA,3AL92151AA,S320,,,,,
NOKIA,3AL93279AA,MX20,,,,,
NOKIA,3AL93281AB,CONGIC,,,,,
NOKIA,3AL93290AB,Fanc,,,,,
NOKIA,3AL94207AB,TRBD1111 C+BAND/VSR-N,,,,,
NOKIA,3AL94207AC,0,,,,,
NOKIA,3AL94207DC,SSY-TRBD1121-S64.2/NRZ-ULH,,,,,
NOKIA,3AL94207EB,FULL C BAND,,,,,
NOKIA,3AL94207EC,SSY - TRBD1121 - TTRX NRZ 50GHz,,,,,
NOKIA,3AL94211AA,LOFA1110 ,,,,,
NOKIA,3AL94212AA,LOFA1120,,,,,
NOKIA,3AL94213AB,BOFA2000,,,,,
NOKIA,3AL94247AA,PSUP1000,,,,,
NOKIA,3AL94247AB,SPUP1000 ,,,,,
NOKIA,3AL94248BA,ESCT2000,,,,,
NOKIA,3AL94248CA,ESCT2000 SC,,,,,
NOKIA,3AL94249AA,0,,,,,
NOKIA,3AL94249CA,OSCU1010,,,,,
NOKIA,3AL94249DB,OSCU1010,,,,,
NOKIA,3AL94251AA,FANS1000,,,,,
NOKIA,3AL94252AA,0,,,,,
NOKIA,3AL94253AA,HSKU1000,,,,,
NOKIA,3AL94253AB,HSKU1100,,,,,
NOKIA,3AL94304AB,ESCT1000,,,,,
NOKIA,3AL94305AA,RAIU1000,,,,,
NOKIA,3AL94342AB, SPITRANS,,,,,
NOKIA,3AL94452AB,0,,,,,
NOKIA,3AL94452DB,SSY-TRBC 1111 TRIBUTARY CONC 1,,,,,
NOKIA,3AL94452EA,TRBC1111,,,,,
NOKIA,3AL94511AA,1626LM SHELF,,,,,
NOKIA,3AL94515AA,AIR FILTER RAMAN,,,,,
NOKIA,3AL94613AA,DUST FILTER,,,,,
NOKIA,3AL94639AB,3AL94639AB,,,,,
NOKIA,3AL94639AE,ALCT1010,,,,,
NOKIA,3AL94639AEA,0,,,,,
NOKIA,3AL94639AG,ALCT1010,,,,,
NOKIA,3AL94736AD,OADC1100,,,,,
NOKIA,3AL94736AE,OADC0104,,,,,
NOKIA,3AL94736AG,OCNC1220,,,,,
NOKIA,3AL94736CA,1626 LM OPT SPLTR CD,,,,,
NOKIA,3AL94740AA,CA-CHAIN ALARM CABLE,,,,,
NOKIA,3AL94756AA,OFC-MU/PC-MU/PC-S-20 CMDX CABLING KIT,,,,,
NOKIA,3AL94768AA.AA,HSKU CABLE,,,,,
NOKIA,3AL94814AA,KIT-REDUCTOR 20-20,,,,,
NOKIA,3AL94881AA,MA-DUMMY 352_25 W/O HANDLES,,,,,
NOKIA,3AL94882AA,MA-DUMMY 265_20 W/O HANDLES,,,,,
NOKIA,3AL94883AA,MA- DUMMY 73_20 LOWER,,,,,
NOKIA,3AL94943AA,ESCT2000 RJ45 CONN CABLE,,,,,
NOKIA,3AL94970AA,ETHC1000,,,,,
NOKIA,3AL95063AA,4XANY-P,,,,,
NOKIA,3AL95063AB,0,,,,,
NOKIA,3AL95113AA,NOKIA 1696MS Optical Protection Card,,,,,
NOKIA,3AL95150AA,PLUGGABLE MCC CH 20-21,,,,,
NOKIA,3AL95150AE,MCC3,,,,,
NOKIA,3AL95150AF,MCC3,,,,,
NOKIA,3AL95150AG,MULTI-CHANNEL CARD 193.5-193.6 THZ,,,,,
NOKIA,3AL95150AH,0,,,,,
NOKIA,3AL95150AJ,1696 METROSPAN MULTI-CHANNEL T,,,,,
NOKIA,3AL95238AC,OCC10E,,,,,
NOKIA,3AL95238AG,OCC10E,,,,,
NOKIA,3AL95238AQ,OCC10E,,,,,
NOKIA,3AL95238BG,OCC10E,,,,,
NOKIA,3AL95238BL,0,,,,,
NOKIA,3AL95238BN,OCC10 XFP APD CH33,,,,,
NOKIA,3AL95238BS,OCC10E,,,,,
NOKIA,3AL95238CC,OCC10E,,,,,
NOKIA,3AL95238CE,0,,,,,
NOKIA,3AL95238CP,OCC 10E,,,,,
NOKIA,3AL95238DF,OCC10E,,,,,
NOKIA,3AL95238ER,OCC1DE,,,,,
NOKIA,3AL95504AA,BMDX1000,,,,,
NOKIA,3AL95504AB,BMDX1100,,,,,
NOKIA,3AL95504EB,BMDX1100,,,,,
NOKIA,3AL95507AA,CMDX1010,,,,,
NOKIA,3AL95507AB,SSY-1:8 CMDX BAND 2,,,,,
NOKIA,3AL95507AC,CMDX1010,,,,,
NOKIA,3AL95507AD,CMDX1010,,,,,
NOKIA,3AL95507AE,CMDX1010,,,,,
NOKIA,3AL95507AF,CMDX1010,,,,,
NOKIA,3AL95507AG,CMDX1010,,,,,
NOKIA,3AL95507AH,CMDX1010,,,,,
NOKIA,3AL95507AJ,CMDX1010,,,,,
NOKIA,3AL95507AK,CMDX1010,,,,,
NOKIA,3AL95507AL,CMDX1010,,,,,
NOKIA,3AL95507AM,CMDX1010,,,,,
NOKIA,3AL95507EB,CMDX1012,,,,,
NOKIA,3AL95507ED,CMDX1012,,,,,
NOKIA,3AL95507EJ,CMDX1012,,,,,
NOKIA,3AL95529BC,OCPU2104,,,,,
NOKIA,3AL95801AA,RMPM1300,,,,,
NOKIA,3AL97006AA,MB,,,,,
NOKIA,3AL97014AA,OT1B1,,,,,
NOKIA,3AL97042AB,POWER Board NOKIA,€273.8,$0.00,,,
NOKIA,3AL97043AC,FAU Board NOKIA,€273.8,$0.00,,,
NOKIA,3AL97043AD,1642 EMUX FAN BOARD,,,,,
NOKIA,3AL97062BD,3AL97079BD - DE1JB8,,,,,
NOKIA,3AL97079AA,DE1B28,,,,,
NOKIA,3AL97079AB,DE1B8,,,,,
NOKIA,3AL97079AC,SDC1B28 NOKIA Board,€109.5,$0.00,,,
NOKIA,3AL97079AD,SDE1B8,,,,,
NOKIA,3AL97079BD,DE1JB8,,,,,
NOKIA,3AL97080AB,TDM MB ST CLOCK,,,,,
NOKIA,3AL97080AP,ADM,,,,,
NOKIA,3AL97080BR,MB,,,,,
NOKIA,3AL97081AC,MU48-1642 EDGE MULTIPLEXER,€547.6,$0.00,,,
NOKIA,3AL97083AA,STM1,,,,,
NOKIA,3AL97083BA,OT1B1,,,,,
NOKIA,3AL97085AB,,,,,,
NOKIA,3AL97086AA,E3B-1 EMUX Module,€109.5,$0.00,,,
NOKIA,3AL97089BA,CABLE,,,,,
NOKIA,3AL97109AD,Power Supply CABLE,,,,,
NOKIA,3AL97147AA,CABLE,,,,,
NOKIA,3AL97164AB,ES1-8FE,,,,,
NOKIA,3AL97164AC,ES1-8FE,,,,,
NOKIA,3AL97165AA,ISA-ES1 8FE,,,,,
NOKIA,3AL97165AC,ISA-ES18FE NOKIA Board,€164.3,$0.00,,,
NOKIA,3AL97165BA,ISA-ES1 8FEN,,,,,
NOKIA,3AL97194AA,ISA-ES1 3FE,,,,,
NOKIA,3AL97194AC,ES-13FE,,,,,
NOKIA,3AL97198AA,DE1B32,,,,,
NOKIA,3AL97219AA,MBN,,,,,
NOKIA,3AL97226AA,MBN,,,,,
NOKIA,3AL97237BA,1642 EMC Chassis DC-48V,,,,,
NOKIA,3AL97239BA,1642EMC - AC 220-240V~50-60Hz - 350mA,,,,,
NOKIA,3AL97335AA,FILTER,,,,,
NOKIA,3AL97343AA,1642 EMUX MAIN BOARD PRNCD,,,,,
NOKIA,3AL97379AA,ISA ES4-GE,,,,,
NOKIA,3AL97380AA,ES4-GE,,,,,
NOKIA,3AL97529BA,DUAL BASIC WLA MODULE - 3R,,,,,
NOKIA,3AL97653CB,,,,,,
NOKIA,3AL97653CD,,,,,,
NOKIA,3AL97654AB,MDX2-U-S,,,,,
NOKIA,3AL97657AA,WLA2,,,,,
NOKIA,3AL97679AA,1692/1696 Metrospan Compact,,,,,
NOKIA,3AL97706AA,TRBD1996,,,,,
NOKIA,3AL97768AA,HSKU CONECTION CABLE,,,,,
NOKIA,3AL97771BD,0AD2EU2-5961S,,,,,
NOKIA,3AL97795BA,DUAL TRSPDR PRNT CD,,,,,
NOKIA,3AL97795BB,WLA3CDOP,,,,,
NOKIA,3AL97800AA,2XGE,,,,,
NOKIA,3AL97800BA,2xGbEth,,,,,
NOKIA,3AL97800DA,2xGEFC E,,,,,
NOKIA,3AL97848AB,MVAC10,,,,,
NOKIA,3AL98009AB,1662 SMC STM-4/16,,,,,
NOKIA,3AL98023AA,E SERGI Power Supply,,,,,
NOKIA,3AL98026AA,1662 SMC LPROT,€657.1,$0.00,,,
NOKIA,3AL98029AA,A63E1-4T,,,,,
NOKIA,3AL98032AA,63X2 MB/S P.75 12TE,,,,,
NOKIA,3AL98035AA,63X2MB/S PROT.120 OHM HM (4TE),€438.1,$0.00,,,
NOKIA,3AL98038AB,BRAND NEW,,,,,
NOKIA,3AL98038AC,SYNTH16,,,,,
NOKIA,3AL98038AD,SYNTH16 without link Module,€287.5,$0.00,,,
NOKIA,3AL98038AD.AC05,SYNTH16 without link Module,,,,,
NOKIA,3AL98051AA,A63E1B,,,,,
NOKIA,3AL98097AA,"1662SMC  19""/21"" ADAPTER",,,,,
NOKIA,3AL98116AA,"FAN UNIT for FAN SHELF 19""",€273.8,$0.00,,,
NOKIA,3AL98122AA,Fan V2 shelf,,,,,
NOKIA,3AL98122AB,FAN V2 SHELF,,,,,
NOKIA,3AL98128AA,ES1-8FE,,,,,
NOKIA,3AL98128AA.AC01,1660   ISA-ES1 8FE Board,,,,,
NOKIA,3AL98128AB,ISA-ES1 8xE/FE,,,,,
NOKIA,3AL98128AC,ISA-ES1-8FE,,,,,
NOKIA,3AL98128BA,ES1-8FEB,,,,,
NOKIA,3AL98128BA.AC04,ES1-8FEB,,,,,
NOKIA,3AL98150AC,ISA-ES1 8FX ,,,,,
NOKIA,3AL98198AB,"1662SMC FIBER HOLDER 21""",,,,,
NOKIA,3AL98240AA,8XSTM-1/2XSTM-4 PORT SFP,€1 -095.2,$0.00,,,
NOKIA,3AL98267AA,METALLIC GRID ,,,,,
NOKIA,3AL98269AA,SERGI CARD,€402.5,$0.00,,,
NOKIA,3AL98269AA.AA01,1660SM GENERAL AND SERVICE UNIT (SERGI),,,,,
NOKIA,3AL98270AA,SAFTEY COVER,,,,,
NOKIA,3AL98294AA,2X140/STM1 O/E ADAPTER,,,,,
NOKIA,3AL98324AA,(ETSI ONLY) New Compact ADM4,,,,,
NOKIA,3AL98362AA,1662-SMC SDH LINE INTFC PRNCD,,,,,
NOKIA,3AM16209AB,TOPC,,,,,
NOKIA,3AM16211AA,COTA,,,,,
NOKIA,3AM16212AB,CW2B,,,,,
NOKIA,3AM16264AA,CNSA,,,,,
NOKIA,3AM16265AA,CNSB,,,,,
NOKIA,3AM16294AA,TS4C,,,,,
NOKIA,3AM16304AA,TETC,,,,,
NOKIA,3AM16317AA,CETA,,,,,
NOKIA,3AM16318AA,CETB,,,,,
NOKIA,3AM16359AA,WE2C,,,,,
NOKIA,3AM16375AA,TS8C,,,,,
NOKIA,3AM16377AA,CS8B,,,,,
NOKIA,3AM19897NA,FESC,,,,,
NOKIA,3AN49397AA,DUMMY PLATE W 20,,,,,
NOKIA,3AN49400AA,DUMMY PLATE W 35,,,,,
NOKIA,3AN51356AA,BLANK PLATE,,,,,
NOKIA,3AV500780034,Cable,,,,,
NOKIA,3AW00436ABAA,,,,,,
NOKIA,3AW00479AA,AEG POWER MPS270 270W RECTIFIE,,,,,
NOKIA,3AW00485AA,SAFT ACM-1D CONTROL CARD,,,,,
NOKIA,3AW00586AA,AR 586,,,,,
NOKIA,3AW00733AA,ACM1D,,,,,
NOKIA,3AW00990AA,SM700,,,,,
NOKIA,3AW01012AA,Control Module  OF M7780(ACM1000),,,,,
NOKIA,3AW01147DA,MPS700-3,,,,,
NOKIA,3BA23050AB,I02,,,,,
NOKIA,3BA23084AA,ACEM,,,,,
NOKIA,3BA23088AA,TNLO1,,,,,
NOKIA,3BA23088AB,TNLO11,,,,,
NOKIA,3BA23118AB,VPS35,,,,,
NOKIA,3BA23123AA,BBC155,,,,,
NOKIA,3BA23137AA,Carte LIOP NOKIA-Lucent OmniPCX 4400,,,,,
NOKIA,3BA23145AA,Carte LIOX NOKIA-Lucent OmniPCX 4400,,,,,
NOKIA,3BA23167AA,OMNI PCX 4400 LIOE MODULE,,,,,
NOKIA,3BA23173AA,CLIPIA CARD,,,,,
NOKIA,3BA23193AB,INTIP,,,,,
NOKIA,3BA23194AB,GIP6,,,,,
NOKIA,3BA23197BA,CPU 6,,,,,
NOKIA,3BA23219AA,GIP6A,,,,,
NOKIA,3BA53064AA,SPB CARD,,,,,
NOKIA,3BA53116AA,EMTL,,,,,
NOKIA,3BA53131AA,DTM,,,,,
NOKIA,3BA53152AA,COST-MO BOARD,,,,,
NOKIA,3BA56167AA,RU-TA BOX,,,,,
NOKIA,3BA56171AA,LU-TA,,,,,
NOKIA,3BA56191AMA,OMNIPCX 4400,,,,,
NOKIA,3BD19054BC,CCRA,,,,,
NOKIA,3BK07205AA,FAN UNIT,,,,,
NOKIA,3BK08713AA,PM11,,,,,
NOKIA,3BK08715AA,BAC2,,,,,
NOKIA,3BK27175BA,NOKIA-LUCENT TECHNOLOGIES TGT18,,,,,
NOKIA,3BK28064HA,Cable ,,,,,
NOKIA,3BK28706CB,RMXA09,,,,,
NOKIA,3BK28876AE,RRH60-21C,,,,,
NOKIA,3BK28961CA,9326 bCEMU-U,,,,,
NOKIA,3BL01142AA,NOKIA OCB283/E10 ACJ64 ,,,,,
NOKIA,3BL01174AA,NOKIA OCB283/E10 ACBSG,,,,,
NOKIA,3BL01176AA,NOKIA OCB283/E10 ACMGS,,,,,
NOKIA,3BL01177AA,NOKIA OCB283/E10 ACCSG,,,,,
NOKIA,3BL01234AA,NOKIA OCB283/E10 ACSTG1,,,,,
NOKIA,3BL01236AA,NOKIA OCB283/E10 ACDDG1,,,,,
NOKIA,3BL01236AB,NOKIA OCB283/E10 ACDDG1AB,,,,,
NOKIA,3BL01236AC,ACDDG1AC,,,,,
NOKIA,3BL01342AA,NOKIA OCB283/E10 ACUTG2,,,,,
NOKIA,3BL01905AA,NOKIA OCB283/E10 ACV11,,,,,
NOKIA,3BL01938AB,NOKIA OCB283/E10 DCCBPH,,,,,
NOKIA,3BN67201AA,NOKIA 3BN67201AA Desktop Charger NOKIA 500,,,,,
NOKIA,3BW00001AC,NOKIA OCB283/E10 TAN3G,,,,,
NOKIA,3BW00010AA,NOKIA OCB283/E10 ICTSM,,,,,
NOKIA,3BW00016AA,NOKIA OCB283/E10 IBT2G1,,,,,
NOKIA,3BW00024AC,NOKIA OCB283/E10 ICTRQ,,,,,
NOKIA,3BW00048AA,NOKIA OCB283/E10 TCCSC,,,,,
NOKIA,3BW00050AA,NOKIA OCB283/E10 TPUCD,,,,,
NOKIA,3BW00066AA,NOKIA OCB283/E10 TADPB,,,,,
NOKIA,3BW00067AA,NOKIA OCB283/E10 TCHLR,,,,,
NOKIA,3BW00075AA,NOKIA OCB283/E10 TABAF,,,,,
NOKIA,3BW00077AA,NOKIA OCB283/E10 TABASE,,,,,
NOKIA,3BW00094AA,NOKIA OCB283/E10 TCRCX,,,,,
NOKIA,3BW00096AA,NOKIA OCB283/E10 TCTRS,,,,,
NOKIA,3BW00098AA,NOKIA OCB283/E10 TCBTX,,,,,
NOKIA,3BW00100AA,NOKIA OCB283/E10 TCID,,,,,
NOKIA,3BW00102AA,NOKIA OCB283/E10 TCPOL,,,,,
NOKIA,3BW00104AA,NOKIA OCB283/E10 TCSUC,,,,,
NOKIA,3BW00106AA,NOKIA OCB283/E10 TCOND,,,,,
NOKIA,3BW00107AB,E10 CHASSIS,,,,,
NOKIA,3BW00108AB,E10 CHASSIS,,,,,
NOKIA,3BW00148AA,NOKIA OCB283/E10 TCVDR,,,,,
NOKIA,3BW00343AA,NOKIA OCB283/E10 ICDIDS,,,,,
NOKIA,3BW00348AC,ZCGAM2C,,,,,
NOKIA,3BW00454AA,NOKIA OCB283/E10 TCRMT1,,,,,
NOKIA,3BW00461AA,NOKIA OCB283/E10 ICTSS,,,,,
NOKIA,3BW00687AB,NOKIA OCB283/E10 ACUTR5,,,,,
NOKIA,3BW00687AC,NOKIA OCB283/E10 ACUTR5,,,,,
NOKIA,3BW00772AA,NOKIA OCB283/E10 TDQFB,,,,,
NOKIA,3BW00844AA,NOKIA OCB283/E10 TFILMC,,,,,
NOKIA,3BW00846AA,NOKIA OCB283/E10 TRF8C,,,,,
NOKIA,3BW00872AA,NOKIA OCB283/E10 TCP0SB,,,,,
NOKIA,3BW00873AA,NOKIA OCB283/E10 TMLAC,,,,,
NOKIA,3BW00997AB,RECTIFIER 220-240V / 54V 10A,,,,,
NOKIA,3BW01042AA,NOKIA OCB283/E10 TADLA ,,,,,
NOKIA,3BW01144AA,ZCGAMS,,,,,
NOKIA,3BW01159AA,NOKIA OCB283/E10 ACAJA5,,,,,
NOKIA,3BW01161AA,NOKIA OCB283/E10 ACAJB5,,,,,
NOKIA,3BW01468AA,NOKIA OCB283/E10 ACHIL3,,,,,
NOKIA,3BW01556AA,TBABB,,,,,
NOKIA,3BW01601AB,NOKIA OCB283/E10 TCHLEB,,,,,
NOKIA,3BW01891AA,NOKIA OCB283/E10 TCPOLX,,,,,
NOKIA,3BW0454AA0,NOKIA OCB283/E10 ,,,,,
NOKIA,3BW11114AA,NOKIA OCB283/E10 TCTB1,,,,,
NOKIA,3BW11161AA,TCPRT2,,,,,
NOKIA,3BW11636AA,NOKIA OCB283/E10 TADSLB,,,,,
NOKIA,3BW13092AA,TCVDR16S,,,,,
NOKIA,3BW13179AA,TCPRTHR,,,,,
NOKIA,3CA08540AA,"19"" / 21"" ADAPTER KIT",,,,,
NOKIA,3CC08000AA,HSB Coupler ,,,,,
NOKIA,3CC08473AA,ODU NOKIA 9400 UX 15GHZ,,,,,
NOKIA,3CC08888AA,ODU UX,,,,,
NOKIA,3CC08890AA,ODU,,,,,
NOKIA,3CC08898AA,IDU Extension,,,,,
NOKIA,3CC08920AA,MAIN IDU 34+2 MBIT/S,,,,,
NOKIA,3CC08971AA,MAIN IDU 16x2 MBIT/S,,,,,
NOKIA,3CC08972AA,BASE BAND MAIN 4 / 8X2 MBPS,,,,,
NOKIA,3CC09742AC,AMD,,,,,
NOKIA,3CC09743AB,ANT34,,,,,
NOKIA,3CC09743AD,ANT,,,,,
NOKIA,3CC09744AA,TNT,,,,,
NOKIA,3CC0974AA,TNT 75,,,,,
NOKIA,3CC09778AA,IDU 9900NT,,,,,
NOKIA,3CC09778AC,9900NT_NOKIA ISA-PROT,,,,,
NOKIA,3CC09819AA,IBS,,,,,
NOKIA,3CC09819AC,IBS,,,,,
NOKIA,3CC09908AA,SUBRACK,,,,,
NOKIA,3CC09915AB,CPL,,,,,
NOKIA,3CC09915AC,CPL,,,,,
NOKIA,3CC10064AA,RBS25/1008/A,,,,,
NOKIA,3CC10101AA,BFWA Fan Unit,,,,,
NOKIA,3CC10329AA,2 ETHERNET+2E1 (G703/G703),,,,,
NOKIA,3CC10329AB,NT2 Ethernet 10BT + 2 E1 (G70),,,,,
NOKIA,3CC10329AC,NOKIA 9900NT,,,,,
NOKIA,3CC10329AL,NOKIA 7390NT,,,,,
NOKIA,3CC10329BC,NT 48v 2 ETHERNET 10 BT+2 E1,,,,,
NOKIA,3CC11541AA,NOKIA A7390 Radio TERMINATOR,,,,,
NOKIA,3CC11656AA,AMD,,,,,
NOKIA,3CC11658AA,BSU,,,,,
NOKIA,3CC123556AA,SPLITTER 1:4,,,,,
NOKIA,3CC12356AA,A7390,,,,,
NOKIA,3CC12356AB,A7390,,,,,
NOKIA,3CC13688AA,ODU 13/266 1/1P ETSI,,,,,
NOKIA,3CC13690AA,ODU 13/266 1P/1 ETSI,,,,,
NOKIA,3CC50120AA,POWER INJECTOR,,,,,
NOKIA,3CC9744AA,TNT,,,,,
NOKIA,3CY00401AA,RRA STANDARD 155MBits,,,,,
NOKIA,3CY00403AA,RRA CHANNEL OPTICAL I/F SUBSTITUTE,,,,,
NOKIA,3CY01609AA,RSA/RRA POWER,,,,,
NOKIA,3CY01839AA,SERIALISER CARD,,,,,
NOKIA,3CY02508AA,HSW,,,,,
NOKIA,3CY02515AA,AUX,,,,,
NOKIA,3CY03624AA,DC/DC Power Supply UNIT,,,,,
NOKIA,3CY03985AA,Modem,,,,,
NOKIA,3CY04277AA,S.P.L. / ENHANGED R (HW SW),,,,,
NOKIA,3CY04751AA,SRME 128/H/EXF TERMINAL DEM,,,,,
NOKIA,3CY04752AA,,,,,,
NOKIA,3CY04943AA,FORCING DRIVER 155 1G/R,,,,,
NOKIA,3CY07358AA,AUX,,,,,
NOKIA,3CY08023AA,SUBSTITUTIVE ACTIVE UNIT,,,,,
NOKIA,3DB0000AA,,,,,,
NOKIA,3DB00090AA,DC/DC CONVENTER,,,,,
NOKIA,3DB00144AB,RMD128N,,,,,
NOKIA,3DB00216AA,INDOOR UNIT (1 + 0) COMPACT,,,,,
NOKIA,3DB00249AA,128 2XSMT1,,,,,
NOKIA,3DB00304AA,CMI-E ,,,,,
NOKIA,3DB00734AA,48VDC e 1.3 Mfr,,,,,
NOKIA,3DB00735AA,48VDC E 1.3 MFR,,,,,
NOKIA,3DB01272AA,CABLE,,,,,
NOKIA,3DB02147AA,RRA CHANNEL,,,,,
NOKIA,3DB02151AA,0,,,,,
NOKIA,3DB02289AA,RMD128N1,,,,,
NOKIA,3DB02781AA,,,,,,
NOKIA,3DB05553AA,PSV-486,,,,,
NOKIA,3DB06603AB,1+0 IDU 16E1 48/60V,,,,,
NOKIA,3DB06614AB,EXT IDU 16E1 48/60V,,,,,
NOKIA,3DB16160AA,IDU Ppal. AWY 64 Mbps 16E1+4 E/FE/GbE,,,,,
NOKIA,3DB18126AE,P32E1DS1,,,,,
NOKIA,3DB18206AC,P8ETH,,,,,
NOKIA,3DB18218AD,FANS,,,,,
NOKIA,3DB18219AD,9500 MPR机框 2U,,,,,
NOKIA,3DB182771AA,CABLE,,,,,
NOKIA,3DB18280AA,MPR MEMORY A6SA-12AA,,,,,
NOKIA,3DB18326AC,CSM,,,,,
NOKIA,3DB18485AB,Sub-rack,,,,,
NOKIA,3DB18485CA,9500 MPR机框 4U,,,,,
NOKIA,3DB18485XXXX,9500 MPR MSS-8 SHELF ,,,,,
NOKIA,3DB18634AB,MPT-ACC,,,,,
NOKIA,3DB18668AB,MPR MEMORY V2TD-210,,,,,
NOKIA,3DB18764AA,+24V进，-48V出,,,,,
NOKIA,3DB18766AA,连3DB18764AA的线,,,,,
NOKIA,3DB18901AC,MPR MEMORY L6TD-510,,,,,
NOKIA,3DB18947AB,MPR MEMORY M2TD-410A,,,,,
NOKIA,3DB20344HD,ODU300V2 23Ghz,,,,,
NOKIA,3DB20553BB,ODU 9500 MPR,,,,,
NOKIA,3DB20555BB,ODU 9500 MPR,,,,,
NOKIA,3DB20855AA,ODU 9500 MPR,,,,,
NOKIA,3DB20855AB,ODU 9500 MPR,,,,,
NOKIA,3DB20857AB,ODU 9500 MPR,,,,,
NOKIA,3DB20873AA,ODU,,,,,
NOKIA,3DB21402AA,,,,,,
NOKIA,3DB21404AA,ODU 64MB-V2 15 GHZ 420 1P/1,,,,,
NOKIA,3DB21414AA,ODU 9423AWY 64MB-V2 1008 1/1P 4/16QAM,,,,,
NOKIA,3DB21416AA,ODU 9423AWY 64MB-V2 1008 1P/1 4/16QAM,,,,,
NOKIA,3DB23023AA,IDU 300ES FAST,,,,,
NOKIA,3DB23025AA,IDU 300 1XSTM1,,,,,
NOKIA,3DB23038AB,ODU 300 V2 15GHZ (420) LOW SUBB,,,,,
NOKIA,3DB23038HB,ODU 300 V2 15GHZ (420) LOW SUBB,,,,,
NOKIA,3DB23038HE,ODU300V2 15Ghz(420),,,,,
NOKIA,3DB23044AA,ODU 300 V2 23GHZ (1008) LOW SUBB,,,,,
NOKIA,3DB23044AD,ODU 300 V2 23GHZ (1008) HIGH SUBB,,,,,
NOKIA,3DB23044HA,ODU 300 V2 23GHZ (1008) LOW SUBB,,,,,
NOKIA,3DB23044HD,ODU 300 V2 23GHZ (1008) HIGH SUBB,,,,,
NOKIA,3DB23085AB,FLASH CARD IDU 300- ES LICENSES 1,,,,,
NOKIA,3DG59241AB,EC,,,,,
NOKIA,3DL00141AC,ATACAA,,,,,
NOKIA,3EC15635AA,SUB-RACK DSLAM 7300,,,,,
NOKIA,3EC16435AA,ADSE-B,,,,,
NOKIA,3EC16452BB,SANT-F,,,,,
NOKIA,3EC16452BJ,SANT-F,,,,,
NOKIA,3EC16498AB,HD SUBRACK 48V,,,,,
NOKIA,3EC16500AA,FAN TRAY ,,,,,
NOKIA,3EC16500AB,FAN TRAY,,,,,
NOKIA,3EC16687AA,AACU-C,,,,,
NOKIA,3EC16687AB,Alarm Control Unit,,,,,
NOKIA,3EC16744BA,E1NT-C,,,,,
NOKIA,3EC17114AA,ALCL,,,,,
NOKIA,3EC17385AA,ADLT - L,,,,,
NOKIA,3EC17385BA,ADLT-L,,,,,
NOKIA,3EC17397AA,E1LC-C,,,,,
NOKIA,3EC17421AA,UD RSA-ALTS-M,,,,,
NOKIA,3EC17422AA,3EC17422AA,,,,,
NOKIA,3EC17537AA,FPBA-E3LT-B,,,,,
NOKIA,3EC17542AB,LT-SUBRACK-ALTS-N,,,,,
NOKIA,3EC17616AA,SMLT-A,,,,,
NOKIA,3EC20565AA,HUCHPA,,,,,
NOKIA,3EC36179AA,ADSE-C,,,,,
NOKIA,3EC36180AA,FPBA - SALT - C,,,,,
NOKIA,3EC36535AA,HD/UD FAN (48V),,,,,
NOKIA,3EC36535AB,7300 FAN MODULE,,,,,
NOKIA,3EC37140AA,SMLT-C,,,,,
NOKIA,3EC37140AB,SMLT-C,,,,,
NOKIA,3EC37533AA,FAN UNIT,,,,,
NOKIA,3EC37533AB,FAN UNIT,,,,,
NOKIA,3EC37533NB,ISAM FD Fan With Dustfilter - 48V only,€273.8,$0.00,,,
NOKIA,3EC37533ND,EMA-AFAN-HWR VARIO FAN WITH FILTER,,,,,
NOKIA,3EC37729AA,SBNT-A,,,,,
NOKIA,3EC37779AA,ADLT-S,,,,,
NOKIA,3EC40065AE,MBTPB,,,,,
NOKIA,3EC40084AF,POWPA,,,,,
NOKIA,3EC40084AFAB,0,,,,,
NOKIA,3EC40084AFAC,0,,,,,
NOKIA,3EC40088,NEHC Board,,,,,
NOKIA,3EC40088NG,NEHC,,,,,
NOKIA,3EC40173AB,OSDPA,,,,,
NOKIA,3EC40225CB,AUXPAL,,,,,
NOKIA,3EC40225CBAA,0,,,,,
NOKIA,3EC40229NA,NSEC,,,,,
NOKIA,3EC40306NB,VISCA,,,,,
NOKIA,3EC40823AA,HBMPA,,,,,
NOKIA,3EC40823AC,HBMP-B,,,,,
NOKIA,3EC41196AC,AUXPB,,,,,
NOKIA,3EC41250AC,DURPB,,,,,
NOKIA,3EC43287AB.AA,0,,,,,
NOKIA,3EC44346AA,TAUP,,,,,
NOKIA,3EC44348AA,POWP,,,,,
NOKIA,3EC44473NA,VISCB HIGH DENSITY BOARD,,,,,
NOKIA,3EC44480AB,IVPS-B,,,,,
NOKIA,3EC44483AA,SUBRACK,,,,,
NOKIA,3EC44488AA,POLT-A,,,,,
NOKIA,3EH63020AD,NXES,,,,,
NOKIA,3EH73015AP,MIX2/8/4,,,,,
NOKIA,3EH73023AB,VOIP16,,,,,
NOKIA,3EH73023AC,VOIP8,,,,,
NOKIA,3EH73023AD,VOIP4IDE,,,,,
NOKIA,3EH73026AE,COCPU,,,,,
NOKIA,3EH73048AD,OMNIPCX GA CPU GATEWAY APPLICA,,,,,
NOKIA,3EH73048AK,CoCPU-2,,,,,
NOKIA,3EH73049AC,XMEM64-1,,,,,
NOKIA,3EH73054AC,LANXB-2,,,,,
NOKIA,3EH73070AB,MINI-MIX,,,,,
NOKIA,3EH73092AD,SLI4-2,,,,,
NOKIA,3EH73096AF,ISDN ACCESS-TO,,,,,
NOKIA,3EH75011AA,MT4LSDT1664AY-133G1,,,,,
NOKIA,3EM02968AE,OPT.AMPLIFIER,,,,,
NOKIA,3EM23911AA,9500 MPR机框 4U FAN TRAY,,,,,
NOKIA,3EU23006AB,CPUe-1,,,,,
NOKIA,3FE00139AA,7330 ISAM FTTN 48-PORT MM LINE,,,,,
NOKIA,3FE00140AA,NVLT-D,,,,,
NOKIA,3FE00162AC,SP,,,,,
NOKIA,3FE20727CA,FPBA - SANT - H,,,,,
NOKIA,3FE20740CA,SBNT-B,,,,,
NOKIA,3FE21443AA,ABLT-D,,,,,
NOKIA,3FE21443AB,ABLT-D,,,,,
NOKIA,3FE21641AC,EBLT-C,,,,,
NOKIA,3FE23086AB,ECNT-A,,,,,
NOKIA,3FE23196AC,7330 ISAM FTTN MULTI-ADSL LINE,,,,,
NOKIA,3FE23197AA,EBLT-F,,,,,
NOKIA,3FE24594AA,SPLITTER SUBRACK,,,,,
NOKIA,3FE25261AA,ADSL POTS/ISDN SPLTR,,,,,
NOKIA,3FE25619AA,TRU UNIV POW,,,,,
NOKIA,3FE25772AA,1000 BASE-VX10 SFP BIDI TRV,,,,,
NOKIA,3FE25773AA,0,,,,,
NOKIA,3FE25773CA,TRPDG1SXLDES-ALB,,,,,
NOKIA,3FE25774AA,1000BASE-LX GBIC,,,,,
NOKIA,3FE25776AA,GIGI ZX SFP OPTIC 80KM 1550NM,,,,,
NOKIA,3FE26021AA,FPBA-SMLT-J,,,,,
NOKIA,3FE26685AA,7302 ISAM FD-16 10G subrack - 48V only - excl. fan ,€1 -150.0,$0.00,,,
NOKIA,3FE26698AA,NANT-A,,,,,
NOKIA,3FE26698AB,Board for NANT-A NOKIA 7302ISAM,€402.5,$0.00,,,
NOKIA,3FE27289AA,Board for NOKIA 7302 ISAM,€258.8,$0.00,,,
NOKIA,3FE27289BA,NALT-D,,,,,
NOKIA,3FE27420AB,NPOT-A,,,,,
NOKIA,3FE27562AC,NVPS-A,,,,,
NOKIA,3FE27649AA,NSLT-A,,,,,
NOKIA,3FE27797AC,BPA-RUBP-C,,,,,
NOKIA,3FE28209AA,NCNC-B,,,,,
NOKIA,3FE28619AA,NPSU-A,,,,,
NOKIA,3FE28682AA,7330 ISAM FTTN NELT-A module - ISAM,,,,,
NOKIA,3FE28784AA,1000BASE - T SFP COPPER,,,,,
NOKIA,3FE28824AA,NVSU-A,,,,,
NOKIA,3FE29041AC,7330 ISAM DUST FILTER,,,,,
NOKIA,3FE29191CA,EMA-GFC UNIT,,,,,
NOKIA,3FE29192AB,EMA-AFAN-O,,,,,
NOKIA,3FE29570BA,FAN UNIT ASSY,,,,,
NOKIA,3FE29629AA,NVSP-B,,,,,
NOKIA,3FE29930AA,7356 ISAM FTTB 4-SLT REM SYS SHLF,,,,,
NOKIA,3FE50712BA,10G-LR LC 1310NM 10KM SMF XFP,,,,,
NOKIA,3FE51034AA,7342 OBC OLT GPON LINE PROCESSOR,,,,,
NOKIA,3FE51034AG,GLT4-A  7342 OLT,,,,,
NOKIA,3FE51196AA,EHNT-B,,,,,
NOKIA,3FE51230AC,EXNT-A,,,,,
NOKIA,3FE53701AD,FANT-F BITS/SYNCE/IEEE1588/TOD ETSI/MII,,,,,
NOKIA,3FE54823AA,O-010S-P  SFP ONT W/O IEEE1588 SUPPORT (versions : AB - ),,,,,
NOKIA,3FE54823AC,1XGE SFP PLUGIN(I-TEMP) -SUPPORTING 1588 (versions: AB - ),,,,,
NOKIA,3FE54823BA,GPON ONT SFP I-010S-P BVL3AV8BAA (versions: AB - ),,,,,
NOKIA,,,,,,,
NOKIA,,,,,,,
NOKIA,3FE51527AAAA,FF-3 AIR FILTER,,,,,
NOKIA,3FE52983AA,OANT-A  7342 7360 OLT,,,,,
NOKIA,3FE53232AA,4 Ports GPON service board GLT4-D,,,,,
NOKIA,3FE53441AC,ISAM FD/FX GPON SFP OLT,,,,,
NOKIA,3FE53441BA,GPON OLT SFP C+,,,,,
NOKIA,3FE53701AA,ISAM FANT-F NT-Card,,,,,
NOKIA,3FE53701AC,7360 ISAM FX 480Gbps NT with ETSI E1 BITS - Synchr,€219.0,$0.00,,,
NOKIA,3FE54823AAAB,3FE54823AA (version AB) ,€230.0,$0.00,,,
NOKIA,3FE54823ACAB,3FE54823AC (version AB),€5.8,$0.00,,,
NOKIA,3FE54823BAAB,3FE54823BA (version AB),€230.0,$0.00,,,
NOKIA,3FE55849BA,7368 ISAM ONT G-080P-P - EU AC PLUG,,,,,
NOKIA,3FE61233BA,FPBA-NALS-A,,,,,
NOKIA,3FE61584BF,NALT K - DSL,,,,,
NOKIA,3FE63343AA,10/100 BASE-T COPPER SFP,,,,,
NOKIA,3FE64279AA,7360 OLT NGLT-A,,,,,
NOKIA,3FE64398AA,NRNT-A,,,,,
NOKIA,3FE64746BB,NANT-E,,,,,
NOKIA,3FE64936AB,GPON 7360 ISAM FX Rack,€0.0,$0.00,,,
NOKIA,3FE65800AA,NDLT-G,,,,,
NOKIA,3FE66721AB,FGLT-A,,,,,
NOKIA,3FE67301AA,NGLT-C,,,,,
NOKIA,3FE68864AA,RDLT-B,,,,,
NOKIA,3FE68954AB,FGLT-B,,,,,
NOKIA,3GV27001AC,IP TOUCH 10 KEYS MODULE,,,,,
NOKIA,3GV27002AC,40 KEY MODULE NOKIA ,,,,,
NOKIA,3HE00009AA,7750 SR-12-PEM,,,,,
NOKIA,3HE00016AA,FAN TRAY,,,,,
NOKIA,3HE00019AA,7750 SR-SFM-400G,,,,,
NOKIA,3HE00019AB,7750 SR-SFM-200G,,,,,
NOKIA,3HE00019ABA,7750 - SR-SFM-200G,,,,,
NOKIA,3HE00020AB,PBA 7750 SR IOM LINE CARD 20G,,,,,
NOKIA,3HE00027AA,7750 SR / 7210 SAS SFP - GIGE SX SFP Optic Module ,€230.0,$0.00,,,
NOKIA,3HE00027CA,SFP - GIGE SX - LC ROHS 6/6 DDM -40/85C,,,,,
NOKIA,3HE00027CA,SFP - GIGE SX - LC ROHS 6/6 DDM -40/85C,€4.6,$0.00,,,
NOKIA,3HE00027CA01,FTLF8519P2BTL-A5,€230.0,$0.00,,,
NOKIA,3HE00027CA.01,FTLF8519P2BTL-A5,,,,,
NOKIA,3HE00027CA01,SFP - GIGE SX - LC ROHS 6/6 DDM -40/85C,,,,,
NOKIA,3HE00028AA,SFP 7750 SR / 7210 SAS SFP - GIGE LX OPTIC Module,€6.9,$0.00,,,
NOKIA,3HE00028CA,SFP-GIGE-LX-LC,€0.0,$0.00,,,
NOKIA,3HE00029AA,7750 SR-1 1 PORT GIG ETHERNET SFP - 1000BASE-ZX,,,,,
NOKIA,3HE00029CA,SMF 1550nm 70km LC DOM,,,,,
NOKIA,3HE00030AA,7750 SR-11-PORT10BASE-LW/LR,,,,,
NOKIA,3HE00032AA,7750 SR MDA-8 Port OC3/STM1 POS,€739.3,$0.00,,,
NOKIA,3HE00033AA,7750 SR MDA-16 Port OC3/STM1 POS,€1 -095.2,$0.00,,,
NOKIA,3HE00034CA,SFP SP-03-MX-IDFF-AL,,,,,
NOKIA,3HE00035AA,7750 SR SFP - OC-3/STM-1 SFP OPTIC Module IR-1,€230.0,$0.00,,,
NOKIA,3HE00035CA,SFP - OC-3/STM-1 IR-1 R6/6 DDM -40/85C,€230.0,$0.00,,,
NOKIA,3HE00037AA,7750 SR MDA-8 Port OC3/12-STM1/4 POS,€383.3,$0.00,,,
NOKIA,3HE00041AA,7750 SR SFP - OC-12/STM-4 SFP Optic Module IR-1,€230.0,$0.00,,,
NOKIA,3HE00062AA,SFP RJ45 SFP  Module - 1000Base 10/100/1000 RJ45 100,€230.0,$0.00,,,
NOKIA,3HE00062CB,SFP-GIGE BASE-T RJ45 R6/6 DDM-40/85C,,,,,
NOKIA,3HE00062CBAA01,SFP - GIGE BASE-T RJ45 R6/6 DDM -40/85C,,,,,
NOKIA,3HE00074AA,16-port ATM,,,,,
NOKIA,3HE00101AB,7750 SR MDA-20 PORT 10/100/1000TX ETHERNET,€547.6,$0.00,,,
NOKIA,3HE00104AA,NOKIA-Lucent 7750 Sr-12 Slot DC Shelf,€547.6,$0.00,,,
NOKIA,3HE00177BB,256MB FLASH MEMORY CARD,,,,,
NOKIA,3HE00177CA,256MB FLASH MEMORY CARD,,,,,
NOKIA,3HE00177DA,256MB FLASH MEMORY CARD,,,,,
NOKIA,3HE00177JA,SPI 7750 OS V8.0 R6,,,,,
NOKIA,3HE00186AA,7750 SR-7  DC Chassis,€438.1,$0.00,,,
NOKIA,3HE00187AA,Power Supply,,,,,
NOKIA,3HE00191BA,7750 SR-7  High Flow Fan Tray,€1 -095.2,$0.00,,,
NOKIA,3HE00245AA,7450 ESS-7 CHASSIS,,,,,
NOKIA,3HE00260AA,7450 ESS 7-SLOT CHASSIS DC PEM-1,,,,,
NOKIA,3HE00260AB,7450 ESS 7-SLOT CHASSIS DC PEM-2,,,,,
NOKIA,3HE00262BA,7750 SR-1 ESS-7 HI FLOW FAN TRAY,,,,,
NOKIA,3HE00564CA,XFP-10E LR-LC,€0.0,$0.00,,,
NOKIA,3HE00566CA,10G ETHNT OPT TRCVR 7750 SR-1,,,,,
NOKIA,3HE00708AA,20-port Gigabit Ethernet MDA,,,,,
NOKIA,3HE00867CA,1000BASE-EX SFP TRCVR,,,,,
NOKIA,3HE00868CB,SMF 1490nmTx/1310nmRx 10km LC,,,,,
NOKIA,3HE00876AA,10G XFP 1550nm 40 km LC,,,,,
NOKIA,3HE00876CA,XFP 10GBASE-ER 1550nm 40km SM transceiver,,,,,
NOKIA,3HE01170AA,7750 SR-SFM2-400G,,,,,
NOKIA,3HE01171AA,7750 SR-7 SF/SPM-2 200G,€821.4,$0.00,,,
NOKIA,3HE01189AA,7250 Service Access Switch,,,,,
NOKIA,3HE01197AA,7750 SR Versatile Services Module (VSM),€492.9,$0.00,,,
NOKIA,3HE01364AA,M4-CH0C3-AS-SFP,,,,,
NOKIA,3HE01473AA,7750 SR-7/12 IOM2-20G,€492.9,$0.00,,,
NOKIA,3HE01545CA,1550 nm. / 1550 nm,,,,,
NOKIA,3HE01616AA,7750 SR MDA-10 Port Gigabit Ethernet Board,€492.9,$0.00,,,
NOKIA,3HE02032AA,7450 ESS SFM-2 400G,,,,,
NOKIA,3HE02036AA,7450 ESS-12 SLOT DC SHELF,,,,,
NOKIA,3HE02773AA,8-SLOT CHASSIS,,,,,
NOKIA,3HE02774AA,CSM,,,,,
NOKIA,3HE02774AB,CSM-2,€0.0,$0.00,,,
NOKIA,3HE02775AA,7705 SAR 16-PORT T1/E1 ASAP CARD,,,,,
NOKIA,3HE02775AB,7705 SAR-8,,,,,
NOKIA,3HE02776AB,A8-ETH V2,€0.0,$0.00,,,
NOKIA,3HE02776BA,A8-ETH V2,,,,,
NOKIA,3HE02778AA,FAN UNIT ,,,,,
NOKIA,3HE02778AB,8-SLOT SYSTEM FAN MODULE,,,,,
NOKIA,3HE02781AA,A32,,,,,
NOKIA,3HE02782AA,A8-PMC,,,,,
NOKIA,3HE02787AA,2500W AC PS/Rectifier H2500A1 1RU,,,,,
NOKIA,3HE03078AA,7750 SR MDA-1 PORT CH OC3/STM1 CES,€0.0,$0.00,,,
NOKIA,3HE03125AA,7705 SAR-8 MDA OC-3/STM-1 POS Card (4 Ports),€0.0,$0.00,,,
NOKIA,3HE03127AA,2P OC3/STM1 CHANNELIZED ADAPTER Board,€328.6,$0.00,,,
NOKIA,3HE03400AA,power cable 7750 sar router,,,,,
NOKIA,3HE03607AA,CFM - 7750 SR-C12 CFM-XP,€0.0,$0.00,,,
NOKIA,3HE03611AA,M10-1GB-XP-SFP,,,,,
NOKIA,3HE03612AA,M20-1GB,€0.0,$0.00,,,
NOKIA,3HE03617AA,7750S-SFM3-12 ,,,,,
NOKIA,3HE03619AA,IOM3-XP,€0.0,$0.00,,,
NOKIA,3HE03620AA,IOM-3 CIRCUIT ,,,,,
NOKIA,3HE03624AA,"7750 SR-12 MEDIA LINE PRNCD
IMM48-1GB-SFP",,,,,
NOKIA,3HE03625AA,48 PORT GE DUAL SLOT,,,,,
NOKIA,3HE03661AA,7750 SR-7  DC PEM-3 (Slot position 1),€82.1,$0.00,,,
NOKIA,3HE03662AA,7750 SR-7  DC PEM-3 (Slot position 2) CARD,€82.1,$0.00,,,
NOKIA,3HE03663AA,NOKIA-Lucent 3HE03663AA,€1 -642.9,$0.00,,,
NOKIA,3HE03685AA,7750SR M2-10GB-XP-XFP ,€0.0,$0.00,,,
NOKIA,3HE04164AA,SFM3-7,,,,,
NOKIA,3HE04274AA,M10-1GB-XP-XFP,,,,,
NOKIA,3HE04410AB,7210 SAS-E System 12F12T DC,€547.6,$0.00,,,
NOKIA,3HE04414AA,240V AC Power Supply,,,,,
NOKIA,3HE04415AA,7210 SAS-E/SAS-M DC Power Supply.,€383.3,$0.00,,,
NOKIA,3HE04416AA,FAN TRAY-7210 SAS-M,,,,,
NOKIA,3HE04498AA,7750 SR-7 100AMP POWER FILTER ,€383.3,$0.00,,,
NOKIA,3HE04699AA,7210 SAS-M ACCESS SWITCH,,,,,
NOKIA,3HE04741AA,IMM5-10GB-XFP,,,,,
NOKIA,3HE04743AA, IMM-7X50-12-PT-10GIGE-SFP+ IMM12-10GB-SFP+ ,,,,,
NOKIA,3HE04821BA,7750 SR-12 100GB CFP TRANSCEIVER - LR4 10KM LC LOW PWR,,,,,
NOKIA,3HE04823AA,7950 XRS SFP+ 10GE LR - LC,€0.0,$0.00,,,
NOKIA,3HE04824AA,10GBASE-SR SFP+ 850nm 300m,,,,,
NOKIA,3HE04922AA,ISA-MS,,,,,
NOKIA,3HE04991AA,SP,,,,,
NOKIA,3HE04994AA,7705 SAR-18 Alarm Module,,,,,
NOKIA,3HE05029AA,7210 SAS-M ACCESS SWITCH,,,,,
NOKIA,3HE05029AB,SYS - 7210 SAS M24F DC,€547.6,$0.00,,,
NOKIA,3HE05036AA,SFP-10GE--ER-LC 10G-40KM ,,,,,
NOKIA,3HE05106AA,FAN - 7750 SR-12 ENHANCED FAN TRAY,,,,,
NOKIA,3HE05106AA.RB,3HE05106AA,€76.7,$0.00,,,
NOKIA,3HE05106AARB,3HE05106AA,,,,,
NOKIA,3HE05590AA,SAS-M Service Access Switch 12-SFP 2XFP ETR,,,,,
NOKIA,3HE05894AA,SFP+10GE ZR-LC 7750 ,,,,,
NOKIA,3HE05944AA,M16-ATMOC3-SFP-B,,,,,
NOKIA,3HE05948AA,SFM4-12,,,,,
NOKIA,3HE05949AA,7750 SR-12 SWITCH FABRIC MODULE,,,,,
NOKIA,3HE05950AA,SFM-7450 ESS SFM4-12,,,,,
NOKIA,3HE06151AA,A8-1GB,€0.0,$0.00,,,
NOKIA,3HE06151AB,8 PORT GE SFP Board V2 (-48/+24 VDC).,€931.0,$0.00,,,
NOKIA,3HE06151AC,8 PORT GE SFP Board V3 (-48/+24 VDC),€821.4,$0.00,,,
NOKIA,3HE06153AA,SP,,,,,
NOKIA,3HE06326AA,IMM - 7x50 48-PT GE MultiCore SFP.,€2 -190.5,$0.00,,,
NOKIA,3HE06428AA,IMM-7X50-48-PT-GIGE-SFP IMM48-1GB-SFP IPU3AXZJAA,,,,,
NOKIA,3HE06789AA,A2-10GB,,,,,
NOKIA,3HE06791AA,7750 SAR-8,€0.0,$0.00,,,
NOKIA,3HE06792AA,Fan Module for SAR-8 Shelf V2 Ext. Temp (-48VDC).,€219.0,$0.00,,,
NOKIA,3HE06792EA,FAN,,,,,
NOKIA,3HE06797AA,7750 SAR-A,,,,,
NOKIA,3HE06936AA,7950XRS-20 XCM(XMA Controlling module) ,,,,,
NOKIA,3HE06937AA,7950 C-XMA 20X10G SFP+ L3BQ IPCORE,,,,,
NOKIA,3HE06969AA,7705 SAR-H MR:04,,,,,
NOKIA,3HE07113AA,7950 XRS-20,,,,,
NOKIA,3HE07114AA,APEQ-DC-2000,,,,,
NOKIA,3HE07116AA,7950 XRS-20 CPM,,,,,
NOKIA,3HE07117AA,7950 XRS-20 CCM,,,,,
NOKIA,3HE07119AA,7950 XRS-20 FAN,,,,,
NOKIA,3HE07158AA,7750 12-PORT 10GIGE MULTICORE  IPUCA7F1AA,,,,,
NOKIA,3HE07158BA,IMM 7x50 12-PT 10GE MultiCore SFP + L3BQ,€0.0,$0.00,,,
NOKIA,3HE07159BA,IMM-7X50-1-PT-100GIGE-MULTICORE-CFP,,,,,
NOKIA,3HE07168AA,7750 SR12e Fan Tray,,,,,
NOKIA,3HE07305AA,7750 20-PT 10GE SFP,,,,,
NOKIA,3HE07349AA,7705 SAR-W,,,,,
NOKIA,3HE07388AA,7950 XRS-20 XCM IMPEDANCE PANEL,,,,,
NOKIA,3HE07391AA,7950 XRS-20 MECHANICAL ADAPTER,,,,,
NOKIA,3HE07943AA,2P 10GE+4P GE 10G ETH CARD (-48/+24VDC),€2 -738.1,$0.00,,,
NOKIA,3HE08020BA,IMM -7750 1-PT 100GE + 10-PT 10GE - L3BQ,,,,,
NOKIA,3HE08020CA,IMM -7750 1-PT 100GE + 10-PT 10GE- L2HQ ,,,,,
NOKIA,3HE08021AA, SFM-X20-B,,,,,
NOKIA,3HE08173AA,CFM - 7750 SR-C12 CFM-XP-B,€0.0,$0.00,,,
NOKIA,3HE08217AA,CFP2 - 100G LR4 10KM LC ROHS6/6 0/70C,,,,,
NOKIA,3HE08421AA,7750 SR SFM5-12e Edge-Core Spare,,,,,
NOKIA,3HE08422AA,7750 SR Mini-SFM5-12e Edge-Core Spare,,,,,
NOKIA,3HE08423AA,7750 SR CONTROL PROCESSOR MODULE,,,,,
NOKIA,3HE08426AA,7750 IOM - SR IOM3-XP-C,,,,,
NOKIA,3HE08428AA,7750 SR SFM5-12,€0.0,$0.00,,,
NOKIA,3HE08429AA,7750 SR SFM5-7,,,,,
NOKIA,3HE08632AA,XMA-7950 XRS-4PT-100GE CFP2-IPCORE,,,,,
NOKIA,3HE08632BA,XMA-7950 XRS-4PT-100GE CFP2-LSR IPUCBG71AA,,,,,
NOKIA,3HE09117AA,7750 MULTI-SERVICE ISM - INTEGRATED SERVICES MODULE,,,,,
NOKIA,3HE09260AA,7750 1G SFP TRANSCEIVER - 1490 / 1310 10KM 12DB,,,,,
NOKIA,3HE09327AA,SFP+ - 10G / 10GbE - 10km SMF (1300nm)-LR,,,,,
NOKIA,3HE09648AA,7750 SR-12 48-PORT GIGE IMM - WITH 48 GIGE ,,,,,
NOKIA,3HE09648BA, 7750 INPUT / OUTPUT MODULE ,,,,,
NOKIA,3HE09649AA,7750 SR 10-port 10GBASE MDA-e,,,,,
NOKIA,3HE10427AA,ISA2-7×50 E-type multi-service sub-card,,,,,
NOKIA,3HE10642AA,7750 SR MDA-E 20 PORT SFP / 40 PORT CSFP GE ,,,,,
NOKIA,3HE11095AA,7950 XRS-20E POWER CONNECT MODULE FAN,,,,,
NOKIA,3HE11096AA,7950 XRS-20E QUAD POWER CONNECT MODULE,,,,,
NOKIA,3HE11099AA,APEQ-DC-4275 POWER EQUALIZER MODULE,,,,,
NOKIA,3HE11239AA,QSFP28-100GBase-ER4Lite Optical Transceiver Module,,,,,
NOKIA,3HE12313AA,SFM - 7950 XRS-20/20E SFM2-X20S,,,,,
NOKIA,8DG02822AA,SSY - EQUIPMENT CONTROLLER (TSS-100),,,,,
NOKIA,8DG15235AA,SSY - 4XGE SFP ES-16 ACCESS,,,,,
NOKIA,3HE12321AA,XCM - 7950 XRS-20E XCM2,,,,,
NOKIA,3HE12462AA,Spare SD Card (16GB SLC),,,,,
NOKIA,3HE16511AA,Spare SD card (8GB SLC),,,,,
NOKIA,3JR08021AC,D2U POWER UNIT (FAN TRAY) NODEB,,,,,
NOKIA,3JR10601AA,RRH2*60-850,,,,,
NOKIA,3JR20038AA,XCCM-U CARD,,,,,
NOKIA,3JR20120AB,ECCM2 CARD,,,,,
NOKIA,3JR37517AE,D4U POWER UNIT (FAN TRAY) NODEB,,,,,
NOKIA,3JR37526AA,9926 BBU V2 - ENCLOSURE TYPE: IP20 - 19 INCH CHASSIS,,,,,
NOKIA,3JR40703AB,eCCM-2,,,,,
NOKIA,3KC12828AB,E4EC,,,,,
NOKIA,3KC12841AA,E4FAN,,,,,
NOKIA,3KC12854AA,E4 SFD8A,,,,,
NOKIA,3KC13202AA,AM2032A,,,,,
NOKIA,3KC13204AA,AM265A - 26dBm VGain Uni-amp,,,,,
NOKIA,3KC19274AB,MT1T9C PSS-36 MATRIX 1.9T,€0.0,$0.00,,,
NOKIA,3KC19405AA,MTC19,,,,,
NOKIA,3KC25541AA,Cable,,,,,
NOKIA,3KC35464AA,SC96 - SWITCH CARD 4T8,,,,,
NOKIA,3KC48810AA,PSS8SHF,,,,,
NOKIA,3KC48820AA,F8EC,,,,,
NOKIA,3KC48830AA,F8SP,,,,,
NOKIA,3KC48850AA,F8FAN,,,,,
NOKIA,3KC48870AA,F8DC30,,,,,
NOKIA,3KC48960AA,PSS-16F,,,,,
NOKIA,3KC48980AA,F16UP,,,,,
NOKIA,3KC48990AA,F16FAN,,,,,
NOKIA,3KC48990AB,FAN TRAY,,,,,
NOKIA,3KC49010AA,16DC65-DC PwrFltr (63A) PSS16II w simpld tim,,,,,
NOKIA,3KC49161AB,1830 PSS 10GE LINE CARD,,,,,
NOKIA,3KC50388AA,PSS-24X POWER SUPPLY FILTER,,,,,
NOKIA,3KC60375AA,1830 PSS   2AC100H CFP2 ANALOG COH LH 100G,,,,,
NOKIA,3KC67013AA,SRP30RO Super Raman Pump R-Band OSC F,,,,,
NOKIA,3KC67022AA,2 RU COMPACT FAN TRAY UNIT,,,,,
NOKIA,3KC69621AA,USER INTERFACE PANEL,,,,,
NOKIA,407852870,Power Supply -48VDC / NS20N110BG,,,,,
NOKIA,410-00073-01,CBX-500 BLANK FILLER PANEL,,,,,
NOKIA,410-00074-01,CBX500 BACK FILLER PANEL,,,,,
NOKIA,411100049K,,,,,,
NOKIA,411100163,Craft Terminal,,,,,
NOKIA,411200159,,,,,,
NOKIA,411200161,SPL,,,,,
NOKIA,411200174,AUX,,,,,
NOKIA,411200244,CONrp48350 - CW980800422,,,,,
NOKIA,411200255,AUXILIARY UNIT RRA,,,,,
NOKIA,411200316P,RCC,,,,,
NOKIA,411805005X,UOSTEP,,,,,
NOKIA,411805044,USTM1E,,,,,
NOKIA,41C16C,OPTICAL TRNSL,,,,,
NOKIA,450326-00-04,SUMMIT X670 FAN MODULE BF,,,,,
NOKIA,465670A,MOEA,,,,,
NOKIA,465798A,DCUA,,,,,
NOKIA,466798A, Power Supply UNIT_VSAA,,,,,
NOKIA,467207A,VMFA,,,,,
NOKIA,470137A.107,FTPB,,,,,
NOKIA,470139A,FPMA,,,,,
NOKIA,470140A,FPPA,,,,,
NOKIA,470144A.101,FCDA,,,,,
NOKIA,470149A,FMFA FLEXI MOUNTING KIT FLOOR/WALL/POLE,,,,,
NOKIA,470239A,FMCA FLEXI 3U MOUNTING COVERS FRONT/BACK,,,,,
NOKIA,470246A,ESMA,,,,,
NOKIA,470246A.104,ERDA,,,,,
NOKIA,470248A,FIPA,,,,,
NOKIA,470250A.102,ERGA,,,,,
NOKIA,470315A,EMTA,,,,,
NOKIA,470316A,EMHA ,,,,,
NOKIA,470330A.106,ESEA,,,,,
NOKIA,471226A.103,FSKA11-KIT,,,,,
NOKIA,471248A.104,FTJA,,,,,
NOKIA,471279A,FPAB,,,,,
NOKIA,471395A,FSFB Flexi System Fibre B 50m,,,,,
NOKIA,471402A,FSMD,,,,,
NOKIA,471402A.102,FSMD,,,,,
NOKIA,471408A,FTCR OD Cable RJ45 CATSE 15m,,,,,
NOKIA,471424A,FSEB,,,,,
NOKIA,471424A.304,FSEB External Alarm Box,,,,,
NOKIA,471424A.306,FSEB External Alarm Box,,,,,
NOKIA,471442A,471442A / 472748A FYGA GPS Antenna Kit / FYGB GPS GLONASS receiver antenna,,,,,
NOKIA,471459A.203,FMBBFlexiBatteryMountingKit,,,,,
NOKIA,471469A,Flexi Standard System mod Rel2 HC FSME,,,,,
NOKIA,471483A,FRGF,,,,,
NOKIA,471524A,FMHA,,,,,
NOKIA,471524A.102,FMHA,,,,,
NOKIA,471546A.101,FOSA,,,,,
NOKIA,471605A,FYMA GPS MOUNTING KIT,,,,,
NOKIA,471649A,FPKA Flexi Pole Kit,,,,,
NOKIA,471720A,FTIB TRANSPORT SUB MODULE,,,,,
NOKIA,471767A,FPIA,,,,,
NOKIA,471820A,FRGJ,,,,,
NOKIA,471821A,FRGK,,,,,
NOKIA,471851A.101,FSFO-CABLE,,,,,
NOKIA,471880A.101,FOSC,,,,,
NOKIA,471881A,FOSD,,,,,
NOKIA,471894A,FRHA ,,,,,
NOKIA,471984A,FTLB,,,,,
NOKIA,471984A.104,FTLB11,,,,,
NOKIA,472020A,ABIL,,,,,
NOKIA,472021A,ASIK,,,,,
NOKIA,472044A.101,EXGB,,,,,
NOKIA,472059A,Flexi EDGE 36 TRX System module ESMC,,,,,
NOKIA,472059A.101,Flexi EDGE 36 TRX System module ESMC,,,,,
NOKIA,472063A.101,FOSG,,,,,
NOKIA,472083A,FXDA,,,,,
NOKIA,472083A.101,FXDA,,,,,
NOKIA,472083A.203,FXDA,,,,,
NOKIA,472084.A203,FXEA,,,,,
NOKIA,472084A,FXEA,,,,,
NOKIA,472100B,FRGP,,,,,
NOKIA,472109A,ESMB,,,,,
NOKIA,472109A.101,ESMB,,,,,
NOKIA,472132A,FHDA RRH RF-MODULE 900MHz,,,,,
NOKIA,472142A,FXCA,,,,,
NOKIA,472166A,FXFA,,,,,
NOKIA,472181A,FSMF WCDMA/LTE outdoor System Module,,,,,
NOKIA,472182A,FBBA Capacity extension sub-module,,,,,
NOKIA,472221A,FRMA,,,,,
NOKIA,472221A.102,FRMA,,,,,
NOKIA,472234A,FIQB,,,,,
NOKIA,472234A.104,FIQB,,,,,
NOKIA,472246A,FPTA,,,,,
NOKIA,472285A,FSES Flexi Ext. Semi-integrated OVP,,,,,
NOKIA,472291A,FRMB Flexi RRH 2TX 800,,,,,
NOKIA,472301A,FPFD Power Distribution Sub-Module,,,,,
NOKIA,472301A.204,FPFD,,,,,
NOKIA,472311A,FTIF,,,,,
NOKIA,472311A.102,FTIF,,,,,
NOKIA,472438A,FPAC,,,,,
NOKIA,472467A,FQGA,,,,,
NOKIA,472501A,FXEB,,,,,
NOKIA,472501A.102,FXEB,,,,,
NOKIA,472509A,FTSF Sync Cable F-995304b -995304D,,,,,
NOKIA,472510A,FTSE GPS cable assembly 30m,,,,,
NOKIA,472530A,FZNC frequency module 2300Mhz,,,,,
NOKIA,472567A,FSIH,,,,,
NOKIA,472568A,FBIH,,,,,
NOKIA,472573A,FXDB FLEXI RF MODULE 900 TRIPLE 90W,,,,,
NOKIA,472573A,FXDB FLEXI RF MODULE 900 TRIPLE 90W,,,,,
NOKIA,472573A.102,FXDB,,,,,
NOKIA,472573A.104,FXDB,,,,,
NOKIA,472573ARU,FXDB RFM 900 90W REMANUFACTURED,,,,,
NOKIA,472577A,FTSH GPS CABLE ASSEMBLY 100M,,,,,
NOKIA,472579A,FOSH Optical SFP H 850mm 6G 300m MM,,,,,
NOKIA,472579A.101,FOSH OPTICAL SFP H 850NM 6.25GB 300M MM,,,,,
NOKIA,472580A,FOSI,,,,,
NOKIA,472607A,FSOR - 995432,,,,,
NOKIA,472649A,FHDB,,,,,
NOKIA,472650A,FHEB,,,,,
NOKIA,472650A.102,FHEB,,,,,
NOKIA,472656A,FRHC ,,,,,
NOKIA,472656A.102,FRHC,,,,,
NOKIA,472656A.103,FRHC,,,,,
NOKIA,472656A.204,FRHC,,,,,
NOKIA,472656A.305,FRHC,,,,,
NOKIA,472678A,FXCB,,,,,
NOKIA,472679A,FXFC,,,,,
NOKIA,472748A,471442A / 472748A FYGA GPS Antenna Kit / FYGB GPS GLONASS receiver antenna,,,,,
NOKIA,472752A,FRPB,,,,,
NOKIA,472789A,FDEC - Flexi Same band diplexer 1800,,,,,
NOKIA,472797A,FBBC,,,,,
NOKIA,472797A.101,Flexi Baseband Sub-Module FBBC,,,,,
NOKIA,472802A,FYGD,,,,,
NOKIA,472805A,FPAD,,,,,
NOKIA,472810A,FRGT FLEXI RF MODULE 3TX 2100,,,,,
NOKIA,472811A,FOSN (6G SFP+2KM 1310NM),,,,,
NOKIA,472823A,FPCC,,,,,
NOKIA,472823A.202,FPCC,,,,,
NOKIA,472830A,FRHE,,,,,
NOKIA,472830A,FRHE ,,,,,
NOKIA,472839A,FSAH(/995524b),,,,,
NOKIA,472849A,FRHF FLEXI RFM 6TX 2600,,,,,
NOKIA,472854A,FRGY Flexi RRH 2100MHz 2x60W|,,,,,
NOKIA,472894A,FSFL,,,,,
NOKIA,472924A,FXED FLEXI RF MODULE 6TX 1800,,,,,
NOKIA,472924A,4,,,,,
NOKIA,472927A,FRME FLEXI RF MODULE 6TX 800,,,,,
NOKIA,472930A,FRMF FLEXI RFM 6-PIPE 800 360W,,,,,
NOKIA,472930A,FRMF,,,,,
NOKIA,472930A.101,FRMF,,,,,
NOKIA,472930A.102,FRMF,,,,,
NOKIA,472948A,FOSO,,,,,
NOKIA,472949A,FOSP,,,,,
NOKIA,472953A,FPAE,,,,,
NOKIA,472956A,FRGU Flexi RF Module 6TX 2100,,,,,
NOKIA,472956A.102,FRGU,,,,,
NOKIA,472979A,FLMB,,,,,
NOKIA,473042A,FHFB,,,,,
NOKIA,473043A,FHEF,,,,,
NOKIA,473095A,ASIA ,,,,,
NOKIA,473095A.203,ASIA AirScale Common,,,,,
NOKIA,473096A,ABIA ,,,,,
NOKIA,473096A.103,ABIA AirScale Capacity,,,,,
NOKIA,473096A.104,ABIA AirScale Capacity,,,,,
NOKIA,473096A.107,ABIA AirScale Capacity,,,,,
NOKIA,473098A,AMIA AirScale Indoor Subrack,,,,,
NOKIA,473098A,AMIA AIRSCALE SUBRACK,,,,,
NOKIA,473135A,FWEC,,,,,
NOKIA,473153A,FWNB,,,,,
NOKIA,473175A,FZHS,,,,,
NOKIA,473220A,FRAA B31,,,,,
NOKIA,473225A,FRHG FLEXI RRH 4T4R 2600,,,,,
NOKIA,473234A,FWGM,,,,,
NOKIA,473235A,FWGN,,,,,
NOKIA,473246A,FSEP FLEXI SYSTEM EXTERNAL OVP,,,,,
NOKIA,473246A.101,FSEP FLEXI SYSTEM EXTERNAL OVP,,,,,
NOKIA,473246A101,WRONG PNTransfer to  473246A.101,,,,,
NOKIA,473279A,FUFAJ,,,,,
NOKIA,473288A,FUFAS,,,,,
NOKIA,473302A,FUFAY MM OD FIBER LC OD-LC OD DUAL 100M,,,,,
NOKIA,473304A,FUFBB MM OD FIBER LC OD-LC OD DUAL 50M,,,,,
NOKIA,473382A,FZFI,,,,,
NOKIA,473394A,FYGM,,,,,
NOKIA,473439A,FXEF,,,,,
NOKIA,473440A,FRGX,,,,,
NOKIA,473440A.101,FRGX,,,,,
NOKIA,473475A,FHEL AirScale RRH 2T2R B3 120W,,,,,
NOKIA,473487A,FW2IRA,,,,,
NOKIA,473723A,FW2ERA,,,,,
NOKIA,473751A,FSEE,,,,,
NOKIA,473764A,ASIB,,,,,
NOKIA,473764A.102,ASIB AirScale Common,,,,,
NOKIA,473791A,FZHR,,,,,
NOKIA,473807A,AHED,,,,,
NOKIA,473842A.101,SFP+ 9.8G 300M 850NM,,,,,
NOKIA,473879A,AMPA,,,,,
NOKIA,473881A,AMLA,,,,,
NOKIA,473905A,FUFDD MM OD FIBER LC OD-LC OD DUAL 80M,,,,,
NOKIA,473914A,AZNA,,,,,
NOKIA,473936A,APAA,,,,,
NOKIA,473952A,AMOB AirScale Outdoor Subrack,,,,,
NOKIA,473980A,FMNG ,,,,,
NOKIA,473995A.101,AHEGA,,,,,
NOKIA,473997A.101,AHPMDA,,,,,
NOKIA,474020A,ABIL,,,,,
NOKIA,474020B,ABIL,,,,,
NOKIA,474021A,ASIK AirScale System Module,,,,,
NOKIA,474074A,FYGC GNSS RECEIVER ANTENNA,,,,,
NOKIA,474090A,AHEGB,,,,,
NOKIA,474091A,FMNH AirScale Ladder Mount Kit,,,,,
NOKIA,474168102,0,,,,,
NOKIA,474198A,AREA AIRSCALE RFM 6T6R B3 480W,,,,,
NOKIA,474216A,AHFIB,,,,,
NOKIA,474230066,,,,,,
NOKIA,474230085,SERVICE MODULE TX-RX,,,,,
NOKIA,474230085G,,,,,,
NOKIA,474230237,SUBSTITUTIVE ACTIVE UNIT,,,,,
NOKIA,474232014,,,,,,
NOKIA,474252A,AHHB ,,,,,
NOKIA,474257A,AHDB,,,,,
NOKIA,474270A,AMGD,,,,,
NOKIA,474348A,AZND,,,,,
NOKIA,474403A,ASIAA,,,,,
NOKIA,474512A,FXJC,,,,,
NOKIA,474620001,DC/DC Power Supply UNIT,,,,,
NOKIA,474649A,AHPC,,,,,
NOKIA,474676A,APAF,,,,,
NOKIA,C111332,MiniSAS Cable - CMSAS,,,,,
NOKIA,C112358,Intermediate Cable - CSYNC,,,,,
NOKIA,474930A,AMOD AIRSCALE OUTDOOR SUBRACK,,,,,
NOKIA,474800A,ARGA AIRSCALE RFM 6T6R B1 480W,,,,,
HUAWEI,02312RSS,BBU5900A (DC -48V),,,,,
NOKIA,474800A,ARGA AIRSCALE RFM 6T6R B1 480W,,,,,
NOKIA,474800A.102,ARGA,,,,,
NOKIA,474801A,ARHA AIRSCALE RFM 6T6R B7 360W,,,,,
NOKIA,474801A.101,ARHA,,,,,
NOKIA,474803A,NOKIA ARMA 474803A.101,,,,,
NOKIA,474803A.101,ARMA,,,,,
NOKIA,474824B,ABIN,,,,,
NOKIA,474840A,ARDA AIRSCALE RFM 6T6R B8 480W,,,,,
NOKIA,474840A,ARDA,,,,,
NOKIA,474840A.101,ARDA,,,,,
NOKIA,474840A.102,ARDA,,,,,
NOKIA,474850033,UMATAC,,,,,
NOKIA,474850036,UFILTR,,,,,
NOKIA,474850041,UDIODI,,,,,
NOKIA,474850058,UISSAL,,,,,
NOKIA,474914A,AHEGC,,,,,
NOKIA,474938A,AOQA,,,,,
NOKIA,474943A,AOQB,,,,,
NOKIA,475015A,AHSA,,,,,
NOKIA,475074A,AZQH,,,,,
NOKIA,475075A,AHPCA,,,,,
NOKIA,475130A.101,AZQL,,,,,
NOKIA,475169A,AWEUD,,,,,
NOKIA,475266A,ABIO,,,,,
NOKIA,475266A.104,ABIO AirScale Capacity,,,,,
NOKIA,475266A.105,ABIO AirScale Capacity,,,,,
NOKIA,475336A,AOME,,,,,
NOKIA,475431A,AEQC,,,,,
NOKIA,475544A,AQQE AIRSCALE MAA 64T64R 192AE N78 320W,,,,,
NOKIA,475544A.104,AQQE,,,,,
NOKIA,475707A,AHPMDD,,,,,
NOKIA,475825A,AHEGF,,,,,
NOKIA,483100120,DAUGHTER BOARD,,,,,
NOKIA,484198A,AREA,,,,,
NOKIA,487166275,T-BUS ALT,,,,,
NOKIA,512MBFLASHCARD,MEMORY CARD,,,,,
NOKIA,55300A,HP 55300A GPS,,,,,
NOKIA,732-101/52A,,,,,,
NOKIA,732-101/52A113V,DQA-E,,,,,
NOKIA,800-34854-05,FOC16360795,,,,,
NOKIA,848242715,POWER LINE FILTER ASSY.OLS 1.6T,,,,,
NOKIA,848957460,ECBU Alarm Card - spare,,,,,
NOKIA,87-0351-01,Blank plate,,,,,
NOKIA,87-0352-01,Blank plate,,,,,
NOKIA,8AQ01742AA,UT4FEM,,,,,
NOKIA,8AQ04464AC,D2MB,,,,,
NOKIA,8AQ04482AA,TBBA,,,,,
NOKIA,8AQ04482BA,TBBC,,,,,
NOKIA,8AQ04488AB,C2MC,,,,,
NOKIA,8AQ04492AA,P24A,,,,,
NOKIA,8AQ04496AB,TFCB,,,,,
NOKIA,8AQ04502AA,P24B,,,,,
NOKIA,8AQ04508AA,T2MA,,,,,
NOKIA,8AQ4492AA,P24A,,,,,
NOKIA,8D660912AA,Board,€1 -150.0,$0.00,,,
NOKIA,8DB02340SB,RECTIFIER FLATPACK 2 48/2000 HE,,,,,
NOKIA,8DB02340SD,DATASHEED MARTPACK 24,,,,,
NOKIA,8DG02607AA,SSY-POWER SUPPLY FILTER,,,,,
NOKIA,8DG02607AB,0,,,,,
NOKIA,8DG02607AC,POW100,,,,,
NOKIA,8DG02607AD,0,,,,,
NOKIA,8DG026082AA,0,,,,,
NOKIA,8DG02608AA,0,,,,,
NOKIA,8DG02608AB,SSY - MATRIX AND TIMING (TSS-100),,,,,
NOKIA,8DG02608AB.02,8DG02608AB,€258.8,$0.00,,,
NOKIA,8DG02608AC,0,,,,,
NOKIA,8DG02609AA,0,,,,,
NOKIA,8DG02640AA,0,,,,,
NOKIA,8DG02644AA,0,,,,,
NOKIA,8DG02649AA,DS3 PROTECTION ACCESS ASSEMBLY,,,,,
NOKIA,8DG02652AA,0,,,,,
NOKIA,8DG02659AA,8 X GE PACKET EXPANDER ACCESS ,,,,,
NOKIA,8DG02659AB,0,,,,,
NOKIA,8DG02660AA,0,,,,,
NOKIA,8DG02662AA,0,,,,,
NOKIA,8DG02666AA,0,,,,,
NOKIA,8DG02666AA,SSY- 56 X DS1 MAPPER SMALL NODE ASSEMBLY,,,,,
NOKIA,8DG02666AA.AC02,8DG02666AA,,,,,
NOKIA,8DG02666AAAC02,8DG02666AA,€230.0,$0.00,,,
NOKIA,8DG02672AA,0,,,,,
NOKIA,8DG02674AA,0,,,,,
NOKIA,8DG02680AA,0,,,,,
NOKIA,8DG02822AA,SSY - EQUIPMENT CONTROLLER (TSS-100),€0.0,$0.00,,,
NOKIA,8DG02822AAA,8DG02822AA,€0.0,$0.00,,,
NOKIA,8DG02849AA,SSY- BUS TERMINATION MODULE X FRONT,,,,,
NOKIA,8DG02850AA,0,,,,,
NOKIA,8DG05305AX,0,,,,,
NOKIA,8DG05306AA,0,,,,,
NOKIA,8DG05308AA,0,,,,,
NOKIA,8DG05313AA,1X2.5 SYNC OPTICAL,,,,,
NOKIA,8DG05374AA,0,,,,,
NOKIA,8DG05413AA,4X155/2X622M SYNC OPTICAL HO,,,,,
NOKIA,8DG05423AA,EC40,,,,,
NOKIA,8DG07747AA,0,,,,,
NOKIA,8DG07931AA,0,,,,,
NOKIA,8DG07955AA,0,,,,,
NOKIA,8DG07990AA,TSS320-1X10GSYNC,,,,,
NOKIA,8DG08044AA,0,,,,,
NOKIA,8DG08049AA,PSF320,,,,,
NOKIA,8DG08049AB,0,,,,,
NOKIA,8DG08051AA,10X1GEPP,,,,,
NOKIA,8DG08051AB,10X1GESY,,,,,
NOKIA,8DG08099AA,10X1GESY 10G Packet Transport Processor (PTP),,,,,
NOKIA,8DG08775AA,CABLE,,,,,
NOKIA,8DG08785BA,1850 TSS   2X10GE PACKET MODULE V2,,,,,
NOKIA,8DG09099AA,PP10G,,,,,
NOKIA,8DG09164AA,MT960C,,,,,
NOKIA,8DG09333AB,TBUSH,,,,,
NOKIA,8DG09336AB,0,,,,,
NOKIA,8DG09387AA,0,,,,,
NOKIA,8DG09454AA,HKPCNTC,,,,,
NOKIA,8DG0983AA,0,,,,,
NOKIA,8DG10327AB,FAN32S,,,,,
NOKIA,8DG15235AA,Board,€2 -738.1,$0.00,,,
NOKIA,8DG15238AA,ETH-AFX,,,,,
NOKIA,8DG15432AA,STM64 PORT XFP PLUGGABLE,€0.0,$0.00,,,
NOKIA,8DG15611AA,MATRIXE ,€0.0,$0.00,,,
NOKIA,8DG15627AA,PQ2/EQCG,,,,,
NOKIA,8DG15854AA,0,,,,,
NOKIA,8DG16489AB,WMAN3174 WOCUAX1UAA,,,,,
NOKIA,8DG16495AA,Subrack,,,,,
NOKIA,8DG16591AA,EMPM1000,,,,,
NOKIA,8DG16816AA,TDMX1180 - TUNEABLE DEMULTIPLEXER,,,,,
NOKIA,8DG16976AA,SSY - TRBC1191 C-BAND NRZ TTRX,,,,,
NOKIA,8DG17007AA,OFC-MU/PC-MU/PC-S-20,,,,,
NOKIA,8DG17241AF,TRBC4716 ,,,,,
NOKIA,8DG17302AA,WMAN9199 w/o VOA,,,,,
NOKIA,8DG17507AA,ETSI FILTRO DEFLETT. 1696,,,,,
NOKIA,8DG17647AC,OCC10 EN,,,,,
NOKIA,8DG17647AE,OCC10 192.2 THZ,,,,,
NOKIA,8DG17647AQ,OCC10_E 192.600,,,,,
NOKIA,8DG17647AS,OCC10 EN,,,,,
NOKIA,8DG17647BE,0,,,,,
NOKIA,8DG17647BL,OCC10_EN,,,,,
NOKIA,8DG17647BN,OCC10_EN,,,,,
NOKIA,8DG17647DB,OCC10_EN,,,,,
NOKIA,8DG17647DT,OCC10 195.2 THZ,,,,,
NOKIA,8DG17647EB,OCC10 195.3 THZ,,,,,
NOKIA,8DG17647ED,OCC10_E 198.400,,,,,
NOKIA,8DG17647EF,OCC10 _EN,,,,,
NOKIA,8DG17647EP,OCC10_EN,,,,,
NOKIA,8DG17650AA,CABLE,,,,,
NOKIA,8DG17657AA,OCC10ECA,,,,,
NOKIA,8DG23460AA,,,,,,
NOKIA,8DG24310AA,,,,,,
NOKIA,8DG24310AB,,,,,,
NOKIA,8DG24330AA,,,,,,
NOKIA,8DG24330AB,,,,,,
NOKIA,8DG24360AA,1850 TSS-5C 16 E1 INTERACE (O16E1),,,,,
NOKIA,8DG24380AA,1850 TSS-5C FAN CARD (FAN),,,,,
NOKIA,8DG25553AA,E1 75 OHM ACCESS WORKER,,,,,
NOKIA,8DG25553AB,,,,,,
NOKIA,8DG25556AA,,€219.0,$0.00,,,
NOKIA,8DG25556AB,,,,,,
NOKIA,8DG25559AA,0,,,,,
NOKIA,8DG25562AA,Board - Notfound in Nokia Spares (2025),,,,,
NOKIA,8DG25681AA,0,,,,,
NOKIA,8DG25684AA,SSY - FAN UNIT TRAY (TSS-100),€82.1,$0.00,,,
NOKIA,8DG25684AA.AA01,8DG25684AA,,,,,
NOKIA,8DG25684AAAA01,8DG25684AA.AA01,€54.8,$0.00,,,
NOKIA,8DG25686AA,RSA-SHELF (TSS/100) FRONT ACCESS (S100F),,,,,
NOKIA,8DG25821AA,0,,,,,
NOKIA,8DG25826AA,0,,,,,
NOKIA,8DG25836AA,0,,,,,
NOKIA,8DG25929AA,0,,,,,
NOKIA,8DG25932AA,0,,,,,
NOKIA,8DG25935AA,0,,,,,
NOKIA,8DG25938AA,0,,,,,
NOKIA,8DG26008AA,0,,,,,
NOKIA,8DG26022AA,0,,,,,
NOKIA,8DG26026AA,0,,,,,
NOKIA,8DG26031AA,EC100C,,,,,
NOKIA,8DG26031AB,0,,,,,
NOKIA,8DG26082AA,FAN,,,,,
NOKIA,8DG26141AA,0,,,,,
NOKIA,8DG26141AB,0,,,,,
NOKIA,8DG26156AA,0,,,,,
NOKIA,8DG26157AA,0,,,,,
NOKIA,8DG26182AA,0,,,,,
NOKIA,8DG26210AA,0,,,,,
NOKIA,8DG26210AB,0,,,,,
NOKIA,8DG2666AA,0,,,,,
NOKIA,8DG33680AA,TRBCX018,,,,,
NOKIA,8DG59240AA,USER PANEL,,,,,
NOKIA,8DG59241AB,Equipment Controller,,,,,
NOKIA,8DG59241AD,EC,,,,,
NOKIA,8DG59242AB,PFDC50,,,,,
NOKIA,8DG59242AE,DC POWER FILTER (60A) ‐ PSS‐32,,,,,
NOKIA,8DG59242BB,PFDC50,,,,,
NOKIA,8DG59243AA,FAN,,,,,
NOKIA,8DG59243AB,FAN UNIT,,,,,
NOKIA,8DG59244AA,ALPHG,,,,,
NOKIA,8DG59245AA,AHPHG,,,,,
NOKIA,8DG59245AB,DWDM 1830 PSS-8 AHPHG,,,,,
NOKIA,8DG59246AA,8 Channel Colourless Wavelength,,,,,
NOKIA,8DG59248AA,SFD44,,,,,
NOKIA,8DG59249AA,11STAR1,,,,,
NOKIA,8DG59251AA,1830 PSS 11G SINGLE PORT TUNABLE MULTIRATE MUX,,,,,
NOKIA,8DG59252AA,0,,,,,
NOKIA,8DG59319AA,COSHF,,,,,
NOKIA,8DG59319AB,COSHF,,,,,
NOKIA,8DG59340AA,11G Dual Port Pluggable GBE Mu,,,,,
NOKIA,8DG59348AA,MA-CO SHELF COVER LARGE,,,,,
NOKIA,8DG59382HA,1830 PSS EDGE DEV POWER FILTER CD,,,,,
NOKIA,8DG59424AE,DCM - FIBER BRAGG 20KM,,,,,
NOKIA,8DG59425AE,DCM - FIBER BRAGG 30KM,,,,,
NOKIA,8DG59427AA,DCM - SMF 50km ,,,,,
NOKIA,8DG59429AA,DCM070 - 70km DCM,,,,,
NOKIA,8DG59430AA,DMSMF080,,,,,
NOKIA,8DG59437AB,STATIC FILTER DWDM 5 CHANNEL,,,,,
NOKIA,8DG59437AC,Static Filter DWDM 5 Channel (C Variant),,,,,
NOKIA,8DG59437AD,SFD5D,,,,,
NOKIA,8DG59437AE,SFDC8C Static Filter DWDM 8 Channel (C Variant),,,,,
NOKIA,8DG59437AF,STATIC FILTER DWDM 5 CHANNEL,,,,,
NOKIA,8DG59437AG,SFD5G,,,,,
NOKIA,8DG59437AH,SDF5H,,,,,
NOKIA,8DG59441AA,STATIC FILTER,,,,,
NOKIA,8DG59442AA,STATIC FILTER CWDM 8 CHANNEL 1,,,,,
NOKIA,8DG59642AA,HALF SLOT ADAPTER (FILTER SLOT),,,,,
NOKIA,8DG59713AA,MSC - 4Gb Dual Port Pluggable ,,,,,
NOKIA,8DG59724AA,FOADM Inventory Cable Adapter for SFD44,,,,,
NOKIA,8DG59827AA,CWR8-88,,,,,
NOKIA,8DG59827AB,WR8-88A,,,,,
NOKIA,8DG59828AA,11DPM12,,,,,
NOKIA,8DG59841AA,ITLB,,,,,
NOKIA,8DG59857AA,SFD44B Optical Multiplexer,,,,,
NOKIA,8DG59859AA,EOSHF,,,,,
NOKIA,8DG59945AA,AHPLG,,,,,
NOKIA,8DG59945AB,0,,,,,
NOKIA,8DG60008AA,SYS-100G ANYRATE A/D -COHERENT,,,,,
NOKIA,8DG60094AA,USRPNL,,,,,
NOKIA,8DG60117AA,CWRBB,,,,,
NOKIA,8DG60157AA,PFDC20U,,,,,
NOKIA,8DG60175AA,SS-16 DC Power Filter Managed,,,,,
NOKIA,8DG60175BA,PSS-16 DC PF MANAGED (20A),,,,,
NOKIA,8DG60210AA,STATIC FILTER DWDM 8 CHANNEL,,,,,
NOKIA,8DG60210AC,DWDM FILTER,,,,,
NOKIA,8DG60237AA,40G SPT MUX C-BAND - PDPSK,,,,,
NOKIA,8DG60242AB,A2325A,,,,,
NOKIA,8DG60317AA,43G SPT ANYRATE COHERENT,,,,,
NOKIA,8DG60320AA,1830 PSS TUNABLE MXR PRNCD,,,,,
NOKIA,8DG60349AA,11QPA4,,,,,
NOKIA,8DG60565AA,1830 PSS AMPLIFIER PRNCD,,,,,
NOKIA,8DG60567AB,RA2P,,,,,
NOKIA,8DG60740AA,112SX10L 100G XL-BAND MUX,,,,,
NOKIA,8DG60912AA,AM2125B Board WOGUAWJUAG,€1 -916.7,$0.00,,,
NOKIA,8DG60968AA,16GB UPGRADE KIT,,,,,
NOKIA,8DG60987AA,1830 PSS TUNABLE PRNCD,,,,,
NOKIA,8DG61257AA,PFD3X50,,,,,
NOKIA,8DG61279AA,1870 TTS 10X10G MUX SD FEC,,,,,
NOKIA,8DG62039AC,130SNX10,,,,,
NOKIA,8DG62186AB,1870 TTS 260SCX2 100G/200G FLEX COHERENT,,,,,
NOKIA,8DG62471AA,20p200,,,,,
NOKIA,8DG62635AA,32EC2,,,,,
NOKIA,8DG81002AC,OCC10EC,,,,,
NOKIA,8DG82531AA,TRBD1191,,,,,
NOKIA,8DG82531AG,TRBD1191,,,,,
NOKIA,8DG87202AA,FAN320,,,,,
NOKIA,8DG87205AA,0,,,,,
NOKIA,8DG87378AA,0,,,,,
NOKIA,8DG87540AA,0,,,,,
NOKIA,8DG87580AA,0,,,,,
NOKIA,8DG89216AC,EC HC,,,,,
NOKIA,8DG89249AB,FAN UNIT - 1830 PSS-36/64,,,,,
NOKIA,8DG90031AA,0,,,,,
NOKIA,8DG90031AB,Fan320,,,,,
NOKIA,8DG90079AA,CABLE,,,,,
NOKIA,8DG90080AA,CABLE,,,,,
NOKIA,90-0568-01,LINE INTERFACE MODULE,,,,,
NOKIA,90-2183-02,DUAL RECEIVER CARD 2.1,,,,,
NOKIA,90-4444-01,48V DC Power Supply,,,,,
NOKIA,90-4445-02,FAN,,,,,
NOKIA,90-4452-21-00-U,CLT,,,,,
NOKIA,90-4452-52,7270 CONTROL CARD W/EPM R6.0,,,,,
NOKIA,90-4453-03,HUB CARD-6-8 SLOT,,,,,
NOKIA,90-4455-12,MainStreet 3600 E1 8P Unit CARD,,,,,
NOKIA,90-4455-32,E1 CIRCUIT EMULATION ,,,,,
NOKIA,90-4457-22,7270 STM1-2M CR CARD,,,,,
NOKIA,90-4458-04-00-K,E3 CELL READY,,,,,
NOKIA,90-4459-14-00,E1 CELL READY / E1 CR,,,,,
NOKIA,90-4460-03,E1 8PORT 75 OHM BNC I/O,,,,,
NOKIA,90-4462-02,OC3/STM1 IR I/O CARD,,,,,
NOKIA,90-4463-01,36177 DS3/E3 3PR I/O,,,,,
NOKIA,90-4590-02,FABRIC,,,,,
NOKIA,90-4669-02,CONTROL,,,,,
NOKIA,90-5891-01,HUB,,,,,
NOKIA,90-6398-01,DISTRIBUTION PANEL,,,,,
NOKIA,90-6499-01,STRATUM 3 SSU MODULE,,,,,
NOKIA,90-6603-01,10/100 base t,,,,,
NOKIA,90-6699-01,7670 RSP Routing Switch Platform,,,,,
NOKIA,90-6700-01,Cooling Fan for 7670 RSP-A,,,,,
NOKIA,90-6703-01,CIC,,,,,
NOKIA,90-7039-02,FACILITIES,,,,,
NOKIA,90-7046-01,BLANK PLATES,,,,,
NOKIA,90-7047-01,BLANK PLATES,,,,,
NOKIA,90-7175-01,POWER ENTRY,,,,,
NOKIA,90-7569-02,OC3C/STM1,,,,,
NOKIA,90-7570-02,OC-12C/STM-4 IR I/O CARD,,,,,
NOKIA,90-7570-03,OC12c STM4,,,,,
NOKIA,90-7572-01,ATM MULTI-RATE 16 OC3C/12C STM,,,,,
NOKIA,902429-90,OS6850-BP-P,,,,,
NOKIA,902547-90,OMNISWITCH 6850-24,,,,,
NOKIA,902548-90,Omniswitch 6850-48 OSW1,,,,,
NOKIA,902680-90,AC Power Supply FOR OS6850 SE,,,,,
NOKIA,902775-90,OS6850-P24,,,,,
NOKIA,902938-90,OMNISWITCH 6850E-48,,,,,
NOKIA,902939-90,OMNISWITCH 6850E-48X,,,,,
NOKIA,995102A,Cable,,,,,
NOKIA,995297a,Power Cable,,,,,
NOKIA,995298a,Data Cable ,,,,,
NOKIA,995572a,Power Cable,,,,,
NOKIA,9962DUALENTERPRIcEAP,9962DUALENTERPRISEAP,,,,,
NOKIA,9962DUALENTERPRISEAP,NOKIA 3G FEMTOCELL,€86.3,$0.00,,,
NOKIA,AAC0010219,NOKIA OCB283/E10 AE12V,,,,,
NOKIA,AAC0010223,RBCX2,,,,,
NOKIA,AAC0010225,NOKIA OCB283/E10 ACHIL2,,,,,
NOKIA,AAC0010282,NOKIA OCB283/E10 ACFTD,,,,,
NOKIA,AAC0010293,NOKIA OCB283/E10 ACTUJ,,,,,
NOKIA,AAC0010327,NOKIA OCB283/E10 ACAJA4,,,,,
NOKIA,AAC0010342,NOKIA OCB283/E10 ACUTR3,,,,,
NOKIA,AAC0010359,NOKIA OCB283/E10 RCMP4,,,,,
NOKIA,AAC0010361,NOKIA OCB283/E10 RCID4,,,,,
NOKIA,AAC0010366,NOKIA OCB283/E10 RCSM4,,,,,
NOKIA,AAC0010367,NOKIA OCB283/E10 RCMT4,,,,,
NOKIA,AAC0010369,NOKIA OCB283/E10 ACAJB4,,,,,
NOKIA,AAC0013028,NOKIA OCB283/E10 ACRAL2,,,,,
NOKIA,AAC0014011,ABUTP,,,,,
NOKIA,AAC0014021,ABLAS,,,,,
NOKIA,AAC0014129,NOKIA OCB283/E10 ICSMP,,,,,
NOKIA,AAC0014130,NOKIA OCB283/E10 ICMPN2,,,,,
NOKIA,AAC0014238,NOKIA OCB283/E10 ACMCS,,,,,
NOKIA,AAC0014493,MICRO TERMINAL MT416,,,,,
NOKIA,AAC0017445,NOKIA OCB283/E10 RCHOR,,,,,
NOKIA,AAC0017469,NOKIA OCB283/E10 ACALA,,,,,
NOKIA,AAC0017508,NOKIA OCB283/E10 ICHOR,,,,,
NOKIA,AAC0017509,NOKIA OCB283/E10 ACTLC,,,,,
NOKIA,AAC0017512,NOKIA OCB283/E10 ACREBA,,,,,
NOKIA,AAC0017514,NOKIA OCB283/E10 RCHIS,,,,,
NOKIA,AAC0017518,NOKIA OCB283/E10 ICID,,,,,
NOKIA,AAC0017938,NOKIA OCB283/E10 RSIMT,,,,,
NOKIA,AAC004216,NOKIA OCB283/E10 AE5V40,,,,,
NOKIA,AAC0042162,NOKIA OCB283/E10 AE5V40,,,,,
NOKIA,AAC0042172,ABSMC,,,,,
NOKIA,AAC0042175,IBTLR,,,,,
NOKIA,AAC0042177,RBIX,,,,,
NOKIA,AAC0042197,RBBT,,,,,
NOKIA,ARL834PG,DANLAB,,,,,
NOKIA,AT10014-ID,Single-mode / 155Mbps / 1310nm,,,,,
NOKIA,AT110725,TX and RX 1-32,,,,,
NOKIA,AT22424-00-AA,Brackets Set,,,,,
NOKIA,AT23000-00-AC-S,A-2200/FPH CET Switch,,,,,
NOKIA,AT23044-00-AA,A-2200 PS 48vDC,,,,,
NOKIA,AT23110-00-AC,10-PORT 100/1000Base-X,,,,,
NOKIA,AT23132-00-AA,TDM Interface 32,,,,,
NOKIA,AT23216-00-AC,16 Port E1/T1,,,,,
NOKIA,AT23314-00-AA,4-Port STM1/OC3,,,,,
NOKIA,AT23316-00-AA,16 Port E1/T1,,,,,
NOKIA,AVL838G,DANLAB,,,,,
NOKIA,AXL838G,DANLAB,,,,,
NOKIA,AXL838GH,DANLAB,,,,,
NOKIA,B13722400000,RECTIFIER SAFT SMR-660 48V/12 A,,,,,
NOKIA,B1801001040B,RECTIFIER SAFT SMR-660 48V/12 A,,,,,
NOKIA,C08530,AS7-U,,,,,
NOKIA,C08761,SBCN-S,,,,,
NOKIA,C08825,CL2TG-S,,,,,
NOKIA,C08839.A02,Board,€0.0,$0.00,,,
NOKIA,C08839.A03,Board,€0.0,$0.00,,,
NOKIA,C08853,SWC SM-S,,,,,
NOKIA,C08854,SWSPS-S,,,,,
NOKIA,C08938,CC3C-A,,,,,
NOKIA,C08953,PSC6-A,,,,,
NOKIA,C08986.E3D,TSS3,€0.0,$0.00,,,
NOKIA,C100610,NI4S1-B,,,,,
NOKIA,C100880.B02,Board,€0.0,$0.00,,,
NOKIA,C103140,PSCG3-B,,,,,
NOKIA,C103491.C01,Board,€0.0,$0.00,,,
NOKIA,C103491.C1A,Board,€0.0,$0.00,,,
NOKIA,C103491.C2B,IW1S1,€0.0,$0.00,,,
NOKIA,C104250,CLAC-B Clock and Alarm Shelf,,,,,
NOKIA,C107607,IOCP-D,,,,,
NOKIA,C108000,ESB20-A,,,,,
NOKIA,C108427.C2A,ESA24,€0.0,$0.00,,,
NOKIA,C108427.C2B,ESA24,€0.0,$0.00,,,
NOKIA,C108488.E4C,Board,€0.0,$0.00,,,
NOKIA,C108784,ET4E,,,,,
NOKIA,C108885.D02,Board,€0.0,$0.00,,,
NOKIA,C108885.E2B,Board,€0.0,$0.00,,,
NOKIA,C108981,Flexi Server,,,,,
NOKIA,C109045.B1A,CDSP-D  ,€0.0,$0.00,,,
NOKIA,C109045.B1C,CDSP-D Board,€0.0,$0.00,,,
NOKIA,C109093.A02,Board,€0.0,$0.00,,,
NOKIA,C109093.B01,Board,€0.0,$0.00,,,
NOKIA,C109093.B02,CCP18-A,€0.0,$0.00,,,
NOKIA,C109093.C02,CCP18-A,€0.0,$0.00,,,
NOKIA,C109093.C4A,CCP18-A,€0.0,$0.00,,,
NOKIA,C109093.C4B,EHAT,€0.0,$0.00,,,
NOKIA,C109093.C4C,CCP18-A,€0.0,$0.00,,,
NOKIA,C109093.C5A,Board,€0.0,$0.00,,,
NOKIA,C109365.A2B,Board,€0.0,$0.00,,,
NOKIA,C109373,CRP-3 2GB,,,,,
NOKIA,C109374,GPLC-3,,,,,
NOKIA,C109375,GPLC-3 4GB,,,,,
NOKIA,C109447.B1B,NOKIA Board,€0.0,$0.00,,,
NOKIA,C109447.B1C,NOKIA Board,€0.0,$0.00,,,
NOKIA,C109451.A1C,Board,€0.0,$0.00,,,
NOKIA,C109453.A1A,0,,,,,
NOKIA,C109472,PD30,,,,,
NOKIA,C109472.A01,PD30,€0.0,$0.00,,,
NOKIA,C109472.A1B,PD30,€0.0,$0.00,,,
NOKIA,C109472.AIE,PD30 C10472.AIE Board,€0.0,$0.00,,,
NOKIA,C109474.E4A,,,,,,
NOKIA,C109474.E4D,ETS2 C109474.E4D Board,€0.0,$0.00,,,
NOKIA,C109482.B3C,Board,€0.0,$0.00,,,
NOKIA,C109505,TC2C-A Transcoder cartridge,,,,,
NOKIA,C109519.A4B,0,,,,,
NOKIA,C109702.B1A,IW1S1,€0.0,$0.00,,,
NOKIA,C109702.B2B,Board,€0.0,$0.00,,,
NOKIA,C109702.B2C,Board,€0.0,$0.00,,,
NOKIA,C109702.C2C,Board,€0.0,$0.00,,,
NOKIA,C109822,CPETC-E,,,,,
NOKIA,C109823,CONNECTOR PANEL   CPETC-F,,,,,
NOKIA,C109941.A01,HDS-B,€0.0,$0.00,,,
NOKIA,C109974.A1A,BISFC,€0.0,$0.00,,,
NOKIA,C109976.A1A,BISFD,€0.0,$0.00,,,
NOKIA,C110156,DC3C-B,,,,,
NOKIA,C110307.B1A,ET2E-TCB,,,,,
NOKIA,C110547.B02,Board,€0.0,$0.00,,,
NOKIA,C110598.B3A,HDSAM-A,,,,,
NOKIA,C110629,PCU2-E,,,,,
NOKIA,C110629.B3D,PCU2-E,,,,,
NOKIA,C110658,AMCSF-A,,,,,
NOKIA,C110658.B2B,AMCSF-A,,,,,
NOKIA,C110791,,,,,,
NOKIA,C110791.C3B,AS7-D,,,,,
NOKIA,C110888.C1D,AHUB2-A,,,,,
NOKIA,C110911.C3B,MX1G6-A,€0.0,$0.00,,,
NOKIA,C110926.B1E,Board,€0.0,$0.00,,,
NOKIA,C111034.A3B,CCP18-C,€0.0,$0.00,,,
NOKIA,C111034.A3C,CCP18-C,€0.0,$0.00,,,
NOKIA,C111034A3C,CCP18-C,,,,,
NOKIA,C111117.A1A,BISFC-A,,,,,
NOKIA,C111134.B1A,Board ,€0.0,$0.00,,,
NOKIA,C111134.B2A,0,,,,,
NOKIA,C111134.B2B,Board,€0.0,$0.00,,,
NOKIA,C111134.C2B,CP816-AC Board,€0.0,$0.00,,,
NOKIA,C111148.D2B,0,,,,,
NOKIA,C111169,,,,,,
NOKIA,C111179.A1A,Board,€0.0,$0.00,,,
NOKIA,C111193.A1A,0,,,,,
NOKIA,C111195.A1A,CDSP-DT,,,,,
NOKIA,C111195.A3A,CDSP-DT,€0.0,$0.00,,,
NOKIA,C111246,CLAB-U,,,,,
NOKIA,C111249.A2A,CL2TG-U,€0.0,$0.00,,,
NOKIA,C1112929,BCNSET-B,,,,,
NOKIA,C111462,CL3TG-UA CLOCK AND TONE GENERATOR,,,,,
NOKIA,C111587.D3D,Board,€0.0,$0.00,,,
NOKIA,C111729.A1B,BAFU-A,,,,,
NOKIA,C111730,BAFI-A BCN Air Filter,,,,,
NOKIA,C111730.A1A,BAF1-A,,,,,
NOKIA,C111826.A3E,ETP,,,,,
NOKIA,C111969.B3B,ACPI4-A,,,,,
NOKIA,C111970.B2B,C111970 SPGW MME MGW MSS part of ATCA,€164.3,$0.00,,,
NOKIA,C112019.C2D,BJC-A,,,,,
NOKIA,C112154,BAMF-A,,,,,
NOKIA,C112155.B1D,BDFE-B,,,,,
NOKIA,C112157.A1B,MRA3A02,,,,,
NOKIA,C112573.A2F,BMPP2-B,,,,,
NOKIA,C112777,BCN3BSC-C,,,,,
NOKIA,C112928.H4C,BCN-B,,,,,
NOKIA,C112982.A1B,BMFU-B,,,,,
NOKIA,C113075.A1A,MRA3B08,,,,,
NOKIA,C19748,PSFP,,,,,
NOKIA,C28854,SWBUS4,,,,,
NOKIA,C29342,PSFP-S,,,,,
NOKIA,C47815-011,DC/DC 36-72V,,,,,
NOKIA,C50117-A29-B214,AIR FLOW GUIDE,,,,,
NOKIA,C71700.C1E,TBUF TIMING BUFFER,€0.0,$0.00,,,
NOKIA,C72383,MS256M,,,,,
NOKIA,C8144900058 -470141A.102,FPBA,,,,,
NOKIA,CC24002,DB2 BRANCHING UNIT,,,,,
NOKIA,CC24011,SWITCHING UNIT,,,,,
NOKIA,CC24101,,,,,,
NOKIA,CC24111,Control Unit DN 2 - CU 75 ohm,,,,,
NOKIA,CF24186.09,NOKIA Chassis,,,,,
NOKIA,CG24170,DN2 Bus Power Unit (BPU),,,,,
NOKIA,CICC1.1,IPC CICC 1.1,,,,,
NOKIA,CPRT4-A,C111970.B2B,€0.0,$0.00,,,
NOKIA,CRML810HRA,9500 MPR CHASIS,,,,,
NOKIA,CS7000000,FPRA,,,,,
NOKIA,CS7000000.02,FLEXI POWER SHELVES (EMERSON A25020L),,,,,
NOKIA,CS7000000.04,FLEXI POWER SHELVES  (EMERSON AA27100L),,,,,
NOKIA,CS7000000.06,FLEXI POWER SHELVES (EMORSON AA27100L),,,,,
NOKIA,CS7000000.07,FLEXI POWER SHELEVS (EMERSON AA27100L),,,,,
NOKIA,CS7000000.08,FLEXI POWER SHELVES (EMERSON AA27100L),,,,,
NOKIA,CS7000001.03,RECTIFIER (EMERSON AA25000L),,,,,
NOKIA,CS7000004.00,ALARMPCB,,,,,
NOKIA,CS7000021.01,FPRA HE RECT,,,,,
NOKIA,CS7000031,FPRB,,,,,
NOKIA,CS71505.02,BATA 1300W RECTIFIER,,,,,
NOKIA,CS71506.02,ADUA AC/DC DISTRIBUTION UNIT,,,,,
NOKIA,CS7299113.01,FLMA,,,,,
NOKIA,CU24012,DIU nx64k,,,,,
NOKIA,CU24013,Dataunit 2M - nx64k: G.703/704 - 75 ohm,,,,,
NOKIA,CU24020,Data Unit 0.64 kbit/s - async,,,,,
NOKIA,CU24020.1,DIU19.2S/Extended Interface,,,,,
NOKIA,CU24021,CU24021 V24 CARD,,,,,
NOKIA,CU24021.01,DIU 0.19.2 kbps - asyn. V.28/V.11 - 8 ch,,,,,
NOKIA,CU24101,IU2 2×2 Mb/s 75 ohm,,,,,
NOKIA,D12816,TCRMT,,,,,
NOKIA,D12873H07,TPOL ,,,,,
NOKIA,D17106,TMQR,,,,,
NOKIA,D17107,TRCX,,,,,
NOKIA,D17147,TCCS,,,,,
NOKIA,D17407,TMUC2M,,,,,
NOKIA,D17963,TSITL,,,,,
NOKIA,D42116,TPUCB,,,,,
NOKIA,D53631A03,TSURV2,,,,,
NOKIA,D59147A01,NOKIA OCB283/E10 ,,,,,
NOKIA,DC62605.1,2.4. X.21 INTERFACE UNIT,,,,,
NOKIA,DDF16BNC0C53A,T555BAL16.02,,,,,
NOKIA,DPM-2,Power Supply,,,,,
NOKIA,DS60160,STAND-ALONE BASEBAND MODEM,,,,,
NOKIA,DS60250.32,DNT128 Generic,,,,,
NOKIA,DS62200.1,EXI-S,,,,,
NOKIA,DS62602.11,V.28/V24 INTERFACE MODULE,,,,,
NOKIA,DS62603.11,V.11 interface module,,,,,
NOKIA,DS62605.11,X.21/V.11 interface module,,,,,
NOKIA,DS62608.11,INTERFACE CARD G.704/2M,,,,,
NOKIA,DZ62702.1,NOKIA - DTE Cable V.28,,,,,
NOKIA,E21133.01,,,,,,
NOKIA,ECE37533AB,FAN UNIT,,,,,
NOKIA,FYGD-C1900,FYGD Clock Data Cable,,,,,
NOKIA,GE1/SX4,Ethernet interface unit,,,,,
NOKIA,NOKIAIP01200,IP01200,,,,,
NOKIA,IP01200,NOKIA REGULATORY MODEL IP01200,€164.3,$0.00,,,
NOKIA,IP1260,Firewall Sec Platf - 2xAC PSU - 2x40GB -Rack Mount  ,,,,,
NOKIA,LCP-SCP-1SMA02-L20,Cable - 14130280,€0.0,$0.00,,,
NOKIA,LKA50,109484345,,,,,
NOKIA,LTDK-30,T-DK-30 - 3.2 DB  - IL at 1545 NM (WHITE),,,,,
NOKIA,LTDK-40,4.2 DB IL at 1545NM,,,,,
NOKIA,LTDK-5,LT-DK-5 - 1.5 dB +/- - IL AT 1545 NM ,,,,,
NOKIA,LTDK-80,7.9 dB IL at 1545 nm,,,,,
NOKIA,MCS10884,MODEM,,,,,
NOKIA,MCS10971,MODEM,,,,,
NOKIA,MTRS-6E21-01,SFP+ 6.1GB 2KM 1310NM,,,,,
NOKIA,MXPD-243SI,SFP,€0.0,$0.00,,,
NOKIA,N800898001,3G SGSN 2 SLOT CARD,,,,,
NOKIA,NCP-3108-CCA1ALE,5910 VSA,,,,,
NOKIA,NIF4205000,CPMC,,,,,
NOKIA,NMSWS0090,CABLE POUR TS8 10M,,,,,
NOKIA,NS45N741AB,3 PORT DS3/E3 ATM PROTECTION MODULE,,,,,
NOKIA,NT6X3601,MODULE,,,,,
NOKIA,OMC-GY-MM-24-LCLC-030M,FIBREOPTICALCABLEASSEMBLY,,,,,
NOKIA,OS6560-P48X4,OmniSwitch 6560 Ethernet LAN Switch,,,,,
NOKIA,P01074,DAT12G,,,,,
NOKIA,P01075,DAT12G,,,,,
NOKIA,PC100-222-260,64MB 100MHZ MEMORY MODULE,,,,,
NOKIA,PT7420-81-ED-ER+,0,,,,,
NOKIA,RLT000005.T,TDD LTE Connected UEs per BTS LTU,,,,,
NOKIA,RLT000009.T,TDD Cell Bandwidth - 20 MHz LTU,,,,,
NOKIA,RLT000034.T,LTE transport protocol stack LTU,,,,,
NOKIA,RLT000038.T,Transmit diversity for two antennas LTU,,,,,
NOKIA,RLT000041.T,2x2 DL MIMO LTU,,,,,
NOKIA,RLT000081.T,Flexi TD LTE Branch Activation 10W LTU,,,,,
NOKIA,RLT000103.T,eNodeB throughput capacity licenseDL LTU,,,,,
NOKIA,RLT000104.T,eNodeB throughput capacity licenseUL LTU,,,,,
NOKIA,ROF1371587/1,TBS,,,,,
NOKIA,ROF1377628/1,STU,,,,,
NOKIA,ROJ208317/1,LRB,,,,,
NOKIA,RTXM182-525,3FE25772AA 01,,,,,
NOKIA,RTXM192-434,3G SFP 2KM 1310NM,,,,,
NOKIA,S-1.1DDM,SFP,€230.0,$0.00,,,
NOKIA,S-4.1DDM,1AB196360004,€230.0,$0.00,,,
NOKIA,S30813-Q426-X901-4/01,Board,€0.0,$0.00,,,
NOKIA,S42024-P129-A1,QD2BUS,,,,,
NOKIA,SCP6G08-A1-ZME,SFP,€230.0,$0.00,,,
NOKIA,SCP6G08-H2-BNE,2.488G-1310NM 15KM SM ESFP,€230.0,$0.00,,,
NOKIA,SG9CF4GHYAAIALC,Compact Flash Card 4G,,,,,
NOKIA,SM-1800-50-33,SMT 48/34 RECTIFIER,,,,,
NOKIA,SNC3SHOAAA,OLS SYS CONTROLLER UNIT,,,,,
NOKIA,SNC3SHOAAB,OLS SYS CONTROLLER UNIT,,,,,
NOKIA,SP-GB-LX-INFN-SA2,SFP,€0.0,$0.00,,,
NOKIA,T30013.02,STM-1 IU 1300nm S-1.1 MLM FC,,,,,
NOKIA,T30023.01,STM-4 1300LH,,,,,
NOKIA,T30023.02,STM-4 IU (1300nm),,,,,
NOKIA,T30041.03,A2M ELECTRICAL IU,,,,,
NOKIA,T30041.04,A2MTA Electrical IU 16*2M 75R,,,,,
NOKIA,T30043.04,2MTA Electrical IU 16*2M 75ohm,,,,,
NOKIA,T30053.01,SSW,,,,,
NOKIA,T30054.01,SSWA,,,,,
NOKIA,T30063.01,TSW1,,,,,
NOKIA,T30073.01,CU control + timing Unit,,,,,
NOKIA,T30084.01,SA-U,,,,,
NOKIA,T30404.11,75 ohm conn panel,,,,,
NOKIA,T30405.14,Adapter,,,,,
NOKIA,T30411.10,Mounting Frame for Connector Panel,,,,,
NOKIA,T30414.03,17 slot synfonet sub rack,,,,,
NOKIA,T30512.20,ISDN PLUG FOR CARD,,,,,
NOKIA,T30700.12,ACM2 MUX CONTROLLER,,,,,
NOKIA,T30701.11,ACM2 V5 CONTROLLER,,,,,
NOKIA,T30705.01,ACM2 SUB UNIT 10 CH,,,,,
NOKIA,T30707.01,SUB Unit 10 Ch CV Version,,,,,
NOKIA,T30733.01,ISDN S/T IF UNIT,,,,,
NOKIA,T30734.02,ISDN BA U-IF,,,,,
NOKIA,T30800.09,EPSA Power Unit,,,,,
NOKIA,T30800.19,EPSA 48VDC,,,,,
NOKIA,T30813.01,0,,,,,
NOKIA,T30821,Power Supply,,,,,
NOKIA,T30851.02,Subrack Power Adapter,,,,,
NOKIA,T37871.01,NDM 19 in DN2 subrack,,,,,
NOKIA,T37883.01,NDM AC unit,,,,,
NOKIA,T37884.01,NDM DC POWER CARD,,,,,
NOKIA,T55050.01,Alignment Unit,,,,,
NOKIA,T55200.01,NOKIA  FIU 19 CHASSIS,,,,,
NOKIA,T55220.01,FIU 19 4x2M 120 Plug-In Unit,,,,,
NOKIA,T55220.02,FIU 19 4X2M 75 PLUG-IN UNIT,,,,,
NOKIA,T55221.01,FIU 19 FLEXBUS PLUG-IN UNIT,,,,,
NOKIA,T55223.01,FIU 19 4 x AUX DATA,,,,,
NOKIA,T55340.01,FIU 19E Indoor Unit,,,,,
NOKIA,T55340.03,FIU19E,,,,,
NOKIA,T55513B0.02,FlexiPacket Radio 13,,,,,
NOKIA,T55518B1,,,,,,
NOKIA,T55523B0.01,FlexiPacket Radio 23,,,,,
NOKIA,T55523B0.51,FlexiPacket Radio 23,,,,,
NOKIA,T55538B0.52,FlexiPacket Radio 38,,,,,
NOKIA,T555800GBO.00,4GbE Opt.,,,,,
NOKIA,T555FME0,FLEXIPACKET FIRSTMILE 200,,,,,
NOKIA,T555HWKEY,Software Key,,,,,
NOKIA,T59015.01,FlexHopper XC 15,,,,,
NOKIA,T59015.02,FlexHopper XC 15,,,,,
NOKIA,T59100.11,MAIN,,,,,
NOKIA,T59140.10,40E1,,,,,
NOKIA,T59240.10,LIC,,,,,
NOKIA,T59401.03,CABLE,,,,,
NOKIA,T59500.20,FlexiHub Node,,,,,
NOKIA,T59505.01,FAN,,,,,
NOKIA,T59510.01,40E1 75Ohm CONNECTOR 750,,,,,
NOKIA,T65000.01,DNT1MEXP without interface modules,,,,,
NOKIA,T65100.01,ILT1M 2B1Q Line Terminal,,,,,
NOKIA,T65100.06,ILT1M 2B1Q Line Terminal,,,,,
NOKIA,T65500.01,CARTE ACL 2 MBIT/S EXP,,,,,
NOKIA,T65620.01,MODEM DNT2M,,,,,
NOKIA,T65630.01,DNT2M-mp EXP/AC,,,,,
NOKIA,T65640.01,	DNT2M-s SA AC-POWER GEN,,,,,
NOKIA,T65650.01,DNT2M-G Mini Multiplexer,,,,,
NOKIA,T65650.12,DNT2M-G,,,,,
NOKIA,T65660.01,DNT2M-G MP (AC - 120 OHM),,,,,
NOKIA,T65660.02,DNT2M-G,,,,,
NOKIA,T65660.11,DNT2M-G,,,,,
NOKIA,T65660.12,DNT2M-G,,,,,
NOKIA,TA21513,DF2 HIGH POWER CARD,,,,,
NOKIA,TA21516,DF HIGH POWER CARD,,,,,
NOKIA,TC21100,,,,,,
NOKIA,TC21101,DM2 Multiplexing Unit - 75 ohm,,,,,
NOKIA,TC21116,2M MULTIPLEXER 120 OHM,,,,,
NOKIA,TC21117,2M MULTIPLEXER 75 OHM,,,,,
NOKIA,TC21300,SERIAL CARD,,,,,
NOKIA,TC21301,DM8 MUX CARD,,,,,
NOKIA,TC21705,Supervisory Substation,,,,,
NOKIA,TC21710.01,,,,,,
NOKIA,TCLT-3,,,,,,
NOKIA,TF21090.09,NOKIA Chassis,,,,,
NOKIA,TG21261,Ring Generator,,,,,
NOKIA,TG21263,,,,,,
NOKIA,TG21263.01,,,,,,
NOKIA,TN1082B,MICROCODE CP CARD,,,,,
NOKIA,TS21264,Ring Generator,,,,,
NOKIA,TU21120,,,,,,
NOKIA,TU21122,DM2DIU CARD,,,,,
NOKIA,TU21122.5,DM2DIU CARD,,,,,
NOKIA,TU21122.5CABLE,DM2DIU CABLE,,,,,
NOKIA,TU21124,Data IF Unit nx64k V.11/V.35/X,,,,,
NOKIA,TU21126,,,,,,
NOKIA,TU21132.10,,,,,,
NOKIA,TU21132.11,SERIAL CARD,,,,,
NOKIA,TU21132.13,ILT CARD,,,,,
NOKIA,TU21133.02,Ethernet Interface Unit,,,,,
NOKIA,TU21205,PMUX 6CH SUB CARD,,,,,
NOKIA,TU21205.01,SUB/SUB - 2x 400 ohm - 6ch -48V,,,,,
NOKIA,TU21206,6 channel interface card,,,,,
NOKIA,TU21215,Channel Unit SUB/EXCH,,,,,
NOKIA,TU21215.01,Channel Unit SUB/EXCH - 400 ohm - 6ch,,,,,
NOKIA,TU21216,SUB/EXC card,,,,,
NOKIA,TU21232,,,,,,
NOKIA,TU21234.20,EXM CARD,,,,,
NOKIA,TU21236,8CH E&M/UP:2XE&M/VF,,,,,
NOKIA,TU21254,2 -4w LB/EM Adaptor Unit - 8 ch.,,,,,
NOKIA,TU21743.01,Branching unit,,,,,
NOKIA,TU21745,BRANCHING CARD,,,,,
NOKIA,TU23205,,,,,,
NOKIA,TU23215,,,,,,
NOKIA,TV21611,,,,,,
NOKIA,TV21640,POWER INTERFACE ADAPTOR,,,,,
NOKIA,TV21660.01,,,,,,
NOKIA,TX21027.20,Cable,,,,,
NOKIA,TX21028.10,Connector Patch-Panel 2xV35+2xV.11/TU21124,,,,,
NOKIA,TX21279.6,Interconn. Cable LB/EM (hor.),,,,,
NOKIA,TX21470.03,Connector,,,,,
NOKIA,TX21475,SMB-Connector for RG 179 cable,,,,,
NOKIA,TY21611,,,,,,
NOKIA,VLIU1,0,,,,,
NOKIA,VLIU2,0,,,,,
NOKIA,VLNC2,0,,,,,
NOKIA,VLNC40,0,,,,,
NOKIA,VLNC42B,0,,,,,
NOKIA,VLNC50,0,,,,,
NOKIA,VLNC52,0,,,,,
NOKIA,VLNC60,0,,,,,
NOKIA,WSDCM50-SE-106,1.8DB IL AT 1545NM,,,,,
NOKIA,WSDCM70-SE-106,DCM-70 - WS 400G DCM 70MM FIBER,,,,,
NOKIA,WSMB13,WSMB13 OPT TRNSL CP,,,,,
NOKIA,WSMB17,WSMB17 OPT TRNSL CP,,,,,
NOKIA,WSMB20,OTU2,,,,,
NOKIA,WSRG01B,TRANSPONDER OPTICO  OTU31B 195.6,,,,,
NOKIA,X8345R,Power Supply ETA Distribution ,€273.8,$0.00,,,
NORTEL,25UMN00730EYY,SMU CARD,,,,,
NORTEL,25UMU00738FFN,34-140 MBIT/S MULDEX,,,,,
NORTEL,25UPW00010ENK,POWER UNIT,,,,,
NORTEL,25UQT00730EEB,EOSU,,,,,
NORTEL,25UTM00733EAV,140 MBIT/S OLTU LH,,,,,
NORTEL,317719B,NORTEL CONTIVITY 1750 / DM1401149E5,,,,,
NORTEL,321528-A,64M PCMCIA FLASH CARD,,,,,
NORTEL,AA1403001,10GBASE-LR,,,,,
NORTEL,AA1403003,10GBASE-ER,,,,,
NORTEL,AA1403006,10GBASE-ZR,,,,,
NORTEL,AA1419001,1000BASE SX SC 850 nm GBIC TRANSCEIVER,,,,,
NORTEL,AA1419013,1000BASE-SX SFP 850nm 550m ,,,,,
NORTEL,AA1419041,1 PORT 1000BASE-T GBIC,,,,,
NORTEL,AA1419049,GbE LX DDI,,,,,
NORTEL,AA14190848,GbE - SX DDI,,,,,
NORTEL,DS1404038,ETHERNET ROUTING SWITCH,,,,,
NORTEL,DS1404090,8691SF SWITCH MODULE,,,,,
NORTEL,DS1404092,8648GTR Routing Switch Module,,,,,
NORTEL,DS1404105,Nortel DS1404105-E5 PASSPORT,,,,,
NORTEL,NT0H01CA, OPTERA 80 OCLD BAND 3 - CHANNEL 1,,,,,
NORTEL,NT0H03AA,OM 5200 OCLD,,,,,
NORTEL,NT0H03AB,OM 5200 OCLD BAND1 CHANNEL 2,,,,,
NORTEL,NT0H03AD,OM 5200 OCLD BAND1 CHANNEL 4,,,,,
NORTEL,NT0H16AB,1310 NM OTR 2.5 GB/S,,,,,
NORTEL,NT0H32AF,ENHANCED OMX + FIBER MANAGER 4 CH,,,,,
NORTEL,NT0H32AFE5,ENHANCED OMX + FIBER MANAGER 4 CH,,,,,
NORTEL,NT0H41AA, Shelf Processor OM3500,,,,,
NORTEL,NT3T70BD,SYSTEM BUS CONTROLLER,,,,,
NORTEL,NT5X30AA,101 COMMUNICATION TEST LINE CP,,,,,
NORTEL,NT6Q00AB,Optical Multiservice Edge 6110,,,,,
NORTEL,NT6Q00ACE5,OPTICAL MULTISERVICE EDGE 6110,,,,,
NORTEL,NT6Q01AAE5,Optical Multiservice Edge 6130,,,,,
NORTEL,NT6Q10ABE5,28 x E1/DS1,,,,,
NORTEL,NT6Q13ACE5,OME 6130 8PRT 10/100BASE-T CP,,,,,
NORTEL,NT6Q17ACE5,2X155M,,,,,
NORTEL,NT6Q18AAE5,2x622M/8x155M,,,,,
NORTEL,NT6Q21ABE5,2xGE/FX + 8x10/100 BT L2 622M,,,,,
NORTEL,NT6Q21GBE5,2xGE/FX + 8x10/100 BT L2 1G2,,,,,
NORTEL,NT6Q30ABE5,POWER MODULE,,,,,
NORTEL,NT6Q32AAE5,OME 6110 FAN TRAY W/ FILTER,,,,,
NORTEL,NT6Q40AAE5,PSU,,,,,
NORTEL,NT6Q43AAE5,0AM,,,,,
NORTEL,NT6Q47AAE5,1x2G5Agg,,,,,
NORTEL,NT6X36AA,FPS ALARM BOARD,,,,,
NORTEL,NT6X40GA,DMS-100 LK PDLBD,,,,,
NORTEL,NT7E20GC,24M SHELF PROC. 10 DCC,,,,,
NORTEL,NT7E23AA,MAINT. I/F,,,,,
NORTEL,NT7P23FF,DPN-100 4M PROCESSOR,,,,,
NORTEL,NT7Q35AAE5,1 x2G5,,,,,
NORTEL,NT8E02DB,STM-16 SAW Rx(Fc),,,,,
NORTEL,NT8E06AB,STM-16 RING DEMUX,,,,,
NORTEL,NT8P38BB,DPN PROC ELEMENT,,,,,
NORTEL,NT9P27AD,COMM MEMORY,,,,,
NORTEL,NT9X20AA,,,,,,
NORTEL,NT9X40BB,,,,,,
NORTEL,NT9X45BA,,,,,,
NORTEL,NT9X53AD,,,,,,
NORTEL,NT9X54AC,SUBYSTEM CLOK,,,,,
NORTEL,NTAR02JF,120 PRT COMP PCI ADPTR,,,,,
NORTEL,NTAR02JY,MSC CARD,,,,,
NORTEL,NTAR02NX,TRANSITION MODULE,,,,,
NORTEL,NTBP52CA,PS,,,,,
NORTEL,NTCA01GK,OC-192 STM-64 TX DWDM,,,,,
NORTEL,NTCA04UP,OC192/STM64 AM2 XR,,,,,
NORTEL,NTCA05BA,OC-192 DEMUX,,,,,
NORTEL,NTCA06EP,OC192/STM64,,,,,
NORTEL,NTCA06GP,OC192/STM64 T/R,,,,,
NORTEL,NTCA06KP,OC192/STM64,,,,,
NORTEL,NTCA06LP,OC192/STM64,,,,,
NORTEL,NTCA10CC,100GHZ 8+2W MBDR VOA SC,,,,,
NORTEL,NTCA10DC,100 GHz 8+2w DWDM Coupler - MR,,,,,
NORTEL,NTCA10EC,OC48/OC192,,,,,
NORTEL,NTCA10FC,OC48/OC192,,,,,
NORTEL,NTCA11AK,Multi Optical Repeater,,,,,
NORTEL,NTCA11CC,OPT SRV CHAN CKT PK,,,,,
NORTEL,NTCA11NK,OPT SRV CHAN CKT PK,,,,,
NORTEL,NTCA11PK,OPT SRV CHAN CKT PK,,,,,
NORTEL,NTCA12CC,OC48/OC192,,,,,
NORTEL,NTCA12DC,OC48/OC192,,,,,
NORTEL,NTCA12EC,OC48/OC192,,,,,
NORTEL,NTCA12FC,OC48/OC 192,,,,,
NORTEL,NTCA15CM,DUAL AMP C BAND,,,,,
NORTEL,NTCA26AA,OPTERA DX65 SWITCH CARD,,,,,
NORTEL,NTCA26CA,DX140 SWITCH,,,,,
NORTEL,NTCA30AN,OC-48 T/R CD,,,,,
NORTEL,NTCA30CK,OC-48_STM-16_T/R SHORT_REACH,,,,,
NORTEL,NTCA33BC,QUAD OC-3STM1 T/R,,,,,
NORTEL,NTCA35AB,HD OC3 STM1 T R,,,,,
NORTEL,NTCA36BC,QUAD OC-12 STM-4 T/R (SC),,,,,
NORTEL,NTCA40AA,OC-192 BREAKER MODULE,,,,,
NORTEL,NTCA40BA,OC-192 BREAKER MODULE,,,,,
NORTEL,NTCA41CA,SC,,,,,
NORTEL,NTCA44A,ESI CARD,,,,,
NORTEL,NTCA48AA,MX,,,,,
NORTEL,NTCA49AA,FILLER,,,,,
NORTEL,NTCA59AA,FILLER,,,,,
NORTEL,NTCA70FK,S/DMS OPN INTERFACE UNIT,,,,,
NORTEL,NTCA70XK,2.5G WT,,,,,
NORTEL,NTCA85EA,FAN,,,,,
NORTEL,NTCC13AC,WD1516-Z00010,,,,,
NORTEL,NTCC8928,CABLE,,,,,
NORTEL,NTCE44BA,EXT SYNC INTERFACE CARD,,,,,
NORTEL,NTCF06EP,OC192/STM64 T/R TFEC,,,,,
NORTEL,NTCF06GP,OC192/STM64,,,,,
NORTEL,NTCF06NP,OCC DX OC-192/STM64 OPTTRCVR,,,,,
NORTEL,NTDY20BB,SYSTEM,,,,,
NORTEL,NTDY29BA,,,,,,
NORTEL,NTDY30CB,E1 X 12,,,,,
NORTEL,NTDY36CA,,,,,,
NORTEL,NTDY40CA,MODEM ISDN,,,,,
NORTEL,NTEU11AA,2 MBITS/S 75 OHM TRIB,,,,,
NORTEL,NTEU12AA,2 MB TRIB-120 OHM,,,,,
NORTEL,NTEU14AA,34/45 MBIT/S TRIB,,,,,
NORTEL,NTEU17BA,PACKET EDGE 100,,,,,
NORTEL,NTEU19AA,EPL 100,,,,,
NORTEL,NTEU20AA,STM4 1310NM SHORT HAUL ,,,,,
NORTEL,NTEU23AB,STM-4 Optical Aggregate card long haul L-4.2,,,,,
NORTEL,NTEU25AA,STM_16_AGG-25AA-16XE,,,,,
NORTEL,NTEU25CA,STM-16 short haul optical (DWDM) S-16.1 (1310.00 nm),,,,,
NORTEL,NTEU25DH,STM-16 long haul optical  aggregate (1550 nm),,,,,
NORTEL,NTEU25DW,STM-16 long haul optical (DWDM) L-16.2 (1539.77 nm),,,,,
NORTEL,NTEU25GN,STM16 (DWDM) 1549.32nm,,,,,
NORTEL,NTEU30AA,SATURN 1 FILLER CARD,,,,,
NORTEL,NTEU40AA,UPPER EOS CARD,,,,,
NORTEL,NTEU41AA,LOWER EOS CARD,,,,,
NORTEL,NTEU4510,Cable,,,,,
NORTEL,NTEU4520,CABLE,,,,,
NORTEL,NTEU60AA,OPTERA METRO CHASSIS,,,,,
NORTEL,NTEX22BB,IPF BUS INTERFACE,,,,,
NORTEL,NTFN16GA,E1A-8P INV MUX FP,,,,,
NORTEL,NTFN33HB,0,,,,,
NORTEL,NTFP17EA,E3A FP,,,,,
NORTEL,NTFP17GA,E3A FP,,,,,
NORTEL,NTFP17IA,E3A FP,,,,,
NORTEL,NTFP32CB,E1A FP,,,,,
NORTEL,NTFP32DA,E1A FP,,,,,
NORTEL,NTFP61AA,,,,,,
NORTEL,NTFP61EB,CFP1,,,,,
NORTEL,NTFT02BC,TN-1C ADM,,,,,
NORTEL,NTFT52CA,TN-1,,,,,
NORTEL,NTFT52CG,TN-1,,,,,
NORTEL,NTFW01AB,STM-16 1557 TX(FC),,,,,
NORTEL,NTFW08AA,STM-1e,,,,,
NORTEL,NTFW08CA,STM1e/140,,,,,
NORTEL,NTFW11CD,TN-16X STM-1 INTERFACE CIRCUIT PACK,,,,,
NORTEL,NTFW14AA,STM1E/140M,,,,,
NORTEL,NTFW27AA,EXT SYNC I/F,,,,,
NORTEL,NTFX32AA,,,,,,
NORTEL,NTFX32CA,,,,,,
NORTEL,NTGZ70AA,MFRM-3,,,,,
NORTEL,NTGZ7540,Cable Fiber 2 Pair MPO/SC MFRM3 6 Meter,,,,,
NORTEL,NTGZ8000,CABLES,,,,,
NORTEL,NTGZ80AA,CDMA METRO CELL 800MHZ A BAND RADIO,,,,,
NORTEL,NTGZ8101E6,Cable RF - QMA RA to QMA Str Outdoor 400mm,,,,,
NORTEL,NTHR11BA,MAC ADDRESS MODULE,,,,,
NORTEL,NTHR14AA,BITS/ALARM MODULE ,,,,,
NORTEL,NTHR17DA,BA9ITMGEAD,,,,,
NORTEL,NTHR35CA,CP2,,,,,
NORTEL,NTHR50AA,,,,,,
NORTEL,NTHR89AA,4P DS3 CH,,,,,
NORTEL,NTHW15AG,MSS 15000 4-PORT SM OC3 CP,,,,,
NORTEL,NTHW26BG,MSS15000 2-Port PGV Voice Function Processor VSP4e,,,,,
NORTEL,NTHW44AA,0,,,,,
NORTEL,NTHW81AA,32 Ports Expansion Module,,,,,
NORTEL,NTJS09DA,OC3S FP,,,,,
NORTEL,NTJS11DA,3-Port E3 ATM-IP FP ,,,,,
NORTEL,NTJT22CB,CONTROL & MANGEMENT CARD PLUX-512 MEG,,,,,
NORTEL,NTK503AB,OME 6500 CHASSIS,,,,,
NORTEL,NTK503ABE5,OME 6500,,,,,
NORTEL,NTK503ADE5,6500 CHASSIS,,,,,
NORTEL,NTK505DEE5,POWER CARD,,,,,
NORTEL,NTK505FAES,MIC,,,,,
NORTEL,NTK505FBE5,MIC,,,,,
NORTEL,NTK505LAE5,SDH ACCESS PANEL,,,,,
NORTEL,NTK513DA,OC-3/12/STM-1/4 VT1.5/LO 8 PORTS SFP,,,,,
NORTEL,NTK513DAE5,OC-3/12/STM-1/4 VT1.5/L0 8 port SFP,,,,,
NORTEL,NTK513GAE5,OC-N/STM-N 10G VT1.5/LO 16 Port SFP,,,,,
NORTEL,NTK517BA,SFP SDH OC-48/STM-16,,,,,
NORTEL,NTK517BAE5,OC-48/STM-16 VT1.5/LO 2 port SFP,,,,,
NORTEL,NTK524BAE5,OC-192/STM-64,,,,,
NORTEL,NTK531BAE5,4XGE L2SS OME,,,,,
NORTEL,NTK555AA,OME6500 SHELF PROCESSOR,,,,,
NORTEL,NTK555ABE5,Shelf Processor ,,,,,
NORTEL,NTK557PA,X-CONN 80G/20G VT1.5/VC12 CP 5/6 ,,,,,
NORTEL,NTK557PAE5,X-CONN 80G 20G VT1.5/VC-12,,,,,
NORTEL,NTMX82AA,,,,,,
NORTEL,NTNN02AA,CFP1,,,,,
NORTEL,NTNN48AA,E1AAL1,,,,,
NORTEL,NTNN52AA,E3A FP,,,,,
NORTEL,NTNN54AA, 3PORT OC3 MULTI MODE,,,,,
NORTEL,NTNQ01AA,0,,,,,
NORTEL,NTNQ11AA,0,,,,,
NORTEL,NTNQ13AA,V.11 FP,,,,,
NORTEL,NTNQ24AA,One-port DS3 Function Processor,,,,,
NORTEL,NTNQ50AA,E1A-8P,,,,,
NORTEL,NTNQ52AA,E3A FP,,,,,
NORTEL,NTNQ66AA,0,,,,,
NORTEL,NTNQ67AA,E3 FUNC PROCR CP,,,,,
NORTEL,NTNQ69AA,E1MSA,,,,,
NORTEL,NTNQ69BA,0,,,,,
NORTEL,NTNQ86AA,07W51,,,,,
NORTEL,NTNQ92AA,8pEth 100BaseT,,,,,
NORTEL,NTPM50AA,OPTERA METRO 5100,,,,,
NORTEL,NTPM53AA,5100 POWER CARD,,,,,
NORTEL,NTPM54AA,MAINTENANCE PANEL CARD,,,,,
NORTEL,NTR651HX,SAM-XTS NGSS SUCCESSION DUAL PROCESSOR,,,,,
NORTEL,NTR651QA,CS-2000 MEDIA GATEWAY,,,,,
NORTEL,NTR651QD,SUCCESSION CS 2000,,,,,
NORTEL,NTRX41AA,,,,,,
NORTEL,NTRX41BA,,,,,,
NORTEL,NTRX42AA,,,,,,
NORTEL,NTRX42BA,,,,,,
NORTEL,NTRX42CA,,,,,,
NORTEL,NTRX42EA,,,,,,
NORTEL,NTRX43AA,,,,,,
NORTEL,NTRX44AA,,,,,,
NORTEL,NTRX50FD,C/PORT,,,,,
NORTEL,NTRX50GX,DSS512,,,,,
NORTEL,NTRX5133,CABLE,,,,,
NORTEL,NTRX51BL,Gateway Controller,,,,,
NORTEL,NTRX51CD,Alarm Panel,,,,,
NORTEL,NTRX51FJ,DMS-100 NON SYS SLOT MOD,,,,,
NORTEL,NTRX51FS,TRANSITION CARD,,,,,
NORTEL,NTRX51HG,DVD-ROM SCSI SAM-16 CHASSIS,,,,,
NORTEL,NTRX51HJ,CS-2000 1.2GHZ P3 PROCESSOR PCI,,,,,
NORTEL,NTRX51HX,HP SERVER CC3310,,,,,
NORTEL,NTRX54BA,,,,,,
NORTEL,NTRY41AA,DC PWR RK MT SRVR,,,,,
NORTEL,NTTP01AB,GE SX/FC100 Mx SFP,,,,,
NORTEL,NTTP01CF,Nortel GE 1000-BaseLX,,,,,
NORTEL,NTTP02TF01,OC-3 IR-1/S-1.1,,,,,
NORTEL,NTTP03BF,OC-48 SR-1/I-16,,,,,
NORTEL,NTTP03CF,OC48/STM16 SFP ,,,,,
NORTEL,NTTP03EF,OC-48-LR-1/L-16 1,,,,,
NORTEL,NTTP04BF,OC-3/12 SR-1/I-1 I-4,,,,,
NORTEL,NTTP04BFE6,OC-3/12 IR-1/I-1 I-4,,,,,
NORTEL,NTTP05FF,OC-12 LR-2/L-4 2,,,,,
NORTEL,NTTP80DA,OME 6500 OC192 XFP TRANSCEIVER - OC192IR2 STM64 1550SMF 40KMXFP,,,,,
NORTEL,NTVW02EB,PORTAL RESOURCE CD,,,,,
NORTEL,NTVW02GA,IN-REACH REMOTE SERVER,,,,,
NORTEL,P210464-BR03,BPS2000-2GE MDA,,,,,
NORTEL,QFBR5697,1000BASE-SX 850NM LASER GBIC MODULE,,,,,
NORTEL,QPA164D,DPN 8 PORT V24,,,,,
NORTEL,QPA164F,DPN 100/3 8 PORT V.24,,,,,
NORTEL,TLFT15AF,CABLE,,,,,
O-NET,SFPM-023119,1525-1570NM/SFP VOA,€230.0,$0.00,,,
OCP,TRP-03L3I1AALC,SFP,€230.0,$0.00,,,
OCP,TRP-G1BALC,1GbESX // 1AB187280002,,,,,
OCP,TRPDO3MM3BAS,SFP ,€230.0,$0.00,,,
OE,RSP12MLXEIT3,1310nm,,,,,
ONEACCESS,ONE100-4B,ONE100-4B-2VS5ENEO-SP ONEACCESS,,,,,
OPLINK,45030056,VOA SFP -1525~1570nm -0~20dB -1.5dB -40dB -LC/PC,€230.0,$0.00,,,
OPLINK,TRPE48KI2CZAB60,125M-2.67G-1571NM-40KM-SM-ESFP,,,,,
OPMEXT,TRF5426AMLB409,SFP,€230.0,$0.00,,,
OPNEXT,SU69BC,XFP STM-64 S-64.2B 1550 nm,,,,,
OPNEXT,TRF5012FS-LA000,,,,,,
OPNEXT,TRF5426AMLB209,STM1 S1:1 100BASE LX10 - SU66AA,,,,,
OPNEXT,TRF5526AMLB209,STM4 - SU67AA,,,,,
OPNEXT,TRF5526AMLB309,STM4 S4.1  -  SU67AA,,,,,
OPNEXT,TRF5526AMLB409,STM4 S4.1 SU67AA,,,,,
OPNEXT,TRF5556AMLB209,STM4 L4.1 SFP,,,,,
OPNEXT,TRF5736AMLB309, 1.25G 10KM 1000BASE-LX10,,,,,
OPNEXT,TRF5836AMLB009,1000BASE LX 1310NM SFP,,,,,
OPNEXT,TRF5916FMLB209,STM16 I16 OTU1 SFP,,,,,
OPNEXT,TRF5926AVLB000,,,,,,
OPNEXT,TRF5926AVLB000E,SFP,,,,,
OPNEXT,TRF5926FALB003,2.67Gb/s  15km1310nm,,,,,
OPNEXT,TRF5926FALB283,2.67 Gb/S 1310nm,,,,,
OPNEXT,TRF5926FMLB209,STM16 S16.1 - OTU1 - SU68AB,,,,,
OPNEXT,TRF7061FN400F011,SFP,,,,,
OPNEXT,TRF7061FN420F021,DWDM 80km 194.20 THz 10G,,,,,
OPNEXT,TRF7061FN560F011,SFP,,,,,
OPNEXT,TRF7766AMLB209,1000BASE-ZX,,,,,
OPNEXT,TRF79A6AN36LB0U1,125M-2.67G-D16-120km-SM ESFP,,,,,
OPNEXT,TRF79AN36LB0U1,125M-2.67G-D16-120km-SM-ESPF,,,,,
OPNEXT,TRF79B6AA28LB009,DWDM SPF 1554.94nm HP192.8,,,,,
OPNEXT,TRF79B6AA45LB009,DWDM SFP 1541.35nm HP194.5,,,,,
OPNEXT,TRF79B6AA47LB009,DWDM SFP 1539.77nm HP194.7,,,,,
OPNEXT,TRF79B6AA48LB009,DWDM SFP 1538.98nm HP194.8,,,,,
OPNEXT,TRF79B6AA50LB009,DWDM SFP 1537.40nm HP195.0,,,,,
OPNEXT,TRF79B6AA51LB009,DWDM SFP1536.61nm HP195.1,,,,,
OPTECH,OP6C-S10-13-IM,1.25Gbps/1310nm/10km,,,,,
OPTON,10G-MM-DF85-SR-D,10G SFP+ TX850 MM LC 300M DDM,,,,,
OPTON,10G-SM-WDM33-LC20,10G BIDI SFP+ TX1330/RX1270,,,,,
OPTOSTAR,OP-MP443L1SD-20,SFP,€230.0,$0.00,,,
OPTOTEC,8DG17009AA,TOADM 10G TANSPONDER CABLE,,,,,
OPWAY,OP-3420D,SFP,€0.0,$0.00,,,
OPWAY,OP-8910,SFP,€0.0,$0.00,,,
OPWAY,OP-MP434L1SD-20,SFP,€0.0,$0.00,,,
OPWAY,OP-MP4RJ451,SFP,€0.0,$0.00,,,
OPWAY,OP3940D,SFP,€230.0,$0.00,,,
OPWAY,OP8940,SFP,€0.0,$0.00,,,
OPWAY,OP8980,SFP,€0.0,$0.00,,,
OTHER,037-579122-001,CABLE FOR EXR-999-003,,,,,
OTHER,050531800083,WIDE OUT-OF-BAND REJECTION  - ANTI-JAMMING  - LIGHTNINGPROOF GPS,,,,,
OTHER,080-212-000,LANTRONIX DATA EXTERNAL DEVICE SERVER,,,,,
OTHER,0B24178,Hitachi 146GB 10K RPM Hard Drive,,,,,
OTHER,100-00915-04,DL2020E-075B SOLO E1 DSU,,,,,
OTHER,10000639,VCD-80 E1 DB,,,,,
OTHER,100A60MV,Shunt 100A 60mV (0.XX value is not given - WRONG PN),€230.0,$0.00,,,
OTHER,100A60MSHUNT,100a60mv,,,,,
OTHER,128MBFLASHCARD,COMPACT MEMORY CARD,,,,,
OTHER,136-010860K,Battery circuit breaker,,,,,
OTHER,136-011043K,MONOVOLT PK300-PFC-R,,,,,
OTHER,136-011045D,DRA 1900-SUP.VIS-ll,,,,,
OTHER,1420030000,ACE-2002E/AC,,,,,
OTHER,15-11779-01,4GB - SG572124fG8P6ILSF0,,,,,
OTHER,50A60MV,Shunt  50A 60mV  (??),,,,,
OTHER,150A60MV05,Shunt  150A 60mV  0 -5,€230.0,$0.00,,,
OTHER,1667-110-000-3.01,LINK BUILDER FMSll,,,,,
OTHER,1730-010-000-5.02,3C17300 SWITCH 4226T,,,,,
OTHER,1AB373120002,OC-3/STM-1 ULH SFP,,,,,
OTHER,1GS-000146-D1A,SFP,€0.0,$0.00,,,
OTHER,1000A75MV05,Shunt  1000A 75mV 0.5,,,,,
OTHER,1KA75MV05,1000A75MV05,€230.0,$0.00,,,
OTHER,200-0130-01,BIG:IP,,,,,
OTHER,200A60MV05,Shunt  200A 60mV 0 -5,€230.0,$0.00,,,
OTHER,200A75MV05,Shunt  200A 75MV 0 -5,€230.0,$0.00,,,
OTHER,21154674,NO REFERENCE,€1 -150.0,$0.00,,,
OTHER,24502000,CISCO SANTA AC  /  BAP1R7UFAA,,,,,
OTHER,250A60MV,Shunt  250 AMPER 60MV,€230.0,$0.00,,,
OTHER,250A60MV05,Shunt  250A 60mV  0 -5,€230.0,$0.00,,,
OTHER,2950-175,CABLE,,,,,
OTHER,2XCPOS/STM1-SFP,Board,€230.0,$0.00,,,
OTHER,30-0759-01,1000 BASE-SX SFP,€230.0,$0.00,,,
OTHER,30-1301-03,SFP,€230.0,$0.00,,,
OTHER,300A25MV03,Shunt  300A 25mV 0 -3,€230.0,$0.00,,,
OTHER,300A60MV05,Shunt  300A 60mV 0 -5,€230.0,$0.00,,,
OTHER,371-3244-05,Sun Oracle Blade 6000,,,,,
OTHER,3AW01147DC,,,,,,
OTHER,400ASHUNT,400A60MV05,€230.0,$0.00,,,
OTHER,45891-001,SFP,€230.0,$0.00,,,
OTHER,4670110000,RICI-4E1/U,,,,,
OTHER,471493A.101,EWDB 11,,,,,
OTHER,4807528,TRANSCEIVER 850NM 4.25GB,,,,,
OTHER,500A75MV05,Shunt  500A 75MV 0 -5,€230.0,$0.00,,,
OTHER,502F00016B,ACTELIS ML622,,,,,
OTHER,502F00027B,ACTELIS ML628,,,,,
OTHER,502F00030B,ACTELIS ML628,,,,,
OTHER,502F00046B,ACTELIS ML624,,,,,
OTHER,502F00047B,ACTELIS ML628,,,,,
OTHER,502F00078A,ACTELIS ML622,,,,,
OTHER,502F00079A,ACTELIS ML624,,,,,
OTHER,502F00081A,ACTELIS ML628,,,,,
OTHER,502F00100B,ACTELIS ML622,,,,,
OTHER,502F00101B,ACTELIS ML624,,,,,
OTHER,502F00102B,ACTELIS ML628,,,,,
OTHER,50A60MVShunt,50A60MV,€230.0,$0.00,,,
OTHER,52F00078A,ACTELIS ML622,,,,,
OTHER,534-108/82,KIT ODU 1+1 HSBY UNB  7.1 - 8.5 GHz,,,,,
OTHER,534-120/04,KIT ODU 1+1 INT UNB 26 GHz - 10 dB,,,,,
OTHER,534-120/06,KIT ODU 1+1 UNBAL 38 GHz,,,,,
OTHER,534-121/06,SUPPORTING FRAME FOR 1+1,,,,,
OTHER,57-1000013-01,SFP,€230.0,$0.00,,,
OTHER,600A25MVShunt,600A25MV,,,,,
OTHER,600A25MV,Shunt 600A 25mV ,€230.0,$0.00,,,
OTHER,600A60MV05,Shunt 600A 60mV 0 -5,€230.0,$0.00,,,
OTHER,64MBFLASHCARD,COMPACT MEMORY CARD,,,,,
OTHER,68EC64-AOC-FD1-60N,CONNECTOR ,,,,,
OTHER,7010-12121-032-000,GX-400-A,,,,,
OTHER,7060-52670-321-311,GX-400-A,,,,,
OTHER,7060-55432-001-101,GX-400-A,,,,,
OTHER,7061-13705-004-101,GX-400-A,,,,,
OTHER,715549-017,ES-2810,,,,,
OTHER,725-10010E,E1 X12 MODULE,,,,,
OTHER,80992,ONE100-8V-1O S5E NEO-SP,,,,,
OTHER,840-600004-002,DUEL REMOTE MOUNT,,,,,
OTHER,840-600004-003,DUEL REMOTE MOUNT ,,,,,
OTHER,8XRJ45-16X1,NORDIX FLEX CABLE,,,,,
OTHER,902989R11,C-COR MODEL 5,,,,,
OTHER,9724010687,EP071263-C,,,,,
OTHER,ADB0036,RJ45 Female to DB9 Female Cros Avocent,,,,,
OTHER,AK344-63001,,,,,,
OTHER,AM-OMNI-RPR/2C,Optical receiver,,,,,
OTHER,AMVDD25,SAI,,,,,
OTHER,ANET3W4AA,NNTM 310K7GNT,€0.0,$0.00,,,
OTHER,AT-3612TR,12 PORT HUB,,,,,
OTHER,AT110725-BNC,16 E1 with BNC Connector  ,,,,,
OTHER,AT80051-00-AB,GIGABIT ETHERNET PRNCD,,,,,
OTHER,BE1-BMC,CABLE,,,,,
OTHER,BIP07,BIG-IP,,,,,
OTHER,CCA4163-E001,,,,,,
OTHER,CNI9Z83AAA,SFP,€230.0,$0.00,,,
OTHER,CZJ-500S,CONTACTOR 48V,€0.0,$0.00,,,
OTHER,DCJ2804-01P,7200 AC Power Supply,,,,,
OTHER,DS1E-M-DC48V,,,,,,
OTHER,DWR38/12-62C/LPDC16,UFH DTV 100W6CV 2CRC FILTER,,,,,
OTHER,E74020,FLEX CABLE,,,,,
OTHER,EP071276-D,CISCO 7200 VXR ROUTER 280W Power Supply EP071276-D,,,,,
OTHER,FC-FC,Cable,,,,,
OTHER,FC-MTR,Cable,,,,,
OTHER,FC-MU,Cable,,,,,
OTHER,FC-SC,Cable,,,,,
OTHER,FC-SC/APC,Cable,,,,,
OTHER,FT5220-53,155Mb/s-20km-3.3V,,,,,
OTHER,FTLX8571D3BCL-HW,SFP,€230.0,$0.00,,,
OTHER,FTR-1008,8 PORT RJ45 UNIT,,,,,
OTHER,GAI0098,SM ALC IDU 1U,,,,,
OTHER,GAI0158,AL PLUS 2 CHASSIS 2RU HIGH,,,,,
OTHER,GSZ2-200SB/DC,CONTACTOR 48,€0.0,$0.00,,,
OTHER,HBCU-5710R,SFP,€230.0,$0.00,,,
OTHER,HD-OE,HD-SDI Optical to Electrical Conv,,,,,
OTHER,HFBR5720AL,LC SFP FIBRE CHANNEL,,,,,
OTHER,HFCT5208B,OC-12 STM-4,,,,,
OTHER,IMF-2ETH,,,,,,
OTHER,IMF-4E1,4 PORT RJ45 MODULE,,,,,
OTHER,IMF-MSS,,,,,,
OTHER,IUSE201.B,MER-R,,,,,
OTHER,IUSE202.A,MDR,,,,,
OTHER,IUSE214.B,MGP SNTP,,,,,
OTHER,IUSE216.A,MIPSNMP,,,,,
OTHER,JAY4663YB0V-Y,CONTACTOR 60,€0.0,$0.00,,,
OTHER,JSM-21S3AA2,1000BASE-SX,,,,,
OTHER,LCDUPLEX-LCDUPLEX,Cable,€0.0,$0.00,,,
OTHER,LCDUPLEX-LCDUPLEX,Cable,€0.0,$0.00,,,
OTHER,LCDUPLEX-SCDUPLEX,Cable,€0.0,$0.00,,,
OTHER,LC-MU,Cable,€0.0,$0.00,,,
OTHER,LC-ST,Cable,€0.0,$0.00,,,
OTHER,LCP-1250B4QSRBTE,SFP,€230.0,$0.00,,,
OTHER,LS38-C3S-TI-N-DD,1.25Gb -1310nm,,,,,
OTHER,LTU-48ADSL-3,Board ,€1 -150.0,$0.00,,,
OTHER,MEDIATRIX-3000,MEDIATRIX-3000 SWITCH BOARD 3000 SERIES,,,,,
OTHER,MU-LC,Cable,,,,,
OTHER,MU-MU,Cable,,,,,
OTHER,MUT9501667AA,RT Power Converter,,,,,
OTHER,MUT-1537-625-A,MUT-1537-625A MUX34/140,,,,,
OTHER,MXPD-243S,HUAWEI 1250Mbps SFP Transceiver - LC Connector P/N 2315200,€230.0,$0.00,,,
OTHER,N4XR3,N4XR3 MOTHERBOARD,,,,,
OTHER,NTTP01CFE6,GE LX (10K)/FC100 SM,,,,,
OTHER,NTTP02CD,OC-3 IR-1/S-1.1,,,,,
OTHER,NTTP02CDE6,OC-3 IR-1/S-1.1,,,,,
OTHER,NTTP03CFE6,OC-48 IR-1/S-16.1,,,,,
OTHER,OP3910D,SFP,€230.0,$0.00,,,
OTHER,P-5500,IPAM Hardware Appliance,€1 -150.0,$0.00,,,
OTHER,P-660HW-T1,Zyxel Prestige 660 WiFi  P-660HW-T1 ,,,,,
OTHER,PCBA513-577,Board,€1 -150.0,$0.00,,,
OTHER,PCBA513-653,Board,€1 -150.0,$0.00,,,
OTHER,PEL-ANLY2R-336PT-G2-XX,PEL-ANLY2R-336PT-G2-XX SWITCH,€0.0,$0.00,,,
OTHER,PLRXXL-SC-S43-C1,SFP,€230.0,$0.00,,,
OTHER,PSC500-A,Compatible HUAWEI 500W AC Switching Power Supply Module,,,,,
OTHER,QMX-E1/FO-L-D13-AD,,,,,,
OTHER,QXU-1000-PC,Nettest PC,,,,,
OTHER,R3G280-AC60-19,Heat Exchanger External Fan,,,,,
OTHER,RPXM-192-466-C37,2.67G 1310NM 15KM Gigabit single-mode fiber optic module,€230.0,$0.00,,,
OTHER,RTMX191-400,Transceiver Module HUAWEI/Wtd RTXM191-400 1.25G-1310NM-10KM-SM-ESFP,€230.0,$0.00,,,
OTHER,RTXM191-400,SFP,€230.0,$0.00,,,
OTHER,RTXM192-404-C24,SFP,€230.0,$0.00,,,
OTHER,RV300-5009M,CONTACTOR 60V,€0.0,$0.00,,,
OTHER,RXTM159-400,SFP,€0.0,$0.00,,,
OTHER,S30122-X8000-X79,SYS-2USM02-6M01E,,,,,
OTHER,S30124-X5097-X,PSUC,,,,,
OTHER,SCDUPLEX-SCDUPLEX,Cable,,,,,
OTHER,SC-FC,Cable,,,,,
OTHER,SC-LCDUPLEX,Cable,,,,,
OTHER,SC-MU,Cable,,,,,
OTHER,SC-SC/APC,Cable,,,,,
OTHER,SC/APC-FC,Cable,,,,,
OTHER,SC/APC-MU,Cable,,,,,
OTHER,SCI52249001,SPECTRUM QT2 -48V 60VDC DUT Power Supply,,,,,
OTHER,SCI52249004,SPECTRUM QT2 -60V 15A DUT Power Supply,,,,,
OTHER,SCP6G01-GL-BWH,SFP,€0.0,$0.00,,,
OTHER,SDI-EO-13T,Transmit Card,,,,,
OTHER,SDI-OE-S,Transmit Card,,,,,
OTHER,SFP-3012-C-L-10,SFP,€230.0,$0.00,,,
OTHER,SGA441SW,INTERNET BOX,,,,,
OTHER,750A50mV,Shunt 750A 50mV ,€230.0,$0.00,,,
OTHER,SM800-RM848,RM848 Series Modular Rectifier,,,,,
OTHER,SMX-E1/IP-1E1,,,,,,
OTHER,SRCCV100-A,ENERGY STATION,,,,,
OTHER,SSR-CM2,CONTROL MODULE-PCMCIA,,,,,
OTHER,SSR-GSX31-02,1000BASE 2PORTS MODULE,,,,,
OTHER,TILTBRACKET,Antenna TILT Apparatus ,€0.0,$0.00,,,
OTHER,TRF5426AMLB309,100BASE LX-10,€230.0,$0.00,,,
OTHER,TRPA03I1AAXS-AL,SFP,€230.0,$0.00,,,
OTHER,TRPAG1ZXIBGS-HWS,1.25G-1550NM-80KM-SM-ESFP SFP,,,,,
OTHER,V50017-U462-K500,SP-GB-SX-CDFB-SA1,,,,,
OTHER,WD5002ABYS,500GB 7200 RPM 16MB Cache ,,,,,
OTHER,Z00-403/97,ODU IDR 18 Hi2,,,,,
OTHER,Z6-03144G09-40,OMS840 PWR200CM CABLPHOENIX-DB9,,,,,
OTHER,ZJW-350/48V,CONTACTOR 48,€0.0,$0.00,,,
OTHER,ZJW250CDC,ZJW250C DC CONTACTOR,€0.0,$0.00,,,
OTHER,ZJW350CDC,ZJW350C DC CONTACTOR,€0.0,$0.00,,,
PALO ALTO,520-000070-00C,NETWORKS ENTERPRISE FIRWALL PA-3020 ,,,,,
PHOTON,034060282,eSFP -155M -1550nm -SMF -100km -Optical Transceiver,,,,,
PICO,PLRXPL-VI-S24-22,1/2 Gbps Dual Rate FC 1000Base-SX,,,,,
PICOLIGHT,PLRXPL-VC-SG3-24-N,SFP,€230.0,$0.00,,,
PIRELLI,151015502,,,,,,
PIRELLI,151017201,OPTICAL TRANSCEIVER MODULE,,,,,
PIRELLI,151017301,OPTICAL TRANSCEIVER MODULE,,,,,
PIRELLI,151019601,OSC SFP - STM1-OC3 - 1310 NM,,,,,
POWER,1-M00022G*559992,Chassis Aspiro XS 19.48 2RU 48V/3200W,,,,,
POWERWAVE,ALR1200/002,Repeater,,,,,
POWERWAVE,AR6560/00200,Cellular Telephone Repeater,,,,,
PROLABS,LR-SFP-10G-C,LR-SFP-10G-C compliant SFP+ SMF,,,,,
PROMAX,PROMAX-8PREMIUM,CABLE TV ANALYSER,,,,,
PROTECH,52070APG,Freecooling FCCX 048 Protech PTE,€0.0,$0.00,,,
QCUBBBULIG01,21030116,SLPU,,,,,
QLOGIC,PLRXPL-VC-SH4-23-N,SFP,€230.0,$0.00,,,
QLOGIC,PLRXPL-VC-SH4-23-N-QL,SFP,€230.0,$0.00,,,
Quantum,AFM400,TESAS-QUINTUM.Quintum 4 FXS/4FXO ANALOG PORTS,€43.8,$0.00,,,
QUANTUM,AXM2400,TENOR AX Series GATEWAY AXSeries SERVER EQUIPMENT,€131.4,$0.00,,,
QUIQCELL,QS-3W-1F-NF-00,3 WAY SPLITTER ,€0.0,$0.00,,,
R4875G1,02311TGX-001,Rectifier Module - R4875,,,,,
RAD,1001685090,MIRICI-E3T3,,,,,
RAD,1001709598,MIRICI-155,,,,,
RAD,4670090000,RAD RICI-4E1,,,,,
RAD,513002-A,SFP-CA,,,,,
RAD,5130210000,SMART SFP MIRICI,,,,,
RAD,ETX-203AX/GE/2SFP/4U,CARRIER ETHERNET DEMARCATION WITH FIXED AND MODULAR UPLINK - 1 GBPS PER PORT - 2 SFP ETHERNET PORTS,,,,,
RAD,UN600024731,SFP-P-1 DH,,,,,
RAD DATA,RAD_UCI_HS,MODEM,€0.0,$0.00,,,
RAD DATA,RADFCD-E1,Fractional E1 Access Units,€147.9,$0.00,,,
RADCOM,PA-FEP-GENFEP,PERFORMER SIP SIMULATOR,,,,,
RADCOM,PA-LIM-1P-10/100/G,10/100/100 ETHERNET LIM,,,,,
RADISYS,A6K-RSM-J,A6K-RSM-J ATCA,€109.5,$0.00,,,
RADISYS,ATCA-2210,RADISYS6000 Board ATCA-SWH-6505-R1,€219.0,$0.00,,,
RADISYS,ATCA-4300,RADISYS Board A 4300-CPU-6505-R1,€547.6,$0.00,,,
RADISYS,ATCA-4500,Compute Processing Module,€219.0,$0.00,,,
RADISYS,ATCA-4500-CPU-OEM,Board,€219.0,$0.00,,,
RADISYS,ATCA-5010,RADISYS 6000 Board A-5010-,€54.8,$0.00,,,
RADISYS,ATCA-5400-CPU-RTM-OEM,Board for TEKTRONIX Chassis,€273.8,$0.00,,,
RADISYS,ATCA-7240,OCTEON II CN68XX,€328.6,$0.00,,,
RADISYS,ATCA-7240-CFG2-TEK,Board,€460.0,$0.00,,,
RADISYS,ATCA-7240-IO-RTM,transition Module,€109.5,$0.00,,,
RADISYS,MPCBL0001F04,C55360-022,€208.1,$0.00,,,
RADISYS,MPCBL0001F04Q,SBC-G-TKT200-000 Intel MPCBL0001F04Q CPU Boards. NetStructure Single Board Computer | 2.0GHz Intel Xeon Processor | PMC & IDE Slots | Dual Gigabit LAN | Fibre Channel (RoHS compliant),€575.0,$0.00,,,
RADISYS,MPCBL0001N04,C13354-021,€21.9,$0.00,,,
RADISYS,MPCBL0040N02Q,Intel MPCBL0001F04Q CPU Boards. NetStructure Single Board Computer | 2.0GHz Intel Xeon Processor | PMC & IDE Slots | Dual Gigabit LAN | Fibre Channel (RoHS compliant),€345.0,$0.00,,,
RADISYS,MPCMM0001,C52711-021 for TEKTRONIX Chassis ,€1 -095.2,$0.00,,,
RADISYS,MPCMM0001Q, D18368-011,€0.0,$0.00,,,
RADISYS,MPRTM0040S00Q,D38077-012 Board for TEKTRONIX Chassis / Intel MPRTM0040 Rear Transition Module,€547.6,$0.00,,,
RADISYS,SW-2000,aTCA-3150S/TK SW-2000 AdvancedTCA Processor Blade,€230.0,$0.00,,,
RADISYS,SYS6000,Radisys Chassis Chassis SYS6000 48VDC 90AMP,€230.0,$0.00,,,
RADISYS,TD140KABINET,TD140CHASSIS,,,,,
RADISYS,TD140CHASSIS,Chassis,€328.6,$0.00,,,
RADISYS,TD140FAN,FAN Tray,€27.4,$0.00,,,
RADISYS,TD140IORTM,Board,€547.6,$0.00,,,
RADW,RW-2230-4H25,RW2000/ODU/AP/F35/ETSI/INT/25M/20,,,,,
RAISECOM,OPCOM600-OTU2,OTU2,,,,,
REDBACK,908-0297,Redback ATM OC12/STM-4 SMF-IR,,,,,
REDBACK,908-0333,Redback SE800 GB ETHERNET CARD,,,,,
REDBACK,908-0394,Redback SE800 XC ROUTER,,,,,
REDBACK,908-0396,Redback 4 X OC-3C/STM-1C ATM - SM/IR,,,,,
REDBACK,908-0406,Redback SE400 GIGABIT ETHRNT,,,,,
REDBACK,908-0409,Redback OC-12C/STM-4 ATM,,,,,
REDBACK,908-0415,Redback GIGABYTE COMPACT FLASH,,,,,
REDBACK,908-0426,Redback SHELF 14 SLOT,,,,,
REDBACK,908-0508,Redback XCRP4 - CROSS CONNECT,,,,,
REDBACK,D20846-004,TXN181070850X28,,,,,
REDBACK,D20846-005,TXN181070850X28,,,,,
REDBACK,D20846-007,TXN181070850X28,,,,,
RFS,10011383,SB 2-250 MEL,,,,,
RFS,10029673,SB-2-250BMEL,,,,,
RIELLO,ULCR500E4A,RIELLO UPS 500R,,,,,
RIVERBED,CMP-00028,DUAL FIBER GIG-E BYPASS,,,,,
RIVERBED,CMP-00074,PCI-X SERVER ADAPTER,,,,,
RIVERSTONE,300-216-03,G8M-GBCFM-02 GBIC,,,,,
RIVERSTONE,300-217-02,G8M-GBCMM-02,,,,,
RIVERSTONE,G11-B256,RS1100 BASE UNIT,,,,,
RIVERSTONE,G31-B256,RIVERSTONE RS 3100,,,,,
RIVERSTONE,G3M-GBCFM-02,RS3000 2-port GbE Module,,,,,
RIVERSTONE,G8M-GBCFM-02,GBIC MODULE,,,,,
RIVERSTONE,G8M-GBCMM-02,GBIC-MPLS MODULE,,,,,
RIVERSTONE,X15-10GE-1LR-A,10GE LR/LW MODULE,,,,,
ROSENBERGE,DC-10-7F-NF-01,10 DB COUPLER TAPPER ROSENBERGER,€0.0,$0.00,,,
SAFT,B00815280000,DPM-2,,,,,
SAFT,B05301240100,MPS270  SAFT POWER SYSTEM,,,,,
SAFT,B1001004000B,MPS 270,,,,,
SAFT,B13722050200,SMR 9003,,,,,
SAFT,B1601001010B,DPM2,,,,,
SAFT,MPS1600C,48V 5KW RECTIFIER,,,,,
SAFT,SM660,SWITCH MODE RECTIFIER,,,,,
SAGEM,251308866,ODU SLF 23GHZ TR 1008 LO B1,,,,,
SAGEM,251308874,ODU SAGEM FX12,,,,,
SAGEM,251308895,ODU SAGEM,,,,,
SAGEM,251309087,ODU SAGEM,,,,,
SAGEM,251309095,ODU SAGEM,,,,,
SAMSUNG,M392T5160QJA,4GB 240P 2RX4 PC2-5300P ECC REG VLP,,,,,
SANDISK,SDP3B-48-584,48MB FLASH DISK,,,,,
SANKEN,S30122-K5977-X-2,DL896B (HICOM 300E) CONVERTER,,,,,
SATELCOM,21212,SAME BAND COMBINER 7/16 2100MHZ,€57.5,$0.00,,,
SCHMID,CHM375320-02AA,SZ 375 - LTU-L,,,,,
SCHMID,CHM635310-02AA,SZ375 LTU-R,,,,,
SCHMID,CHM896634TPA2R,SHDSL NTU -  SZ.896.01GE634,,,,,
SCHMID,SZ.875.V110WN,Schmid Telecom SZ.875.V110W Desktop Chassis,,,,,
SCHMID,SZ.876.V100WA,MINIRACK SHDSL LTU,,,,,
SCHMID,SZ.886.V430TDE,WATSON5 - SHDSL 2 PAIR,,,,,
SCHMID,SZ.886.V830TBC,WATSON5 - SHDSL 4 PAIR,,,,,
SCHMID,SZ377.065E633,LTU-L/R,,,,,
SDPTELEKOM,CPL03ADA011,COUPLER 3DB HYBRID COMBINER,€0.0,$0.00,,,
SEAGATE,9FJ066-006,146GB 10K.3 Hard Drive,,,,,
SEAGATE,9SW066-175,"CISCO 300GB 15K RPM 2.5"" 6GB SAS HARD DISK",,,,,
SEAGATE,9U3001-001,ST318406LC,,,,,
SEAGATE,9W2005-314,"40GB 7200RPM 3.5"" IDE HDD",,,,,
SEAGATE,9WE066-179,Seagate 300GB 10KRPM SAS 2.5in HDD,,,,,
SEAGATE,9Z1006-002,SEAGATE 300GB 15K U320 HARD DRIVE,,,,,
SEAGATE,9Z1006-005,Seagate Cheetah 15K.5 Series 300GB,,,,,
SEVENTEAM,ST-220FUB-05E,220W PSU,,,,,
SHENGLU,027010665,Directional Antenna -3300-3800/3300-3800MHz,,,,,
SIAE,C12151-02,MAIN CONTROLLER,,,,,
SIAE,C12155,Sub-Module from GD0430-02,,,,,
SIAE,C32545,SUB UNIT ASSEMBLY,,,,,
SIAE,D12036,LIM 16X2 COAX,,,,,
SIAE,D12095,SIAE AL Equip Controller,,,,,
SIAE,D12158,LIM Ethernet Interface,,,,,
SIAE,D12158-02,LIM Ethernet Interface,,,,,
SIAE,D12160-02,MAIN CONTROLLER,,,,,
SIAE,D16027-04,SPA ALS 32/128QAM RAD INTFC,,,,,
SIAE,D52011,COUPLER UNIT FOR SEPARATED ANTENNA,,,,,
SIAE,D52020,COUPLER UNIT FOR INTEGRATED ANTENNA,,,,,
SIAE,D60024,TRIBUTARY INTERFACE 16 PORT,,,,,
SIAE,D60025,TRIBUTARY INTERFACE 64 PORT,,,,,
SIAE,D60083,SIAE AGS-20-L FAN - STANDARD,,,,,
SIAE,D60085,SIAE AGS-20-L RIM 2IF STANDARD,,,,,
SIAE,D60086,SIAE AGS-20-L CORE MODULE,,,,,
SIAE,D60088,SIAE AGS-20-L LIM TDM 8xE1 + 2xSTM-1,,,,,
SIAE,D60305,SIAE AGS-20-L LIM ETHERNET 8xOPTICAL,,,,,
SIAE,D60312,SIAE AGS-20-L RIM 2IF QUAD MODEM + SFP,,,,,
SIAE,D60314,SIAE AGS-20-L FAN - HIGH POWER,,,,,
SIAE,D60315,SIAE AGS-20-L POWER SUPPLY - HIGH POWER,,,,,
SIAE,G6JJ7R01,Radio INTERFACE MODULE RIM,,,,,
SIAE,G6KIGR20,INDOOR UNIT IDU,,,,,
SIAE,G7RJGU20,LIM LINE INTERFACE MODULE,,,,,
SIAE,G8ADLC32,RT24G,,,,,
SIAE,G8DBM372,ODU RT27G,,,,,
SIAE,G8DBMM02,ODU 15/16X2 LOW (S1-S2),,,,,
SIAE,G8FBL132,RT29G,,,,,
SIAE,G8FDL152,RT29G,,,,,
SIAE,G8GDLB62,RT32G,,,,,
SIAE,G8GDLE62,RT32G,,,,,
SIAE,G8HDL512,RT33G,,,,,
SIAE,G8KBL502,ODU 38/4X2 HIGH,,,,,
SIAE,G8KBM502,ODU 38/16X2 HIGH,,,,,
SIAE,G8KBME02,RT34G,,,,,
SIAE,G8KDL122,RT34G,,,,,
SIAE,G8KDMB02,RT34G,,,,,
SIAE,GA00103-1,ODU AL23 SB1 LOW,,,,,
SIAE,GA00104-1,ODU AL23 SB1 LOW,,,,,
SIAE,GA9006-03,ODU AL23SB1,,,,,
SIAE,GA9007-03,AL SERIE 23GHZ ODU SB1-HIGH,,,,,
SIAE,GA9008-03,ODU - AL SERIE 23GHZ ODU SB2 LOWODU - AL SERIE 23GHZ ODU SB2 LOW,,,,,
SIAE,GA9009-03,ODU AL23 SB2,,,,,
SIAE,GA9028-03,ODU AL15 SB2 LOW,,,,,
SIAE,GA9029-03,ODU AL15 SB2,,,,,
SIAE,GA9078,ODU AL7,,,,,
SIAE,GA9079,ODU AL7,,,,,
SIAE,GA9135,ODU AL7,,,,,
SIAE,GAI0009-3,IDU ALCPLUS2,,,,,
SIAE,GAI0095,ALC IDU,,,,,
SIAE,GAI0127,ALC IDU PLUS,,,,,
SIAE,GAI0134,IDU 16XE1+3XFE,,,,,
SIAE,GAI0156-1,ALCPLUS2 (1+1) 16XE1+ ETH (2B/3B),,,,,
SIAE,GD0392,IDU ALS C 1+0 2XSTM1,,,,,
SIAE,GD0430-02,IDU ALS 1U - GE - 128QAM,,,,,
SIAE,GE9029,ODU ALS 15 SP HIGH,,,,,
SIAE,GE9170,ODU ALS 23 SP ,,,,,
SIAE,GE9171,ODU ALS 23 SP,,,,,
SIAE,GG372612M,0,,,,,
SIAE,GG372613N,0,,,,,
SIAE,V32187,UNBALANCED COUPLER AL23,,,,,
SIAE,V32230,UNBALANCED COUPLER AL38,,,,,
SIAE,V32231,UNBALANCED COUPLER AL15,,,,,
SIAE,V32252,UNBALANCED COUPLER AL7,,,,,
SIAE,V60160,UNBALANCED COUPLER AL25,,,,,
SIEMENS,1696105-1,LVD/SE MULTIMODE SPI-3/SPI-4 TERMINATOR,,,,,
SIEMENS,400629,WALKAIRTS-BU,,,,,
SIEMENS,523-406/31,,,,,,
SIEMENS,523-409/36,,,,,,
SIEMENS,534-108/42,SIEMENS SR 15 Ghz KIT FOR ODU MOUNTING,,,,,
SIEMENS,534-108/43,SIEMEMS SR 18GhZ KIT FOR ODU MOUNTING,,,,,
SIEMENS,534-120/01,SRAL MOUNTING COUPLER,,,,,
SIEMENS,534-120/02,ODU DUAL MOUNTING BRACKET,,,,,
SIEMENS,534-121/01,ODU DUAL MOUNTING BRACKET,,,,,
SIEMENS,534-121/03,SRAL MOUNTING COUPLER,,,,,
SIEMENS,534-121/04,SRAL MOUNTING COUPLER,,,,,
SIEMENS,534-121/07,SRAL MOUNTING COUPLER,,,,,
SIEMENS,534-121/08,SRAL MOUNTING COUPLER,,,,,
SIEMENS,597-525/78A,Siemens300-NM-KIT,,,,,
SIEMENS,601-030/38,THP 03-370S,,,,,
SIEMENS,603-016/66A,TX - RF TRANSMITTER - Radio SR,,,,,
SIEMENS,603-016/66B,TX - RF TRANSMITTER - Radio SR,,,,,
SIEMENS,604-015/15A,RECEIVER/DEM. AP,,,,,
SIEMENS,604-015/15B,RX MAIN RECEIVER - SRT1C,,,,,
SIEMENS,604-055/41,SRT1 SPACE DIV RECEIVER,,,,,
SIEMENS,604-055/45A,SRT1 SPACE DIV RECEIVER,,,,,
SIEMENS,604-055/45B,SRT1 SPACE DIV RCVR 11545MHZ ,,,,,
SIEMENS,605-018/71,64 TCM MODULATOR,,,,,
SIEMENS,605-018/72,MODULATOR SRT1C 128TCM,,,,,
SIEMENS,605-357/33,SR MODULATOR 64TCM,,,,,
SIEMENS,611-087/21,SRT1C DC CONVERTER,,,,,
SIEMENS,611-526/70,,,,,,
SIEMENS,612-311/84,SRA-1 PSU /16 BCM MODEM UNIT,,,,,
SIEMENS,612-314/03E,4X2 MB/S SRAL MODEM,,,,,
SIEMENS,612-314/05,SR BB MODEM E,,,,,
SIEMENS,612-314/07,,,,,,
SIEMENS,612-314/12,SRA-L,,,,,
SIEMENS,612-314/13,RTM 8x2 SRAL,,,,,
SIEMENS,612-314/13E,RTM 8x2,,,,,
SIEMENS,612-314/15,RTM,,,,,
SIEMENS,612-314/38,RTM 16X2,,,,,
SIEMENS,612-314/39,,,,,,
SIEMENS,612-314/42,,,,,,
SIEMENS,612-314/62,RTM 8x2,,,,,
SIEMENS,612-314/79,RTM 32XE1 PS MAG. UNIT,,,,,
SIEMENS,612-315/10,,,,,,
SIEMENS,612-315/30,,,,,,
SIEMENS,612-404/01,,,,,,
SIEMENS,612-404/02,2 MBIT/S 75/120 OHM TRIBUTARY CARD,,,,,
SIEMENS,612-404/11,Tributary Unit,,,,,
SIEMENS,612-404/38,,,,,,
SIEMENS,612-404/41,ETHERNET ACCESS UNIT,,,,,
SIEMENS,612-404/83,ACCESS UNIT16xE1 ETHERNET,,,,,
SIEMENS,612-610/66,,,,,,
SIEMENS,612-612/14,SRT1C STM-1 TRIBUTARY,,,,,
SIEMENS,612-910/20,EOW CARD,,,,,
SIEMENS,612-910/21,DUAL Q UNIT,,,,,
SIEMENS,612-910/22,DUAL Q UNIT ,,,,,
SIEMENS,614-041/01,,,,,,
SIEMENS,614-041/14,FAN UNIT,,,,,
SIEMENS,614-041/17,,,,,,
SIEMENS,614-104/25,SRT1C MSG COMM FUNC,,,,,
SIEMENS,614-104/25D,,,,,,
SIEMENS,614-104/63,SRT1C CPU,,,,,
SIEMENS,614-104/64,SRT1C ALARM UNIT,,,,,
SIEMENS,614-104/66,,,,,,
SIEMENS,615-105/08,Double V.11 Interface,,,,,
SIEMENS,625-017/20A,SRAL XD LIC KEY,,,,,
SIEMENS,625-017/20B,SRAL XD LIC KEY,,,,,
SIEMENS,625-017/20D,,,,,,
SIEMENS,625-017/20F,SRAL XD LIC KEY,,,,,
SIEMENS,625-017/20H,SRAL XD LIC KEY 16X2 1+1 ND,,,,,
SIEMENS,625-017/20L,SRAL XD LIC KEY,,,,,
SIEMENS,625-018/14_100,USB Dongle,,,,,
SIEMENS,625-018/53B,SRAL XD LIC KEY,,,,,
SIEMENS,625-018/53D,SRAL XD LIC KEY,,,,,
SIEMENS,625-018/53E,SRAL XD LIC KEY 8x2 1+0,,,,,
SIEMENS,625-018/53P,SRAL XD LIC KEY 32x2 1+1,,,,,
SIEMENS,626-207/14,SRT1C TX DISTRIBUTOR,,,,,
SIEMENS,626-207/15,SRT1C RX DISTRIBUTOR,,,,,
SIEMENS,626-207/18,SRT1C SOH UNIT (WST/ Nx64KB/S),,,,,
SIEMENS,628-216/51,WIRED CONTAINER,,,,,
SIEMENS,628-586/01,SRAL IDU,,,,,
SIEMENS,628-586/06,INTERCONNECTION BOX,,,,,
SIEMENS,628-586/07,SRAL ODU,,,,,
SIEMENS,628-586/21,INDOOR WIRED SUBRACK,,,,,
SIEMENS,628-586/26,IDU CASE,,,,,
SIEMENS,634-001/02,CONTROLLER UNIT,,,,,
SIEMENS,634-001/65,CONTROLLER SRA-L,,,,,
SIEMENS,634-001/67,SRT1C 32BITS CONTROL UNIT,,,,,
SIEMENS,634-001/68,,,,,,
SIEMENS,634-001/69,ADAPTER UNIT,,,,,
SIEMENS,634-001/73,Controller,,,,,
SIEMENS,634-001/74,,,,,,
SIEMENS,634-001/81,,,,,,
SIEMENS,634-001/83,ETHERNET CARD,,,,,
SIEMENS,6EW1980-1AA,POWER-SUPPLY,,,,,
SIEMENS,702-300/12A,SRA4 IDU,,,,,
SIEMENS,702-300/12B,SRA4 IDU,,,,,
SIEMENS,702-300/12C,SRA 4 IDU,,,,,
SIEMENS,702-300/12D,SRA4 IDU,,,,,
SIEMENS,702-300/66,SRA HD OUTDOOR EQUIPMENT,,,,,
SIEMENS,705-101/31,SRA SERIES 3 IDU,,,,,
SIEMENS,705-101/32F340G,SRA3 IDU,,,,,
SIEMENS,705-101/34F360G,SRA3 IDU,,,,,
SIEMENS,705-101/34F360Q,SRA3 IDU,,,,,
SIEMENS,705-400/03D704Z,,,,,,
SIEMENS,705-400/03E704Z,FLEXIHYBRID IDU,,,,,
SIEMENS,705-400/09D704Z,FLEXIHYBRID IDU,,,,,
SIEMENS,705-400/09E704Z,FLEXIHYBRID IDU,,,,,
SIEMENS,732-101/01,,,,,,
SIEMENS,732-101/11,SRAL XD IDU,,,,,
SIEMENS,732-101/61A,SRAL XD IDU,,,,,
SIEMENS,732-101/61C,SRAL XD IDU,,,,,
SIEMENS,732-101/61L,SRAL XD IDU,,,,,
SIEMENS,732-101/61R,,,,,,
SIEMENS,732-101/61S,,,,,,
SIEMENS,732-101/62A,SRAL XD IDU,,,,,
SIEMENS,732-101/62B,SRAL XD IDU,,,,,
SIEMENS,732-101/62C,SRAL XD IDU,,,,,
SIEMENS,732-101/62D,SRAL XD IDU,,,,,
SIEMENS,732-101/91C,SRAL XD ODU AC WITH BACKUP,,,,,
SIEMENS,732-201/15B,SRAL ODU,,,,,
SIEMENS,732-201/18B,SRAL ODU,,,,,
SIEMENS,732-201/23,SRAL ODU,,,,,
SIEMENS,732-201/23B,SRAL ODU,,,,,
SIEMENS,732-201/38B,SRAL ODU,,,,,
SIEMENS,732-211/26D,ODU,,,,,
SIEMENS,732-211/38,SRAL ODU,,,,,
SIEMENS,732-211/38D,SRAL ODU,,,,,
SIEMENS,732-221/15,SRAL ODU,,,,,
SIEMENS,732-221/18B,SRA L ODU,,,,,
SIEMENS,732-221/23B,SRAL ODU,,,,,
SIEMENS,732-221/38B,SRAL ODU,,,,,
SIEMENS,732-221/38D,SRAL ODU,,,,,
SIEMENS,732-241/07,ODU SRAL XD,,,,,
SIEMENS,732-241/13E,ODU SRAL XD,,,,,
SIEMENS,732-241/15,ODU SRAL XD,,,,,
SIEMENS,732-241/18,ODU SRAL XD,,,,,
SIEMENS,732-241/23,ODU SRAL XD,,,,,
SIEMENS,732-241/26,,,,,,
SIEMENS,732-241/26E,SRAL XD ODU,,,,,
SIEMENS,732-241/38,ODU SRAL XD,,,,,
SIEMENS,732-241/38E,SRAL XD ODU,,,,,
SIEMENS,732-251/13,SRAL XD ODU,,,,,
SIEMENS,732-251/38,SRAL XD ODU,,,,,
SIEMENS,732-251/38E,SRAL XD ODU ,,,,,
SIEMENS,732/101/61R,SRAL XD IDU,,,,,
SIEMENS,735-201/11,ODU,,,,,
SIEMENS,735-201/38W,SRAL ODU,,,,,
SIEMENS,735-201/38X004,Outdoor Unit ,,,,,
SIEMENS,735-211/08_101,OUTDOOR UNIT,,,,,
SIEMENS,735-211/08_151,OUTDOOR UNIT,,,,,
SIEMENS,735-211/11,ODU,,,,,
SIEMENS,735-211/13,SRAL ODU,,,,,
SIEMENS,735-211/26,SRAL ODU,,,,,
SIEMENS,735-221/06,ODU,,,,,
SIEMENS,735-221/07,ODU SRAL SHIFTER,,,,,
SIEMENS,735-221/08,ODU,,,,,
SIEMENS,735-221/11,ODU,,,,,
SIEMENS,735-221/13,,,,,,
SIEMENS,735-221/15,ODU,,,,,
SIEMENS,902836,INTERFACE MODULE ,,,,,
SIEMENS,A31043-X1120-X1,Power Supply RACK 610,,,,,
SIEMENS,AT-Q010020,QUAD-STM1,,,,,
SIEMENS,BFD518004/1,SIS UNEQUIPP,,,,,
SIEMENS,BX1530E1,TransXpress Cable,,,,,
SIEMENS,C39127-Z3-C11,EWSD Classic Air Filter,,,,,
SIEMENS,C39195-Z102,MONITOR CASSETTE,,,,,
SIEMENS,C39195-Z146-P15,CABLE,,,,,
SIEMENS,C39195-Z203,CABLE,,,,,
SIEMENS,C39195-Z203-C702,CABLE,,,,,
SIEMENS,C39195-Z203-C705,CABLE,,,,,
SIEMENS,C39300-A195-B92,MDD,,,,,
SIEMENS,C42165-A320-B268,CABLE,,,,,
SIEMENS,C50117-A15-B51,SHLF AIRFLOW SLT CVR,,,,,
SIEMENS,C50165-A0041-D013-01,AIR FILTER,,,,,
SIEMENS,C50165-A14-D2,,,,,,
SIEMENS,C50165-A32-A11,CABLE TRY,,,,,
SIEMENS,C50165-A41-A4,KABELFACH ETSI,,,,,
SIEMENS,C50220-Z1,,,,,,
SIEMENS,C50220-Z1-A6,LB08 (BAJ),,,,,
SIEMENS,C50228-Z100-B106,CABLE CONNECTION KIT,,,,,
SIEMENS,CP-0000027,eMCP,,,,,
SIEMENS,CU-B750360,CU,,,,,
SIEMENS,DDJ-G-S-6524G0-11,Surpass HID6615,,,,,
SIEMENS,DDJ:G-M-6424FA-11,F:S322:PWR:AC:E,,,,,
SIEMENS,DDJ:G-M-6424FD-11,F:S322:PWR:DC:E,,,,,
SIEMENS,DDJ:G-M-6524GF-01,M:6524:FAN:E,,,,,
SIEMENS,DDJ:G-S-6424S0-01,SURPASS hiD 6610,,,,,
SIEMENS,G32931-A662-A323,INVERTER,,,,,
SIEMENS,G34924-J2006-H1,PBSL321,,,,,
SIEMENS,HIT7050-FILT,FILTER - AIR: TYPE DUST - FP1 - APPLICATION HIT7050,,,,,
SIEMENS,IDL0301000108A,SRAL XD 16X2  1+1 BSC,,,,,
SIEMENS,IF-R450620,E1/T1,,,,,
SIEMENS,IF-R453110,E1 32B,,,,,
SIEMENS,IM-C010450,IMA,,,,,
SIEMENS,IM-HD00100,IMA-HD,,,,,
SIEMENS,P42026-B5146-B430,8GB COMPACT FLASH (FACTORY SW LOAD),,,,,
SIEMENS,P42026-B5146-C430,8GB COMPACT FLASH (FACTORY SW LOAD),,,,,
SIEMENS,P42026-B5210-B510,8GB COMPACT FLASH (FACTORY SW LOAD),,,,,
SIEMENS,P42026-B5210-C535,8GB COMPACT FLASH (FACTORY SW LOAD),,,,,
SIEMENS,PC-F000128,Flash Card,,,,,
SIEMENS,PC-F700400,FLASH CARD,,,,,
SIEMENS,PP-3200100,32Port E1 Dist Panel RJ45,,,,,
SIEMENS,PS-V480400,-48V DC Power Supply,,,,,
SIEMENS,ROFP137324/1,PFUA4,,,,,
SIEMENS,S1608-K1200-A11-03,,,,,,
SIEMENS,S30050-B5877-X,FAN-BOX,,,,,
SIEMENS,S30050-B5886-X,DCIRC,,,,,
SIEMENS,S30050-B7002-S3-1,RECTIFIER,,,,,
SIEMENS,S30050-K5619-L,M:DCCCL,,,,,
SIEMENS,S30050-K7040-X,PSUM,,,,,
SIEMENS,S30050-Q5517-A100,M:DCBA,,,,,
SIEMENS,S30050-Q5619-A200,M:DCCDA,,,,,
SIEMENS,S30050-Q5619-B,,,,,,
SIEMENS,S30050-Q5619-C,M:DCCCC,,,,,
SIEMENS,S30050-Q5619-R,M:DCCCR,,,,,
SIEMENS,S30050-Q5619-S,M:DCCCS,,,,,
SIEMENS,S30050-Q5619-S100,M:DCCMS,,,,,
SIEMENS,S30050-Q5681-A100,M:DCC,,,,,
SIEMENS,S30050-Q5682-E,DCCDE,,,,,
SIEMENS,S30050-Q5862-C,M:DCCDC,,,,,
SIEMENS,S30050-Q5862-D,M:DCCDD,,,,,
SIEMENS,S30050-Q5862-E,M:DCCDE,,,,,
SIEMENS,S30050-Q5882-X100,TRI VOLT PS,,,,,
SIEMENS,S30050-Q5883-X,DCC:MC,,,,,
SIEMENS,S30050-Q5893-X,M:DCCDF,,,,,
SIEMENS,S30050-Q5897-X,M:DCCMD,,,,,
SIEMENS,S30050-Q6104-X,DCCDK,,,,,
SIEMENS,S30050-Q6110-X,,,,,,
SIEMENS,S30050-Q6111-X,DCCDM,,,,,
SIEMENS,S30050-Q6112-X,DCCDN,,,,,
SIEMENS,S30050-Q6124-X,M:PSAG,,,,,
SIEMENS,S30050-Q6124-Y,,,,,,
SIEMENS,S30050-Q6125-X,DCCDQ,,,,,
SIEMENS,S30050-Q6129-X,M:DCCDR,,,,,
SIEMENS,S30050-Q6133-X,DCCDW,,,,,
SIEMENS,S30054-S5769-D951,PROFISET10,,,,,
SIEMENS,S30054-S5771-D951,PROFISET 20,,,,,
SIEMENS,S30122-K5028-X,POWER,,,,,
SIEMENS,S30122-K5035,Power,,,,,
SIEMENS,S30122-K5058-X-2,ALIM-DCI FW1288,,,,,
SIEMENS,S30122-K5318-X400,ACSC,,,,,
SIEMENS,S30122-K5385-X,PSUP,,,,,
SIEMENS,S30122-Q5028-X1,POWER,,,,,
SIEMENS,S30122-Q5028-X2,POWER,,,,,
SIEMENS,S30122-Q5028-X3,POWER,,,,,
SIEMENS,S30122-S5309-X,DRUCKER P500 PRINTER,,,,,
SIEMENS,S30122-U1057-X,M:PSU ,,,,,
SIEMENS,S30122-U1251-X,,,,,,
SIEMENS,S30122-U413-X20,Motorola 3266 Modem,,,,,
SIEMENS,S30122-U563-X100,MOD,,,,,
SIEMENS,S30122-U563-X400,MOD,,,,,
SIEMENS,S30122-U677-X,HDD 4.5 GB,,,,,
SIEMENS,S30122-U938-X,HDD 18.2GB,,,,,
SIEMENS,S30122-U941-X,,,,,,
SIEMENS,S30122-X5367-X,DPS 1500-HC,,,,,
SIEMENS,S30122-X8022-X8,AP1120,,,,,
SIEMENS,S30124-X5166-X,Power Supply,,,,,
SIEMENS,S30257-Z6114,CABLE,,,,,
SIEMENS,S30257-Z7103,CONNECTOR,,,,,
SIEMENS,S30257-Z7553,CABLE,,,,,
SIEMENS,S30257-Z7555,CABLE,,,,,
SIEMENS,S30257-Z7568,CABLE,,,,,
SIEMENS,S30257-Z7568-A10,Cable,,,,,
SIEMENS,S30257-Z7568-A14,Cable,,,,,
SIEMENS,S30257-Z7570,CABLE,,,,,
SIEMENS,S30257-Z7570-A2,Cable,,,,,
SIEMENS,S30257-Z7570-A802,Cable,,,,,
SIEMENS,S30257-Z7570-A809,Cable,,,,,
SIEMENS,S30257-Z7570-A816,Cable,,,,,
SIEMENS,S30257-Z7570-A822,Cable,,,,,
SIEMENS,S30257-Z7678,CABLE,,,,,
SIEMENS,S30257-Z7678-A6,Cable,,,,,
SIEMENS,S30257-Z7678-A803,Cable,,,,,
SIEMENS,S30257-Z7678-A804,Cable,,,,,
SIEMENS,S30257-Z7678-A806,Cable,,,,,
SIEMENS,S30257-Z7730,CABLE,,,,,
SIEMENS,S30257-Z7730-802,Cable,,,,,
SIEMENS,S30257-Z7730-A14,Cable,,,,,
SIEMENS,S30257-Z7730-A19,Cable,,,,,
SIEMENS,S30257-Z7730-A4,Cable,,,,,
SIEMENS,S30257-Z7730-A6,Cable,,,,,
SIEMENS,S30257-Z7730-A8,Cable,,,,,
SIEMENS,S30257-Z7730-A807,Cable,,,,,
SIEMENS,S30257-Z7974,CABLE,,,,,
SIEMENS,S30257-Z7975,CABLE,,,,,
SIEMENS,S30257-Z7975-A18,Cable,,,,,
SIEMENS,S30257-Z7975-A19,Cable,,,,,
SIEMENS,S30257-Z8218,CABLE,,,,,
SIEMENS,S30257-Z8218-A40,Cable,,,,,
SIEMENS,S30257-Z8218-A48,Cable,,,,,
SIEMENS,S30777-Q539-X,PFT1,,,,,
SIEMENS,S30804-B113-X,F:ASN(E),,,,,
SIEMENS,S30804-B2507-X,,,,,,
SIEMENS,S30804-B2508-X,,,,,,
SIEMENS,S30804-B2573-X100,F:SYPC(A),,,,,
SIEMENS,S30804-B2584-X100,AD:RAL,,,,,
SIEMENS,S30804-B2584-X200,AD:RAL,,,,,
SIEMENS,S30804-B2584-X300,AD:RAL,,,,,
SIEMENS,S30804-B2597-X,F:CCNP(B),,,,,
SIEMENS,S30804-B2598-X,F:SILTD(A),,,,,
SIEMENS,S30804-B2634-X,RACK,,,,,
SIEMENS,S30804-B2636-X100,RACK,,,,,
SIEMENS,S30804-B2637-X,RACK,,,,,
SIEMENS,S30804-B2638-X,RACK,,,,,
SIEMENS,S30804-B2641-X,F:MB:CCG(B),,,,,
SIEMENS,S30804-B2666-X,F:DLU(A),,,,,
SIEMENS,S30804-B2667-X,F:DLU(B),,,,,
SIEMENS,S30804-B2673-X300,F:MODEM,,,,,
SIEMENS,S30804-B2687-X,F:LTGG(A),,,,,
SIEMENS,S30804-B2688-X100,F:TSG(B),,,,,
SIEMENS,S30804-B2689-X,F:SSG(B),,,,,
SIEMENS,S30804-B2689-X100,F:SSG(B),,,,,
SIEMENS,S30804-B2691-X,F:PBC(A),,,,,
SIEMENS,S30804-B2692-X,F:PIOP(A),,,,,
SIEMENS,S30804-B2692-X100,FRAME,,,,,
SIEMENS,S30804-B2692-X200,PIOP (B),,,,,
SIEMENS,S30804-B2709-X,F:DLU(D),,,,,
SIEMENS,S30804-B2710-X,F:DLU ( E),,,,,
SIEMENS,S30804-B2711-X,F:DLU(F),,,,,
SIEMENS,S30804-B2715-X100,LTGM(A),,,,,
SIEMENS,S30804-B2719-X100,F:DEV(F),,,,,
SIEMENS,S30804-B2719-X200,F:DEV,,,,,
SIEMENS,S30804-B2729-X,F:DLU(G),,,,,
SIEMENS,S30804-B2732-X100,F:LTGN(A),,,,,
SIEMENS,S30804-B2733-X100,F:LTGN(B),,,,,
SIEMENS,S30804-B2736-X,F:MBD,,,,,
SIEMENS,S30804-B2737-X,F:CCGE,,,,,
SIEMENS,S30804-B2739-X,,,,,,
SIEMENS,S30804-B2740-X,F:SNMUX(A),,,,,
SIEMENS,S30804-B2741-X,F:SNMAT,,,,,
SIEMENS,S30804-B2741-Y,,,,,,
SIEMENS,S30804-B2742-X,F:SNCARE,,,,,
SIEMENS,S30804-B2746-X,F:DLUG(A),,,,,
SIEMENS,S30804-B2746-X100,F:DLUG(A),,,,,
SIEMENS,S30804-B2746-X200,F:DLUG(A),,,,,
SIEMENS,S30804-B2747-X,,,,,,
SIEMENS,S30804-B2753-X,F:SCB,,,,,
SIEMENS,S30804-B2754-X,F:SCE,,,,,
SIEMENS,S30804-B2754-Y,,,,,,
SIEMENS,S30804-B2755-X,F:SCB,,,,,
SIEMENS,S30804-B2755-Y,F:SCB,,,,,
SIEMENS,S30804-B2803-X,,,,,,
SIEMENS,S30804-B2808-X,F:LTGN (C),,,,,
SIEMENS,S30804-B2810-X,F:BPCE,,,,,
SIEMENS,S30804-B2811-X,F:EPCE,,,,,
SIEMENS,S30804-B2813-X,F:EIOP,,,,,
SIEMENS,S30804-B2814-X,F:SN,,,,,
SIEMENS,S30804-B2815-X,F:LTGP(A),,,,,
SIEMENS,S30804-B2816-X,,,,,,
SIEMENS,S30804-B2816-X100,F:STMI(B),,,,,
SIEMENS,S30804-B2820-X,F:SCE,,,,,
SIEMENS,S30804-B2820-X100,F:SCE,,,,,
SIEMENS,S30804-B2825-X,F:LTGP(B),,,,,
SIEMENS,S30804-B2835-X,F:EPCE,,,,,
SIEMENS,S30805-C2690-X100,RACK,,,,,
SIEMENS,S30805-C2691-X100,RACK,,,,,
SIEMENS,S30805-C2696-X100,RACK,,,,,
SIEMENS,S30805-C2721-X100,RACK,,,,,
SIEMENS,S30805-C2723-X100,SIEMENS RACK,,,,,
SIEMENS,S30805-D2510-X101,FUSE PANEL,,,,,
SIEMENS,S30805-D2539-X101,FUSE-PANEL,,,,,
SIEMENS,S30805-D2564-X101,FUSE PANEL,,,,,
SIEMENS,S30805-D2631-X601,FUSE PANEL,,,,,
SIEMENS,S30805-D2664-X101,FUSE PANEL,,,,,
SIEMENS,S30805-D2666-X101,FUSE PANEL,,,,,
SIEMENS,S30805-D2666-X401,FUSE-PANEL,,,,,
SIEMENS,S30805-D2668-X101,FUSE PANEL,,,,,
SIEMENS,S30805-D2672-X101,FUSE-PANEL,,,,,
SIEMENS,S30805-D2690-X101,FUSE-PANEL,,,,,
SIEMENS,S30805-D2691-X101,FUSE-PANEL,,,,,
SIEMENS,S30805-D2692-X101,FUSE-PANEL,,,,,
SIEMENS,S30805-D2698-X101,FILTER:DLU,,,,,
SIEMENS,S30805-D2717-X601,FUSE PANEL,,,,,
SIEMENS,S30805-D2729-X201,BREAKER-PANEL,,,,,
SIEMENS,S30805-D2744-X1,BREAKER-PANEL,,,,,
SIEMENS,S30805-D2770-X1,BREAKER-PANEL,,,,,
SIEMENS,S30805-D2793-X1,BREAKER-PANEL,,,,,
SIEMENS,S30805-D2805-X3,HIQ1200 BREAKER,,,,,
SIEMENS,S30807-K5407-X,APT3,,,,,
SIEMENS,S30807-K5415-X,APPCU,,,,,
SIEMENS,S30807-K6210-X200,BAM80E,,,,,
SIEMENS,S30807-K6210-X300,BAM80E,,,,,
SIEMENS,S30807-Q146-X101,CCGES,,,,,
SIEMENS,S30807-Q147-X101,M:CCGED,,,,,
SIEMENS,S30807-Q5432-X000,ACC,,,,,
SIEMENS,S30807-S5431-X,ACKB,,,,,
SIEMENS,S30807-U2557-X,,,,,,
SIEMENS,S30807-U2593-X100,MOD,,,,,
SIEMENS,S30807-U2593-X200,MOD,,,,,
SIEMENS,S30807-U2594-X200,MDD,,,,,
SIEMENS,S30807-U2594-X300,MDD,,,,,
SIEMENS,S30807-U2594-X700,MDD,,,,,
SIEMENS,S30807-U2607-X,PBSL32I,,,,,
SIEMENS,S30807-U2617-X,M:MODE,,,,,
SIEMENS,S30807-U2618-X,M:MODE,,,,,
SIEMENS,S30807-U2620-X,FANTRAY,,,,,
SIEMENS,S30807-U2620-Y,,,,,,
SIEMENS,S30807-U2622-X100,,,,,,
SIEMENS,S30807-U2623-X,FANTRAY,,,,,
SIEMENS,S30807-U2624-X,FAN-BOX,,,,,
SIEMENS,S30807-U2628-X,M:MDDE,,,,,
SIEMENS,S30807-U2635-X,MDD,,,,,
SIEMENS,S30807-U2636-X700,MDD,,,,,
SIEMENS,S30807-U2637-X,MDD,,,,,
SIEMENS,S30807-U2638-X,MDD,,,,,
SIEMENS,S30807-U2639-X,MDD,,,,,
SIEMENS,S30807-U5420-X1,BU-BOL,,,,,
SIEMENS,S30810-Q1002-X,BDB,,,,,
SIEMENS,S30810-Q1002-X200,M:BDB,,,,,
SIEMENS,S30810-Q1003-X,BDE,,,,,
SIEMENS,S30810-Q1003-X200,M:BDE,,,,,
SIEMENS,S30810-Q1007-X21,DIUDC,,,,,
SIEMENS,S30810-Q1007-X49,DIUDC,,,,,
SIEMENS,S30810-Q1007-X54,DIUDC,,,,,
SIEMENS,S30810-Q1007-X62,M:DIUDC62,,,,,
SIEMENS,S30810-Q1016-X6,M:SIPA,,,,,
SIEMENS,S30810-Q1017-X6,M:MH:SIMP,,,,,
SIEMENS,S30810-Q1022-X,M:MUXS,,,,,
SIEMENS,S30810-Q1023-X,SILTD,,,,,
SIEMENS,S30810-Q1023-X4,M:SILTD,,,,,
SIEMENS,S30810-Q1023-X5,SILTD,,,,,
SIEMENS,S30810-Q1024-X,SILT,,,,,
SIEMENS,S30810-Q1024-X102,M:SILTC,,,,,
SIEMENS,S30810-Q1024-X4,SILTC,,,,,
SIEMENS,S30810-Q1027-X2,M:COUB,,,,,
SIEMENS,S30810-Q1030-X137,MUPB,,,,,
SIEMENS,S30810-Q1030-X138,MUPB,,,,,
SIEMENS,S30810-Q1030-X307,OCE1:MUPB,,,,,
SIEMENS,S30810-Q1031-X,SPC/02,,,,,
SIEMENS,S30810-Q1031-X1,OCE:SPC,,,,,
SIEMENS,S30810-Q1039-X1,SLMA:MC,,,,,
SIEMENS,S30810-Q1064-X201,SLMA:CMRL,,,,,
SIEMENS,S30810-Q1067-X1,LTBAM,,,,,
SIEMENS,S30810-Q1071-X1,IOPC,,,,,
SIEMENS,S30810-Q1071-X301,M:IOPC,,,,,
SIEMENS,S30810-Q1072-X1,MDM,,,,,
SIEMENS,S30810-Q1072-X103,M:MDM,,,,,
SIEMENS,S30810-Q1073-X1,TRC,,,,,
SIEMENS,S30810-Q1073-X102,M:T/RC,,,,,
SIEMENS,S30810-Q1074-X,M:CG/MUX,,,,,
SIEMENS,S30810-Q1074-X5,CG/MUX,,,,,
SIEMENS,S30810-Q1088-X800,MUH,,,,,
SIEMENS,S30810-Q1094-X1,EMSP,,,,,
SIEMENS,S30810-Q1103-X103,M:SLMDB,,,,,
SIEMENS,S30810-Q1103-X104,SLMDB,,,,,
SIEMENS,S30810-Q1103-X201,SLMDB,,,,,
SIEMENS,S30810-Q1103-X401,SLMDB,,,,,
SIEMENS,S30810-Q1105-X16,CRM8:R2,,,,,
SIEMENS,S30810-Q1105-X18,CRM8:R2,,,,,
SIEMENS,S30810-Q1105-X3,CRM8:R2,,,,,
SIEMENS,S30810-Q1105-X9,CRM8:R2,,,,,
SIEMENS,S30810-Q1107-X1,DIU: LDIB,,,,,
SIEMENS,S30810-Q1109-X1,M:DIU:LDID,,,,,
SIEMENS,S30810-Q1110-X1,SILCB,,,,,
SIEMENS,S30810-Q1110-X101,FHMA,,,,,
SIEMENS,S30810-Q1110-X201,SILCD,,,,,
SIEMENS,S30810-Q1112-X202,M:FMTU,,,,,
SIEMENS,S30810-Q1113-X4,M:LCMM,,,,,
SIEMENS,S30810-Q1114-X202,M:LCUB,,,,,
SIEMENS,S30810-Q1115-X101,LAUB,,,,,
SIEMENS,S30810-Q1115-X102,M:LAUB,,,,,
SIEMENS,S30810-Q1115-X104,M:LAUB,,,,,
SIEMENS,S30810-Q1115-Y104,LAUB,,,,,
SIEMENS,S30810-Q1117-X1,M:MUXMA,,,,,
SIEMENS,S30810-Q1118-X,MUX: MB,,,,,
SIEMENS,S30810-Q1133-X1,SASC,,,,,
SIEMENS,S30810-Q1133-X2,SASC,,,,,
SIEMENS,S30810-Q1134-X,CON:SASC,,,,,
SIEMENS,S30810-Q1141-X101,PMUA,,,,,
SIEMENS,S30810-Q1141-X201,PMUB,,,,,
SIEMENS,S30810-Q1141-X301,PMUC,,,,,
SIEMENS,S30810-Q1141-X401,PMUD,,,,,
SIEMENS,S30810-Q1141-X601,M:PMUE,,,,,
SIEMENS,S30810-Q115-X102,LAUB,,,,,
SIEMENS,S30810-Q1179-X1,M:PMU:SIMP,,,,,
SIEMENS,S30810-Q1180-X1,M:PMU:CPI,,,,,
SIEMENS,S30810-Q1181-X,M:MU:CPI,,,,,
SIEMENS,S30810-Q1182-X61,SLMA COS,,,,,
SIEMENS,S30810-Q1184-X1,M:GSL,,,,,
SIEMENS,S30810-Q1185-X101,M:CGSM,,,,,
SIEMENS,S30810-Q1186-X,M:TSMB,,,,,
SIEMENS,S30810-Q1187-X,M:LISB,,,,,
SIEMENS,S30810-Q1188-X,M:SSM8B,,,,,
SIEMENS,S30810-Q1189-X,M:SSM16B,,,,,
SIEMENS,S30810-Q1190-X1,M:SGCB,,,,,
SIEMENS,S30810-Q1191-X,CLB,,,,,
SIEMENS,S30810-Q1251-X1,PEX,,,,,
SIEMENS,S30810-Q1251-X101,PEX,,,,,
SIEMENS,S30810-Q1251-X103,PEX,,,,,
SIEMENS,S30810-Q1251-X3,M:PEX,,,,,
SIEMENS,S30810-Q1251-X5,PEX,,,,,
SIEMENS,S30810-Q1252-X1,M:BCM,,,,,
SIEMENS,S30810-Q1253-X,M:PIA,,,,,
SIEMENS,S30810-Q1254-X,M:MTI,,,,,
SIEMENS,S30810-Q1255-X1,M:CMYC,,,,,
SIEMENS,S30810-Q1256-X100,CMYM,,,,,
SIEMENS,S30810-Q1256-X200,M:CMYM,,,,,
SIEMENS,S30810-Q1256-X400,CMYM,,,,,
SIEMENS,S30810-Q1257-X1,M:IOP:UNI,,,,,
SIEMENS,S30810-Q1290-X,TOG C10,,,,,
SIEMENS,S30810-Q1290-X10,TOGC,,,,,
SIEMENS,S30810-Q1290-X136,TOGC,,,,,
SIEMENS,S30810-Q1290-X21,TOGC,,,,,
SIEMENS,S30810-Q1290-X225,TOGC/01,,,,,
SIEMENS,S30810-Q1290-X61,TOGC,,,,,
SIEMENS,S30810-Q1290-X85,M:TOGC85,,,,,
SIEMENS,S30810-Q1291-X10,TOGD,,,,,
SIEMENS,S30810-Q1321-X,M:BD,,,,,
SIEMENS,S30810-Q1322-X202,GCG DLUB,,,,,
SIEMENS,S30810-Q1325-X103,SLMA FPE,,,,,
SIEMENS,S30810-Q1325-X303,SLMA FPE,,,,,
SIEMENS,S30810-Q1338-X1,SLMX,,,,,
SIEMENS,S30810-Q1339-X401,GPLSD,,,,,
SIEMENS,S30810-Q1340-A106,GSMYAA,,,,,
SIEMENS,S30810-Q1340-A34,GSMYAA,,,,,
SIEMENS,S30810-Q1340-A9,GSMYAA,,,,,
SIEMENS,S30810-Q1340-E106,GSMYCC,,,,,
SIEMENS,S30810-Q1340-G34,GSMYDC,,,,,
SIEMENS,S30810-Q1340-G9,GSMYDC,,,,,
SIEMENS,S30810-Q1343-X1,DIU LDIM,,,,,
SIEMENS,S30810-Q1346-X1,DIU120A,,,,,
SIEMENS,S30810-Q1346-X101,DIU120A,,,,,
SIEMENS,S30810-Q1349-X301,GPLC,,,,,
SIEMENS,S30810-Q1361-X100,FIBER CABLE,,,,,
SIEMENS,S30810-Q1370-V,FIBRE CABLE,,,,,
SIEMENS,S30810-Q1370-X,FIBER CABLE,,,,,
SIEMENS,S30810-Q1388-X101,AMPC,,,,,
SIEMENS,S30810-Q1401-X1,M:OCE:SPM,,,,,
SIEMENS,S30810-Q1401-X115,OCE:SPM,,,,,
SIEMENS,S30810-Q1401-X201,OCE:SPM,,,,,
SIEMENS,S30810-Q1401-X307,OCE:SPM,,,,,
SIEMENS,S30810-Q1401-X372,OCE:SPM,,,,,
SIEMENS,S30810-Q1401-X387,OCE:SPM,,,,,
SIEMENS,S30810-Q1431-X1,SLMD:QFB,,,,,
SIEMENS,S30810-Q1445-X1,M:SCR,,,,,
SIEMENS,S30810-Q1467-X1,M:DEC120,,,,,
SIEMENS,S30810-Q1469-X1,PHMA,,,,,
SIEMENS,S30810-Q1490-X1,MD TOG,,,,,
SIEMENS,S30810-Q1493-X1,DLUS 30A,,,,,
SIEMENS,S30810-Q1493-X2,DLUS 30A,,,,,
SIEMENS,S30810-Q1494-X1,M:DLUS:LDIA,,,,,
SIEMENS,S30810-Q1498-X1,,,,,,
SIEMENS,S30810-Q165-X1,OCE:N,,,,,
SIEMENS,S30810-Q2014-X,TMOM,,,,,
SIEMENS,S30810-Q2023-X200,SLMD,,,,,
SIEMENS,S30810-Q2029-X100,PCG,,,,,
SIEMENS,S30810-Q2031-X12,SIU,,,,,
SIEMENS,S30810-Q2031-X22,SIU,,,,,
SIEMENS,S30810-Q2035-X1,LCR,,,,,
SIEMENS,S30810-Q2036-X,LCC,,,,,
SIEMENS,S30810-Q2051-X,VCD,,,,,
SIEMENS,S30810-Q2052-X,SLMB,,,,,
SIEMENS,S30810-Q2092-X,TMEMW,,,,,
SIEMENS,S30810-Q2092-X000,TMEMW,,,,,
SIEMENS,S30810-Q2113-X100,QDCL,,,,,
SIEMENS,S30810-Q2114-X,MBU,,,,,
SIEMENS,S30810-Q2115-X,SLMU,,,,,
SIEMENS,S30810-Q2117-X,SLMS,,,,,
SIEMENS,S30810-Q2117-X000,SLMS,,,,,
SIEMENS,S30810-Q2120-X,LCS0,,,,,
SIEMENS,S30810-Q2120-X000,LCS0,,,,,
SIEMENS,S30810-Q2122-X,MTS,,,,,
SIEMENS,S30810-Q2128-X,LTUC,,,,,
SIEMENS,S30810-Q2129-X,NCG,,,,,
SIEMENS,S30810-Q2129-X100,NCG,,,,,
SIEMENS,S30810-Q2130-X,MIP,,,,,
SIEMENS,S30810-Q2130-X200,MIP2,,,,,
SIEMENS,S30810-Q2140-X,IOC,,,,,
SIEMENS,S30810-Q2150-X100,SLMB,,,,,
SIEMENS,S30810-Q2153-X,SLMQ,,,,,
SIEMENS,S30810-Q2153-X000,SLMQ,,,,,
SIEMENS,S30810-Q2153-X100,SLMQ,,,,,
SIEMENS,S30810-Q2161-X100,PROCESSORDSC80,,,,,
SIEMENS,S30810-Q2163-X,STMD2,,,,,
SIEMENS,S30810-Q2163-X000,,,,,,
SIEMENS,S30810-Q2163-X100,STMD2,,,,,
SIEMENS,S30810-Q2164-X000,LM016,,,,,
SIEMENS,S30810-Q2174-X,STMD,,,,,
SIEMENS,S30810-Q2174-X000,STMD,,,,,
SIEMENS,S30810-Q2185-X,DIUC,,,,,
SIEMENS,S30810-Q2187-X,SIUX2,,,,,
SIEMENS,S30810-Q2190-X,LBU,,,,,
SIEMENS,S30810-Q2193-X200,SCL24,,,,,
SIEMENS,S30810-Q2205-X,WAML,,,,,
SIEMENS,S30810-Q2205-X000,WAML,,,,,
SIEMENS,S30810-Q2209-X,DDCL,,,,,
SIEMENS,S30810-Q2210-X,DM80,,,,,
SIEMENS,S30810-Q2214-X,TMOM,,,,,
SIEMENS,S30810-Q2214-X000,TMOM,,,,,
SIEMENS,S30810-Q2214-X100,TMOM2,,,,,
SIEMENS,S30810-Q2217-X100,STMD3,,,,,
SIEMENS,S30810-Q2220-X100,DP486,,,,,
SIEMENS,S30810-Q2224-X000,MTSCG,,,,,
SIEMENS,S30810-Q2230-X100,DM3L,,,,,
SIEMENS,S30810-Q2230-X200,DM3L,,,,,
SIEMENS,S30810-Q2230-X500,Siemens DM3L,,,,,
SIEMENS,S30810-Q2231-X,SIUCO,,,,,
SIEMENS,S30810-Q2232-X,SIUCX,,,,,
SIEMENS,S30810-Q2234-X100,SICOE,,,,,
SIEMENS,S30810-Q2240-X,IOCSN,,,,,
SIEMENS,S30810-Q2246-X,,,,,,
SIEMENS,S30810-Q2250-X000,DP4L,,,,,
SIEMENS,S30810-Q2250-X100,DP4L,,,,,
SIEMENS,S30810-Q2250-X300,DP4L,,,,,
SIEMENS,S30810-Q2255-X,IOPAX,,,,,
SIEMENS,S30810-Q2260-X000,DM4L,,,,,
SIEMENS,S30810-Q2270-X100,DPC5,,,,,
SIEMENS,S30810-Q2271-X000,DMP5L,,,,,
SIEMENS,S30810-Q2292-X,TMEW2,,,,,
SIEMENS,S30810-Q2305-X35,NCUI2,,,,,
SIEMENS,S30810-Q2305-X5,NCUI2,,,,,
SIEMENS,S30810-Q2309-X,SF2X8,,,,,
SIEMENS,S30810-Q2310-X,HDMO,,,,,
SIEMENS,S30810-Q2313-X,MCM,,,,,
SIEMENS,S30810-Q2467-X,SLMA Station Line Module,,,,,
SIEMENS,S30810-Q514-X,PSC,,,,,
SIEMENS,S30810-Q580-X,TSM,,,,,
SIEMENS,S30810-Q581-X,LIL,,,,,
SIEMENS,S30810-Q582-X,LIS,,,,,
SIEMENS,S30810-Q586-X,SSM 16/16,,,,,
SIEMENS,S30810-Q587-X,SSM 8/15,,,,,
SIEMENS,S30810-Q606-X,TECOP,,,,,
SIEMENS,S30810-Q607-X103,M:TEM:LE,,,,,
SIEMENS,S30810-Q607-X3,TEM:LE,,,,,
SIEMENS,S30810-Q638-X,LIU,,,,,
SIEMENS,S30810-Q661-X1,SPMXA,,,,,
SIEMENS,S30810-Q708-X,DYM:SYPD,,,,,
SIEMENS,S30810-Q724-X1,GCG: LTGY,,,,,
SIEMENS,S30810-Q729-X1,MCAA,,,,,
SIEMENS,S30810-Q730-X1,MCAB,,,,,
SIEMENS,S30810-Q731-X1,GSC,,,,,
SIEMENS,S30810-Q732-X10,TOGA,,,,,
SIEMENS,S30810-Q732-X61,TOGA,,,,,
SIEMENS,S30810-Q738-X21,,,,,,
SIEMENS,S30810-Q741-X101,,,,,,
SIEMENS,S30810-Q742-X1,,,,,,
SIEMENS,S30810-Q743-X1,DCRC1,,,,,
SIEMENS,S30810-Q750-X2,SGC,,,,,
SIEMENS,S30810-Q751-X,LIM,,,,,
SIEMENS,S30810-Q758-X2,M:COM:SYPC,,,,,
SIEMENS,S30810-Q759-X,M:TXA:SYPC,,,,,
SIEMENS,S30810-Q760-X,RK/8410,,,,,
SIEMENS,S30810-Q760-X1,M:RM:EA,,,,,
SIEMENS,S30810-Q761-X,T/RM SYPC,,,,,
SIEMENS,S30810-Q762-X,M:IOC:SYPC,,,,,
SIEMENS,S30810-Q782-X,M:IOC:CPI,,,,,
SIEMENS,S30810-Q809-X201,BDCG,,,,,
SIEMENS,S30810-Q809-X202,M:BDCG,,,,,
SIEMENS,S30810-Q811-X1,M:LMEM,,,,,
SIEMENS,S30810-Q812-X3,LVMM,,,,,
SIEMENS,S30810-Q813-X,RGMG,,,,,
SIEMENS,S30810-Q813-X200,RGMG,,,,,
SIEMENS,S30810-Q815-X126,SLMA:COS,,,,,
SIEMENS,S30810-Q815-X201,SLMA:COS,,,,,
SIEMENS,S30810-Q837-X,SMXC,,,,,
SIEMENS,S30810-Q876-X,DIU 30D,,,,,
SIEMENS,S30810-Q876-X1,M:DIU30D,,,,,
SIEMENS,S30810-Q876-X101,M:DIU30D,,,,,
SIEMENS,S30810-Q876-X201,DIU 30F,,,,,
SIEMENS,S30810-Q877-X101,,,,,,
SIEMENS,S30810-Q883-X,,,,,,
SIEMENS,S30810-Q887-X102,M:CCGB,,,,,
SIEMENS,S30810-Q887-X2,M:CCGB,,,,,
SIEMENS,S30810-Q888-X4,M:CCG11A,,,,,
SIEMENS,S30810-Q900-X100,,,,,,
SIEMENS,S30810-Q900-X200,M:CDEX,,,,,
SIEMENS,S30810-Q913-X,CRM R2,,,,,
SIEMENS,S30810-Q913-X2,CRM R2++/01,,,,,
SIEMENS,S30810-Q913-X6,CRPC,,,,,
SIEMENS,S30810-Q913-X9,CRPC,,,,,
SIEMENS,S30810-Q923-X101,FTEM,,,,,
SIEMENS,S30810-Q930-X15,CPEX,,,,,
SIEMENS,S30810-Q930-X4,CPEX,,,,,
SIEMENS,S30810-Q931-X1,CPAC,,,,,
SIEMENS,S30810-Q931-X101,CPAC,,,,,
SIEMENS,S30810-Q932-X1,CPCC,,,,,
SIEMENS,S30810-Q933-X1,CPCL,,,,,
SIEMENS,S30810-Q934-X1,CPC IA,,,,,
SIEMENS,S30810-Q935-X1,CPC IB,,,,,
SIEMENS,S30810-Q936-X1,IOC IF,,,,,
SIEMENS,S30810-Q938-X,M:CCGD,,,,,
SIEMENS,S30810-Q939-X1,DARB,,,,,
SIEMENS,S30810-Q940-X,PIDAT,,,,,
SIEMENS,S30810-Q940-X3,PIDAT,,,,,
SIEMENS,S30810-Q941-X,PIADR,,,,,
SIEMENS,S30810-Q945-X,BCLK,,,,,
SIEMENS,S30810-Q946-X1,BCTI,,,,,
SIEMENS,S30810-Q947-X,MIAD,,,,,
SIEMENS,S30810-Q948-X1,CMIB,,,,,
SIEMENS,S30810-Q949-X,BBFR,,,,,
SIEMENS,S30810-Q950-X101,CARB,,,,,
SIEMENS,S30810-Q954-X,IOPMB,,,,,
SIEMENS,S30810-Q954-X100,M:IOPMB,,,,,
SIEMENS,S30810-Q954-X201,M:IOPMB,,,,,
SIEMENS,S30810-Q956-X1,IOP TA,,,,,
SIEMENS,S30810-Q956-X101,M:IOPTA,,,,,
SIEMENS,S30810-Q956-X201,M:IOPTA,,,,,
SIEMENS,S30810-Q959-X1,CMYD,,,,,
SIEMENS,S30810-Q960-X,CMYA,,,,,
SIEMENS,S30810-Q961-X2,CMYMP,,,,,
SIEMENS,S30810-Q962-X2,CMY1C,,,,,
SIEMENS,S30810-Q963-X100,CMY2C,,,,,
SIEMENS,S30810-Q967-X1,M:ALEX,,,,,
SIEMENS,S30810-Q968-X58,DLUC,,,,,
SIEMENS,S30810-Q968-X60,M:DLUC,,,,,
SIEMENS,S30810-Q968-X81,M:DLUC,,,,,
SIEMENS,S30810-Q969-X3,M:ATE:TM,,,,,
SIEMENS,S30810-Q975-X2,IK:DTD,,,,,
SIEMENS,S30813-Q100-X403,SLMA ITF,,,,,
SIEMENS,S30813-Q101-X301,SLMA ITM,,,,,
SIEMENS,S30813-Q101-X303,SLMA ITM,,,,,
SIEMENS,S30813-Q101-X403,SLMA ITM,,,,,
SIEMENS,S30813-Q104-X,M:AMUX,,,,,
SIEMENS,S30813-Q105-X1,M:TSIMA,,,,,
SIEMENS,S30813-Q106-X1,M.DIU240A,,,,,
SIEMENS,S30813-Q111-X1,SASCG,,,,,
SIEMENS,S30813-Q112-X1,M:DLUC30,,,,,
SIEMENS,S30813-Q112-X4,M:DLUC30,,,,,
SIEMENS,S30813-Q114-X1,M:DLUC:LDI,,,,,
SIEMENS,S30813-Q115-X,M:BDG,,,,,
SIEMENS,S30813-Q120-X101,,,,,,
SIEMENS,S30813-Q122-X1,M:ALEX,,,,,
SIEMENS,S30813-Q129-X3,,,,,,
SIEMENS,S30813-Q144-X302,M:IWE:HS,,,,,
SIEMENS,S30813-Q145-X1,M:ACCG,,,,,
SIEMENS,S30813-Q145-Y1,ACCG,,,,,
SIEMENS,S30813-Q146-X101,M:CCGES,,,,,
SIEMENS,S30813-Q147-X101,CCGED,,,,,
SIEMENS,S30813-Q150-X325,IOP-AUC2,,,,,
SIEMENS,S30813-Q164-X1,,,,,,
SIEMENS,S30813-Q165-X1,M:OCE:N,,,,,
SIEMENS,S30813-Q165-X101,OCE N,,,,,
SIEMENS,S30813-Q165-X301,M:OCE:N,,,,,
SIEMENS,S30813-Q170-X1,,,,,,
SIEMENS,S30813-Q174-X300,,,,,,
SIEMENS,S30813-Q190-X1,M:VPU:N,,,,,
SIEMENS,S30813-Q192-X6,,,,,,
SIEMENS,S30813-Q202-X801,M:MPUD,,,,,
SIEMENS,S30813-Q208-X801,M:MPUD,,,,,
SIEMENS,S30813-Q208-Y801,MPUD,,,,,
SIEMENS,S30813-Q208-Y901,MPUD,,,,,
SIEMENS,S30813-Q211-X1,M:SLMD QFB,,,,,
SIEMENS,S30813-Q211-X101,M:SLMD QFB,,,,,
SIEMENS,S30813-Q22-X1,SASCE,,,,,
SIEMENS,S30813-Q223-X1,,,,,,
SIEMENS,S30813-Q240-X100,SUB:MA,,,,,
SIEMENS,S30813-Q240-X200,MEMORY MODULE (Q244),,,,,
SIEMENS,S30813-Q241-X200,MEMORY MODULE,,,,,
SIEMENS,S30813-Q242-X101,M:PEXE,,,,,
SIEMENS,S30813-Q242-X102,M:PEXE,,,,,
SIEMENS,S30813-Q244-X101,M:CMYE,,,,,
SIEMENS,S30813-Q244-X401,M:CMYE,,,,,
SIEMENS,S30813-Q244-X501,M:CMYE,,,,,
SIEMENS,S30813-Q258-X,M:MDDE,,,,,
SIEMENS,S30813-Q258-X-2/01,M:MDDE,,,,,
SIEMENS,S30813-Q263-X,M:LILE,,,,,
SIEMENS,S30813-Q264-X,M:OFC,,,,,
SIEMENS,S30813-Q264-X100,M:OFC,,,,,
SIEMENS,S30813-Q264-X200,M:OFC,,,,,
SIEMENS,S30813-Q264-Y,,,,,,
SIEMENS,S30813-Q267-X2,M:ATCO,,,,,
SIEMENS,S30813-Q267-X3,,,,,,
SIEMENS,S30813-Q267-X6,M:ATCO,,,,,
SIEMENS,S30813-Q27-A204,GPNYD,,,,,
SIEMENS,S30813-Q27-A221,GPNYD,,,,,
SIEMENS,S30813-Q27-A248,GPNYD,,,,,
SIEMENS,S30813-Q27-A254,GPNYD,,,,,
SIEMENS,S30813-Q27-A273,GPNYD,,,,,
SIEMENS,S30813-Q27-A286,GPNYD,,,,,
SIEMENS,S30813-Q27-A2xx,GPNYD,,,,,
SIEMENS,S30813-Q27-A648,GPNYE,,,,,
SIEMENS,S30813-Q27-A659,GPNYE,,,,,
SIEMENS,S30813-Q27-A670,GPNYE,,,,,
SIEMENS,S30813-Q27-A686,GPNYE,,,,,
SIEMENS,S30813-Q27-A6xx,GPNYE,,,,,
SIEMENS,S30813-Q27-Ax,GPNYC,,,,,
SIEMENS,S30813-Q270-X801,M:MPUE,,,,,
SIEMENS,S30813-Q270-X901,M:MPUE,,,,,
SIEMENS,S30813-Q271-X801,M:MPUE,,,,,
SIEMENS,S30813-Q272-X801,M:MPUE,,,,,
SIEMENS,S30813-Q272-X901,,,,,,
SIEMENS,S30813-Q274-X801,M:MPUE,,,,,
SIEMENS,S30813-Q277-A113,GPPYF,,,,,
SIEMENS,S30813-Q277-A12,GPPYF,,,,,
SIEMENS,S30813-Q277-A212,GPPYG,,,,,
SIEMENS,S30813-Q277-A235,GPPYG,,,,,
SIEMENS,S30813-Q277-A268,GPPYG,,,,,
SIEMENS,S30813-Q277-A270,GPPYG,,,,,
SIEMENS,S30813-Q277-A286,GPPYG,,,,,
SIEMENS,S30813-Q277-A298,GPPYG,,,,,
SIEMENS,S30813-Q277-A2xx,GPPYG,,,,,
SIEMENS,S30813-Q277-A48,GPPYF,,,,,
SIEMENS,S30813-Q277-A568,GPPYH,,,,,
SIEMENS,S30813-Q277-A570,GPPYH,,,,,
SIEMENS,S30813-Q277-A5xx,GPPYH,,,,,
SIEMENS,S30813-Q277-Axx,GPPYF,,,,,
SIEMENS,S30813-Q278-A12,GPSF ,,,,,
SIEMENS,S30813-Q278-A212,GPSG,,,,,
SIEMENS,S30813-Q278-A2xx,GPSFG,,,,,
SIEMENS,S30813-Q278-A512,GPSFH,,,,,
SIEMENS,S30813-Q278-A568,M:GPSH,,,,,
SIEMENS,S30813-Q278-A5xx,GPSFH,,,,,
SIEMENS,S30813-Q278-A73,GPSF,,,,,
SIEMENS,S30813-Q278-B2xx,GPSG,,,,,
SIEMENS,S30813-Q278-B5xx,GPSG,,,,,
SIEMENS,S30813-Q28-A233,GPNLD,,,,,
SIEMENS,S30813-Q28-A286,GPNLD,,,,,
SIEMENS,S30813-Q28-A2xx,GPNLD,,,,,
SIEMENS,S30813-Q28-A670,GPNLE,,,,,
SIEMENS,S30813-Q28-A686,GPNLE,,,,,
SIEMENS,S30813-Q28-A6xx,GPNLE,,,,,
SIEMENS,S30813-Q280-X,M:SNOPT,,,,,
SIEMENS,S30813-Q280-X100,M:SNOPT,,,,,
SIEMENS,S30813-Q280-X200,M:SNOPT,,,,,
SIEMENS,S30813-Q280-Y,,,,,,
SIEMENS,S30813-Q292-X1,,,,,,
SIEMENS,S30813-Q298-X1,STMI:O(W),,,,,
SIEMENS,S30813-Q299-X,STMI:O(P),,,,,
SIEMENS,S30813-Q301-X,M:STMI:E(P),,,,,
SIEMENS,S30813-Q31-X1,M:COUC,,,,,
SIEMENS,S30813-Q315-X801,,,,,,
SIEMENS,S30813-Q317-X1,ETX24,,,,,
SIEMENS,S30813-Q322-X1,M:MH,,,,,
SIEMENS,S30813-Q323-X1,M:RSUC,,,,,
SIEMENS,S30813-Q328-X1,DEC480,,,,,
SIEMENS,S30813-Q336-X101,M:IOP:UNI2,,,,,
SIEMENS,S30813-Q366-X101,M:PHMC,,,,,
SIEMENS,S30813-Q370-A401,,,,,,
SIEMENS,S30813-Q373-A401,,,,,,
SIEMENS,S30813-Q374-A401,M:FPPLH,,,,,
SIEMENS,S30813-Q375-A401,FPPSH,,,,,
SIEMENS,S30813-Q380-X1,M:STMI(W),,,,,
SIEMENS,S30813-Q380-X101,M:STMI(W),,,,,
SIEMENS,S30813-Q381-X100,M:STMI(P),,,,,
SIEMENS,S30813-Q384-X100,M:STMI:OSX,,,,,
SIEMENS,S30813-Q388-X1,VSLP64,,,,,
SIEMENS,S30813-Q414-X1,M:PMUE,,,,,
SIEMENS,S30813-Q415-X901,M.MPUE,,,,,
SIEMENS,S30813-Q42-X100,MEMSUB32,,,,,
SIEMENS,S30813-Q42-X200,64mb Memory Module,,,,,
SIEMENS,S30813-Q426-X901,M:MPUF,,,,,
SIEMENS,S30813-Q480-X,SHMC,,,,,
SIEMENS,S30813-Q51-X1,SLMD:QFB,,,,,
SIEMENS,S30813-Q51-X101,,,,,,
SIEMENS,S30813-Q54-X1,MBDA,,,,,
SIEMENS,S30813-Q54-X3,MBDA,,,,,
SIEMENS,S30813-Q54-X4,MBDA,,,,,
SIEMENS,S30813-Q54-X5,M:MBDA,,,,,
SIEMENS,S30813-Q54-Y3,MBDA,,,,,
SIEMENS,S30813-Q55-X2,MBDC,,,,,
SIEMENS,S30813-Q55-X3,MBDC,,,,,
SIEMENS,S30813-Q55-X4,MBDC,,,,,
SIEMENS,S30813-Q55-X5,M:MBDC,,,,,
SIEMENS,S30813-Q55-Y2,MBDC,,,,,
SIEMENS,S30813-Q56-X1,M:MBDCG,,,,,
SIEMENS,S30813-Q57-X201,MBDH,,,,,
SIEMENS,S30813-Q57-X202,MBDH,,,,,
SIEMENS,S30813-Q57-X203,MBDH,,,,,
SIEMENS,S30813-Q57-X204,MBDH,,,,,
SIEMENS,S30813-Q57-X205,M:MBDH,,,,,
SIEMENS,S30813-Q57-Y203,,,,,,
SIEMENS,S30813-Q58-X4,M:MBDE,,,,,
SIEMENS,S30813-Q58-Y3,,,,,,
SIEMENS,S30813-Q59-X3,M:SLMA:ITFG,,,,,
SIEMENS,S30813-Q64-X,M:FOTX,,,,,
SIEMENS,S30813-Q64-X-5/01,M:FOTX,,,,,
SIEMENS,S30813-Q65-X1,M:SCR:SAF,,,,,
SIEMENS,S30813-Q70-X,LILD,,,,,
SIEMENS,S30813-Q71-X1,MUXC,,,,,
SIEMENS,S30813-Q71-X2,M:MUXC,,,,,
SIEMENS,S30813-Q71-X3,MUXC,,,,,
SIEMENS,S30813-Q72-X1,MATM,,,,,
SIEMENS,S30813-Q73-X1,MATC,,,,,
SIEMENS,S30813-Q74-X,OML,,,,,
SIEMENS,S30813-Q74-X200,OML,,,,,
SIEMENS,S30813-Q80-X401,M:MPUC,,,,,
SIEMENS,S30813-Q83-X401,MPUD,,,,,
SIEMENS,S30813-Q83-Y401,MPUD,,,,,
SIEMENS,S30813-Q83-Y801,MPUD,,,,,
SIEMENS,S30813-Q85-X801,M:MPUD,,,,,
SIEMENS,S30813-Q94-X1,ATE:N,,,,,
SIEMENS,S30813-Q97-X1,M:MH,,,,,
SIEMENS,S30813-Q98-X1,M:RSUC,,,,,
SIEMENS,S30814-Q327-B1,CTO HIBRIDO,,,,,
SIEMENS,S30817-S6041,Siemens Set 451 T8,,,,,
SIEMENS,S30817-S6043-A101,Siemens Set 451 T25FD Phone,,,,,
SIEMENS,S30817-S6051-B101,SET 551,,,,,
SIEMENS,S30817-S6071-B101,Siemens Set 751 T25FD Ultraset 751,,,,,
SIEMENS,S30817-S7402-A103-33,Openstage 40 SIP,,,,,
SIEMENS,S30817-S7504-A101,SIEMENS OPTIPOINT 600 OFFICE PHONE,,,,,
SIEMENS,S30861-D26-X,DCP:FTRAUV1,,,,,
SIEMENS,S30861-K146-X,M:IXLTV7,,,,,
SIEMENS,S30861-Q2015-X,COSA,,,,,
SIEMENS,S30861-Q2206-X,M COBA4P12V1,,,,,
SIEMENS,S30861-Q2207-X,M:COSA4P12V1,,,,,
SIEMENS,S30861-Q2209-X,COSA,,,,,
SIEMENS,S30861-Q351-X1,M:TDPCV9,,,,,
SIEMENS,S30861-Q362-X100,M:MEMT,,,,,
SIEMENS,S30861-Q366-X100,M:UBEX,,,,,
SIEMENS,S30861-Q368-X101,M. PPLDV3,,,,,
SIEMENS,S30861-Q370-X201,M:PLLH V2,,,,,
SIEMENS,S30861-Q4088-X,ACTP,,,,,
SIEMENS,S30861-Q413-X1,M-TRACV5,,,,,
SIEMENS,S30861-Q413-X107,M. TRACV5,,,,,
SIEMENS,S30861-Q414-X1,M:BSCIV4,,,,,
SIEMENS,S30861-Q415-X1,BSCIV4,,,,,
SIEMENS,S30861-Q416-X1,MSCIV2,,,,,
SIEMENS,S30861-Q429-X,M:QTLPV2,,,,,
SIEMENS,S30861-Q444-X1,AMC:HDD80,,,,,
SIEMENS,S30861-Q445-X,PWRSV3,,,,,
SIEMENS,S30861-Q462-X,M:PPXXV1,,,,,
SIEMENS,S30861-Q463-X,M:SNAPV1,,,,,
SIEMENS,S30861-Q466-X,M:PWRSV4,,,,,
SIEMENS,S30861-Q467-X,M:IXLTV7,,,,,
SIEMENS,S30861-Q475-X,TRACV7,,,,,
SIEMENS,S30861-Q483-X100,M:LIETV1,,,,,
SIEMENS,S30861-Q486-X,M:PPXXV2,,,,,
SIEMENS,S30861-Q492-X,M:MSB-M,,,,,
SIEMENS,S30861-Q494-X,M:MPCCV9,,,,,
SIEMENS,S30861-Q495-X,M:TDPCV9,,,,,
SIEMENS,S30861-Q499-X100,M:WARP,,,,,
SIEMENS,S30861-Q500-X100,SMACV3,,,,,
SIEMENS,S30861-Q511-X100,M:WARP-L,,,,,
SIEMENS,S30861-U2089-X,CUGV3,,,,,
SIEMENS,S30861-U2098-X,DUAMCO2REV3 ,,,,,
SIEMENS,S30861-U2099-X,DUAMCOG4G,,,,,
Siemens,S30861-U2422-X,DTMADV1,,,,,
Siemens,S30861-U2451-X,DTMADV2,,,,,
SIEMENS,S30861-U2463-X,,,,,,
SIEMENS,S30861-U4037-X,OVPTE1CFV1,,,,,
SIEMENS,S30861-U4038-X,ACTMFV1,,,,,
SIEMENS,S30861-U4084-X,DUAMCORTFV4,,,,,
Siemens,S30861-U4102-X,AC/DCV1,,,,,
Siemens,S30861-U4103-X,DCBCTRLDV1,,,,,
SIEMENS,S30861-U4124-X,TRXFV2,,,,,
SIEMENS,S30861-U4144-X,DUAMCORTFV7,,,,,
SIEMENS,S30861-U4162-X,DUAMCORETFV3,,,,,
Siemens,S30861-U4165-X,DTMARETFV3,,,,,
Siemens,S30861-U4166-X,DTMARETFV4,,,,,
SIEMENS,S30861-U4202-X,CC2E8V1,,,,,
SIEMENS,S30861-U423-X4,M:DK40V2,,,,,
SIEMENS,S30861-U4245-X,ACTCMFV2,,,,,
Siemens,S30861-U4250-X,DTMARETFV2,,,,,
SIEMENS,S30861-U4300-X,DUAMCORTFV8,,,,,
Siemens,S30861-U4317-X,DCBCTRLDV3,,,,,
SIEMENS,S30861-U719-X,M:DK40V3,,,,,
SIEMENS,S30861-U728-X,AMC:HDD80V2,,,,,
SIEMENS,S31043-K1101,SMC 100/48,,,,,
SIEMENS,S31043-K1106-X3,GR 60 6,,,,,
SIEMENS,S31043-K1150-X-2,E48/30 (60/25) WBRUG-FG0 GR40,,,,,
SIEMENS,S31043-K1300-X,GR60 48V / 120A,,,,,
SIEMENS,S31043-K1305-X,GR60 48V / 120A,,,,,
SIEMENS,S31043-K1307-X,REC/MOD 120AEGR60,,,,,
SIEMENS,S31043-K1310-X,GR60 D48/100,,,,,
SIEMENS,S31043-K1500-X-8,A60,,,,,
SIEMENS,S31043-Q1166-B100,FBG BASIS,,,,,
SIEMENS,S3118-D600-A240-03,0,,,,,
SIEMENS,S3118-D620-F110-03,0,,,,,
SIEMENS,S3118-K612-F111,BOTU desktop 1+1 SFP slot,,,,,
SIEMENS,S3118-Q433-B220-6,0,,,,,
SIEMENS,S32004-B113-X,F:ASN(E),,,,,
SIEMENS,S32004-B121-Y,FRAME,,,,,
SIEMENS,S32004-B122-X,F:SXCB,,,,,
SIEMENS,S32006-Q1014-X1,M:LIC:2A,,,,,
SIEMENS,S32006-Q1014-Y1,,,,,,
SIEMENS,S32006-Q1019-X1,M:AMXE,,,,,
SIEMENS,S32006-Q1019-X1-4/03,M:AMXE,,,,,
SIEMENS,S32006-Q1019-X101,M:AMXE,,,,,
SIEMENS,S32006-Q1019-Y1,,,,,,
SIEMENS,S32006-Q1022-X401,,,,,,
SIEMENS,S32006-Q1022-X403,M:ACCG,,,,,
SIEMENS,S32006-Q1022-Y403,,,,,,
SIEMENS,S32006-Q1027-X,M:MOD,,,,,
SIEMENS,S32006-Q1028-X,MOD,,,,,
SIEMENS,S32006-Q1028-Y,MOD,,,,,
SIEMENS,S32006-Q1032-X1,M:GMX:E,,,,,
SIEMENS,S32006-Q1032-Y1,GMX:E,,,,,
SIEMENS,S32006-Q1034-X1,M:ASMG,,,,,
SIEMENS,S32006-Q1065-X1,M:ALIB,,,,,
SIEMENS,S32006-Q1065-X101,M:ALIB,,,,,
SIEMENS,S32006-Q1065-Y1,ALIB,,,,,
SIEMENS,S32006-Q1078-X,FL9784,,,,,
SIEMENS,S32006-Q1126-X1,M:LIC:2A-P,,,,,
SIEMENS,S32006-Q1137-X401,M:LIC:155E-P,,,,,
SIEMENS,S32006-Q1146-X1,ASMG8/8,,,,,
SIEMENS,S32006-Q1146-Y1,M:ASMG8/8,,,,,
SIEMENS,S32006-Q1147-X1,ASMX,,,,,
SIEMENS,S32006-Q1147-X101,ASMX,,,,,
SIEMENS,S32006-Q1148-X1,M:LIC:TSC,,,,,
SIEMENS,S32006-Q1148-X201,M:LIC:TSC,,,,,
SIEMENS,S32006-Q1152-X1,M:A2BS,,,,,
SIEMENS,S32006-Q1158-X101,M:ACCG:A-P,,,,,
SIEMENS,S32006-Q1161-X1,M:ACCG,,,,,
SIEMENS,S32006-Q2070-X211,Attane i 210,,,,,
SIEMENS,S32007-U102-X200,FAN-BOX,,,,,
SIEMENS,S32007-U102-Y200,,,,,,
SIEMENS,S32007-U103-X100,FANTRAY,,,,,
SIEMENS,S32007-U107-X100,MDD,,,,,
SIEMENS,S32007-U107-X200,MDD,,,,,
SIEMENS,S32011-Q100-X,SNL,,,,,
SIEMENS,S32011-Q110-B800,OB,,,,,
SIEMENS,S32011-Q110-B801,OB,,,,,
SIEMENS,S32011-Q125-X101,SCU-R2,,,,,
SIEMENS,S32011-Q130-X100,ATIF,,,,,
SIEMENS,S32011-Q131-X,SLD 16 CS4,,,,,
SIEMENS,S32011-Q20-A200,OIS1;1550NM,,,,,
SIEMENS,S32011-Q20-A300,OIS1 1300NM,,,,,
SIEMENS,S32011-Q20-A301,OIS1,,,,,
SIEMENS,S32011-Q40-A100,OIS4,,,,,
SIEMENS,S32011-Q40-A200,OIS4,,,,,
SIEMENS,S32011-Q40-A300,OIS4,,,,,
SIEMENS,S32011-Q40-A400,OIS4,,,,,
SIEMENS,S32011-Q40-C200,OIS4; 1550nm,,,,,
SIEMENS,S32011-Q40-C300,OIS4;1300nm,,,,,
SIEMENS,S32011-Q60-A400,OIS16,,,,,
SIEMENS,S32011-Q60-C100,OIS16;1300nm,,,,,
SIEMENS,S32011-Q60-C300,OIS 16 1300NM,,,,,
SIEMENS,S32011-Q60-C400,OIS16: 1550nm,,,,,
SIEMENS,S32011-Q60-C452,OIS16;192.300THz; 1558 -983nm,,,,,
SIEMENS,S32011-Q60-C462,OIS16; 193 -300THz;1550 -918nm,,,,,
SIEMENS,S32011-Q80-B1,EIPS1,,,,,
SIEMENS,S32011-Q80-X,EIPS1,,,,,
SIEMENS,S32011-Q81-X,ALTU,,,,,
SIEMENS,S32011-Q82-X,EBSL,,,,,
SIEMENS,S32011-Q83-X,PSUTP,,,,,
SIEMENS,S32011-Q90-X,Clock Unit (CLL),,,,,
SIEMENS,S38228-Z1,CABLE,,,,,
SIEMENS,S38228-Z129,CABLE,,,,,
SIEMENS,S38228-Z130,CABLE,,,,,
SIEMENS,S38228-Z149,CABLE,,,,,
SIEMENS,S38228-Z153-A73,Cable,,,,,
SIEMENS,S38228-Z154,CABLE,,,,,
SIEMENS,S38228-Z155,CABLE,,,,,
SIEMENS,S38228-Z155-A10,Cable,,,,,
SIEMENS,S38228-Z155-A11,Cable,,,,,
SIEMENS,S38228-Z155-A12,Cable,,,,,
SIEMENS,S38228-Z155-A13,Cable,,,,,
SIEMENS,S38228-Z155-A14,Cable,,,,,
SIEMENS,S38228-Z155-A15,Cable,,,,,
SIEMENS,S38228-Z155-A16,Cable,,,,,
SIEMENS,S38228-Z162-A40,Cable,,,,,
SIEMENS,S38228-Z162-A56,Cable,,,,,
SIEMENS,S38228-Z162-A64,Cable,,,,,
SIEMENS,S38228-Z165,CABLE,,,,,
SIEMENS,S38228-Z172,CONNECTOR,,,,,
SIEMENS,S38228-Z172-A109,ONLY ONE CONNECTOR,,,,,
SIEMENS,S38228-Z172-A260,ONLY ONE CONNECTOR,,,,,
SIEMENS,S38228-Z180,CABLE,,,,,
SIEMENS,S38228-Z180-A40,,,,,,
SIEMENS,S38228-Z180-A48,CABLE,,,,,
SIEMENS,S38228-Z181,CABLE,,,,,
SIEMENS,S38228-Z188,CABLE,,,,,
SIEMENS,S38228-Z196,CABLE,,,,,
SIEMENS,S38228-Z196-A809,CABLE,,,,,
SIEMENS,S38228-Z199,CABLE,,,,,
SIEMENS,S38228-Z2,CABLE,,,,,
SIEMENS,S38228-Z350,CABLE,,,,,
SIEMENS,S38228-Z361,CABLE,,,,,
SIEMENS,S38228-Z364,CONNECTOR,,,,,
SIEMENS,S38228-Z371-A,LB01,,,,,
SIEMENS,S38228-Z371-A30,LB01,,,,,
SIEMENS,S38228-Z374,CABLE,,,,,
SIEMENS,S38228-Z374-A8-3,,,,,,
SIEMENS,S38228-Z375,CABLE,,,,,
SIEMENS,S38228-Z387,CONNECTOR,,,,,
SIEMENS,S38228-Z387-A1,CONNECTOR,,,,,
SIEMENS,S38228-Z387-A2,CONNECTOR,,,,,
SIEMENS,S38228-Z387-A3,CONNECTOR,,,,,
SIEMENS,S38228-Z391,CABLE,,,,,
SIEMENS,S38228-Z393,Power Adapter,,,,,
SIEMENS,S38228-Z399,CABLE,,,,,
SIEMENS,S38228-Z4,CABLE,,,,,
SIEMENS,S38228-Z401,CABLE,,,,,
SIEMENS,S38228-Z402,,,,,,
SIEMENS,S38228-Z407,LB03,,,,,
SIEMENS,S38228-Z407-A,LB03,,,,,
SIEMENS,S38228-Z44,CABLE,,,,,
SIEMENS,S38228-Z44-115,Cable,,,,,
SIEMENS,S38228-Z44-A48,Cable,,,,,
SIEMENS,S38228-Z52,CABLE,,,,,
SIEMENS,S38228-Z52-A813,,,,,,
SIEMENS,S38228-Z55,CABLE,,,,,
SIEMENS,S38228-Z56,CABLE,,,,,
SIEMENS,S38228-Z59,CABLE,,,,,
SIEMENS,S38228-Z623-A260,CABLE,,,,,
SIEMENS,S38228-Z623-A380,CABLE,,,,,
SIEMENS,S38228-Z623-B500,,,,,,
SIEMENS,S38228-Z630,CABLE,,,,,
SIEMENS,S38228-Z76,CABLE,,,,,
SIEMENS,S38228-Z87,CABLE,,,,,
SIEMENS,S38228-Z87-A32,Cable,,,,,
SIEMENS,S38228-Z87-A36,Cable,,,,,
SIEMENS,S38228-Z88,,,,,,
SIEMENS,S38228-Z88-A18,,,,,,
SIEMENS,S38228-Z88-A28,CABLE,,,,,
SIEMENS,S38228-Z88-A30,CABLE,,,,,
SIEMENS,S38228-Z88-A32,CABLE,,,,,
SIEMENS,S38228-Z88-A36,CABLE,,,,,
SIEMENS,S38228-Z88-A40,CABLE,,,,,
SIEMENS,S38228-Z88-A44,CABLE,,,,,
SIEMENS,S38228-Z89,CABLE,,,,,
SIEMENS,S38228-Z89-A36,Cable,,,,,
SIEMENS,S38228-Z89-A40,Cable,,,,,
SIEMENS,S38228-Z89-A44,Cable,,,,,
SIEMENS,S38228-Z89-A48,Cable,,,,,
SIEMENS,S38228-Z89-A52,Cable,,,,,
SIEMENS,S38228-Z89-A56,Cable,,,,,
SIEMENS,S38228-Z89-A60,Cable,,,,,
SIEMENS,S38228-Z89-A64,Cable,,,,,
SIEMENS,S38228-Z89-A85,Cable,,,,,
SIEMENS,S38228-Z89-A97,Cable,,,,,
SIEMENS,S38228-Z90,CABLE,,,,,
SIEMENS,S38228-Z92,CABLE,,,,,
SIEMENS,S38228-Z94,CABLE,,,,,
SIEMENS,S38228-Z95,CABLE,,,,,
SIEMENS,S42023-A822-A1,CMXII-2S,,,,,
SIEMENS,S42023-A840-A14,FAN UNIT,,,,,
SIEMENS,S42023-A861-B1,OMX2S2 Chassis,,,,,
SIEMENS,S42023-A862-S40,CABLE,,,,,
SIEMENS,S42023-A877-A1,COMPS,,,,,
SIEMENS,S42023-A889-S19,CABLE,,,,,
SIEMENS,S42023-A889-S20,CABLE,,,,,
SIEMENS,S42023-A890-A1,SMXLS2,,,,,
SIEMENS,S42023-D3505-A201,SMA4 Rack (Double Row),,,,,
SIEMENS,S42023-D3506-A201,SMA4 Rack (Single Row),,,,,
SIEMENS,S42023-D3520-A1,Anschlu? Feld,,,,,
SIEMENS,S42023-D3522-A1,SR-SMA1K,,,,,
SIEMENS,S42023-D3524-A1,BATTERY UNIT,,,,,
SIEMENS,S42023-D3525-A1,Power Supply UNIT,,,,,
SIEMENS,S42023-D5009-A100,SMA4s,,,,,
SIEMENS,S42023-D5014-A100,SURPASS hiT 7050,,,,,
SIEMENS,S42023-L5000-A2,SRL 64,,,,,
SIEMENS,S42023-L5001-A1,FAN SHELF,,,,,
SIEMENS,S42023-L5001-A10,FAN SHELF,,,,,
SIEMENS,S42023-L5014-A2,SR OCU 2.0_E,,,,,
SIEMENS,S42023-L5015-A300,SR1 MTS2 E,,,,,
SIEMENS,S42023-L5015-A400,SR2 MTS2 E,,,,,
SIEMENS,S42023-L5015-B300,SRS HIT7500 E,,,,,
SIEMENS,S42023-L5015-B400,SRD HIT7500 E,,,,,
SIEMENS,S42023-L5015-C300,HIT 7500 SR ETSI,,,,,
SIEMENS,S42023-L5016-A400,DCM TRAY 2 ETSI ,,,,,
SIEMENS,S42023-L5017-A300,Siemens HIT7500 Subrack,,,,,
SIEMENS,S42023-L5025-A1,MSI Chassis,,,,,
SIEMENS,S42023-L5027-C300,HIT 7500 DH ETSI,,,,,
SIEMENS,S42023-L5034-A1,SURPASS HIT 7030,,,,,
SIEMENS,S42023-L5035-A1,Surpass Hit 7030,,,,,
SIEMENS,S42023-L5051-A1,SURPASS hiT 7060 CHASSIS,,,,,
SIEMENS,S42023-L5051-A2,SURPASS hiT 7060 CHASSIS,,,,,
SIEMENS,S42023-L5056-A1,SURPASS HIT 7020,,,,,
SIEMENS,S42023-L5073-A1,CHASSIS (AC) 2X STM-4/1 + 8X E1/120 + 4X FE/L2,,,,,
SIEMENS,S42023-L5082-A100,SRS-1 ETSI SURPASS HIT 7300 ,,,,,
SIEMENS,S42023-L5082-C300,SURPASS HIT 7500,,,,,
SIEMENS,S42023-L5085-A1, SURPASS hiT 7030,,,,,
SIEMENS,S42023-L5086-A1,Earth Plate ,,,,,
SIEMENS,S42023-L5088-A1,SURPASShiT 7035,,,,,
SIEMENS,S42023-L5089-A1,SURPASS hiT 7025,,,,,
SIEMENS,S42023-L5094-A1,SURPASS hiT 7030,,,,,
SIEMENS,S42023-P362-A1,SIGNAL AND POWER DIST,,,,,
SIEMENS,S42023-P362-A5,Breaker Panel,,,,,
SIEMENS,S42024-A163-B1,,,,,,
SIEMENS,S42024-A1789-B101,CUA2,,,,,
SIEMENS,S42024-A1799-B302,LT0/NT,,,,,
SIEMENS,S42024-A1810-B1,LLA,,,,,
SIEMENS,S42024-A1872-B1,TPA BATTERY SUPERVSION,,,,,
SIEMENS,S42024-A1880-A1,PSR,,,,,
SIEMENS,S42024-D3506-A140,EI155,,,,,
SIEMENS,S42024-D3506-C102,EI 155,,,,,
SIEMENS,S42024-D3506-C302,EI 155F,,,,,
SIEMENS,S42024-D3507-A202,EI2P,,,,,
SIEMENS,S42024-D3507-C302,EI2W,,,,,
SIEMENS,S42024-D3508-A102,EI34,,,,,
SIEMENS,S42024-D3509-C102,M155,,,,,
SIEMENS,S42024-D3510-A102,OHA,,,,,
SIEMENS,S42024-D3510-A103,OHA,,,,,
SIEMENS,S42024-D3510-B103,OHA,,,,,
SIEMENS,S42024-D3511-C102,OI-155,,,,,
SIEMENS,S42024-D3512-A102,OI622,,,,,
SIEMENS,S42024-D3512-A302,OI622,,,,,
SIEMENS,S42024-D3512-B102,OI622,,,,,
SIEMENS,S42024-D3512-B202,OI 622,,,,,
SIEMENS,S42024-D3512-B302,OI 622,,,,,
SIEMENS,S42024-D3516-A102,SN,,,,,
SIEMENS,S42024-D3518-A140,FC3,,,,,
SIEMENS,S42024-D3559-C11,E-Working Card,,,,,
SIEMENS,S42024-D3559-C3,OIM-W,,,,,
SIEMENS,S42024-D3559-C4,OIM-W,,,,,
SIEMENS,S42024-D3559-D101,O-WORKING CARD,,,,,
SIEMENS,S42024-D3559-D111,EIM-W TRANSXPRESS SMA1K Electr,,,,,
SIEMENS,S42024-D3560-C1,O- PROTECTION CARD,,,,,
SIEMENS,S42024-D3560-C3,OIM-P,,,,,
SIEMENS,S42024-D3560-D101,OIM-P,,,,,
SIEMENS,S42024-D3560-D111,EOIM - P TRANSXPRESS SMA1K Ele,,,,,
SIEMENS,S42024-D3563-A1,OIM CP,,,,,
SIEMENS,S42024-D3563-B10,OI1310nm,,,,,
SIEMENS,S42024-D3564-A1,OIM14,,,,,
SIEMENS,S42024-D3564-A101,SMA1K-CP,,,,,
SIEMENS,S42024-D4268-A120,,,,,,
SIEMENS,S42024-D4270-A120,I/O PROCESSOR,,,,,
SIEMENS,S42024-D4282-A1,ZBE1,,,,,
SIEMENS,S42024-D5000-A100,EBSL,,,,,
SIEMENS,S42024-D5001-A100,EI2-42,,,,,
SIEMENS,S42024-D5003-A100,EIPS1D,,,,,
SIEMENS,S42024-D5004-A100,IPU16,,,,,
SIEMENS,S42024-D5005-A100,LTUF2,,,,,
SIEMENS,S42024-D5008-A300,OIS1D,,,,,
SIEMENS,S42024-D5009-C200,OIS 4D 1550NM,,,,,
SIEMENS,S42024-D5009-C300,OIS 4D,,,,,
SIEMENS,S42024-D5013-A100,SN64,,,,,
SIEMENS,S42024-D5022-A101,MCU,,,,,
SIEMENS,S42024-D5022-A120,MCU,,,,,
SIEMENS,S42024-D5022-A122,MCU,,,,,
SIEMENS,S42024-D5022-C101,MCU-MTS,,,,,
SIEMENS,S42024-D5022-C202,MCU-OCU(G),,,,,
SIEMENS,S42024-D5024-A120,OIS16-2D 1300nm,,,,,
SIEMENS,S42024-D5024-B421,OIS16-2D 193 -100THz;1552.524nm,,,,,
SIEMENS,S42024-D5058-A100,P3-3,,,,,
SIEMENS,S42024-L3299-B220,WDM-DX8,,,,,
SIEMENS,S42024-L5005-A3,SNL64-3,,,,,
SIEMENS,S42024-L5006-A1,CLL64,,,,,
SIEMENS,S42024-L5007-A1,LTU64,,,,,
SIEMENS,S42024-L5008-A2,EBSL64,,,,,
SIEMENS,S42024-L5009-A1,PSUTP64,,,,,
SIEMENS,S42024-L5010-B800,OP64,,,,,
SIEMENS,S42024-L5013-A2,FAN UNIT 01,,,,,
SIEMENS,S42024-L5014-A1,DCM64-80,,,,,
SIEMENS,S42024-L5014-A2,DCM64-80,,,,,
SIEMENS,S42024-L5024-A200,OMC,,,,,
SIEMENS,S42024-L5037-A100,VAC,,,,,
SIEMENS,S42024-L5045-A1,LTU,,,,,
SIEMENS,S42024-L5050-B800,OIS64 1550nm,,,,,
SIEMENS,S42024-L5050-B917,OIS64 1552.524nm,,,,,
SIEMENS,S42024-L5078-A1,FAN-UNIT,,,,,
SIEMENS,S42024-L5078-A107,FAN TRAY,,,,,
SIEMENS,S42024-L5081-A100,UDCMC100A,,,,,
SIEMENS,S42024-L5081-A20,UDCMC20A,,,,,
SIEMENS,S42024-L5081-A30,UDCMC30A,,,,,
SIEMENS,S42024-L5081-A50,UDCMC50A,,,,,
SIEMENS,S42024-L5081-A60,UDCMC60A,,,,,
SIEMENS,S42024-L5081-A70,UDCMC70A,,,,,
SIEMENS,S42024-L5081-A90,UDCMC90A,,,,,
SIEMENS,S42024-L5085-A401,TEX,,,,,
SIEMENS,S42024-L5085-A405,TEX,,,,,
SIEMENS,S42024-L5087-A1,FAN UNIT,,,,,
SIEMENS,S42024-L5087-B100,OLIIC,,,,,
SIEMENS,S42024-L5087-B101,OLIIC,,,,,
SIEMENS,S42024-L5087-B162,OLISINC,,,,,
SIEMENS,S42024-L5087-B422,OLITBNC,,,,,
SIEMENS,S42024-L5087-B701,OLITPC,,,,,
SIEMENS,S42024-L5087-B722,OLITPNC,,,,,
SIEMENS,S42024-L5087-C480,OLIVTBNC,,,,,
SIEMENS,S42024-L5087-C764,OLISTPNC,,,,,
SIEMENS,S42024-L5088-B100,PUMPA,,,,,
SIEMENS,S42024-L5090-A100,OMDFIC,,,,,
SIEMENS,S42024-L5090-A150,OMDFC,,,,,
SIEMENS,S42024-L5090-A700,OMD2IC / 6 port optic card,,,,,
SIEMENS,S42024-L5090-C100,OMDFIC,,,,,
SIEMENS,S42024-L5090-C150,OMDFC,,,,,
SIEMENS,S42024-L5099-A20,UDCMC20,,,,,
SIEMENS,S42024-L5099-A50,UDCM50,,,,,
SIEMENS,S42024-L5099-A70,UDCMC70,,,,,
SIEMENS,S42024-L5099-A80, BMNN604347,,,,,
SIEMENS,S42024-L5099-A90,UDCMC90,,,,,
SIEMENS,S42024-L5100-A100,OSCTUI,,,,,
SIEMENS,S42024-L5100-A300,SMU2,,,,,
SIEMENS,S42024-L5100-C101,OSCTUI,,,,,
SIEMENS,S42024-L5100-C111,OSCTUT,,,,,
SIEMENS,S42024-L5100-C300,SMU2,,,,,
SIEMENS,S42024-L5102-A120,OM20C3C4 Optical Interface Card,,,,,
SIEMENS,S42024-L5102-B122,OM20C3C4,,,,,
SIEMENS,S42024-L5103-A120,OD20C3C4,,,,,
SIEMENS,S42024-L5114-A10,UDCMC170N,,,,,
SIEMENS,S42024-L5114-A15,UDCMC255N,,,,,
SIEMENS,S42024-L5114-A20,UDCMC340N,,,,,
SIEMENS,S42024-L5114-A5,UDCMC85N,,,,,
SIEMENS,S42024-L5114-A8,UDCNC136N,,,,,
SIEMENS,S42024-L5124-A1,AIRFLOW GUIDE,,,,,
SIEMENS,S42024-L5124-A2,AIR FOLOW GUIDE,,,,,
SIEMENS,S42024-L5129-B10,UDCMC170H,,,,,
SIEMENS,S42024-L5129-B15,UDCMC170H,,,,,
SIEMENS,S42024-L5155-A100,OC192 OPT TRSPR MOD,,,,,
SIEMENS,S42024-L5155-A300,OCR10T-V3,,,,,
SIEMENS,S42024-L5156-A100,OCR10R-V3,,,,,
SIEMENS,S42024-L5160-A100,OIS16-2,,,,,
SIEMENS,S42024-L5160-A445,OIS16-2;192 -500THz;1557 -363nm,,,,,
SIEMENS,S42024-L5160-B401,OIS16-2 193;600THz;1548 -514nm,,,,,
SIEMENS,S42024-L5160-B413,OIS16-2 193;300THz;1550 -918nm,,,,,
SIEMENS,S42024-L5160-B417,OIS16-2 193 -200THz;1551 -720nm,,,,,
SIEMENS,S42024-L5160-B425,OIS16-2 193 -000THz;1553 -328nm,,,,,
SIEMENS,S42024-L5165-A2,Fan Unit,,,,,
SIEMENS,S42024-L5165-A3,Fan Unit ,,,,,
SIEMENS,S42024-L5181-C200,OCASC,,,,,
SIEMENS,S42024-L5210-C400,STM16 hiT7070,,,,,
SIEMENS,S42024-L5210-D100,IFS2G5B STM-16 BOARD,,,,,
SIEMENS,S42024-L5211-B100,IFQ622M,,,,,
SIEMENS,S42024-L5212-B100,IFO155M,,,,,
SIEMENS,S42024-L5216-A100,10/100BASETX CARD - 8 PORTS ,,,,,
SIEMENS,S42024-L5217-A100,IF2M,,,,,
SIEMENS,S42024-L5217-A200,IF2M,€0.0,$0.00,,,
SIEMENS,S42024-L5218-A100,LSU,,,,,
SIEMENS,S42024-L5218-A200,LSU,€0.0,$0.00,,,
SIEMENS,S42024-L5219-A100,SWITCH FABRIC (SF160G),,,,,
SIEMENS,S42024-L5222-A100,CLU,,,,,
SIEMENS,S42024-L5222-B100,CLU,,,,,
SIEMENS,S42024-L5223-B100.2, NOKIA SIEMENS SURPASS HIT 7070 STM-1 OPT INTFC CARD,€0.0,$0.00,,,
SIEMENS,S42024-L5223-B100.3,SCOH,€0.0,$0.00,,,
SIEMENS,S42024-L5223-B200,SCOH - Switch Fabric VC12,,,,,
SIEMENS,S42024-L5230-A100,VC-12 (SF10G) HIT 7070,,,,,
SIEMENS,S42024-L5232-A100,IFO 155M-E,,,,,
SIEMENS,S42024-L5233-A100,IFOFES-E,€0.0,$0.00,,,
SIEMENS,S42024-L5233-A100-5,S42024-L5233-A100,€0.0,$0.00,,,
SIEMENS,S42024-L5236-A100,LNQ622M,,,,,
SIEMENS,S42024-L5243-C700,OPAPC,,,,,
SIEMENS,S42024-L5250-C110,ODA10C1 - MULTIPLEX,,,,,
SIEMENS,S42024-L5250-C115,ODA10C2 - MULTIPLEX,,,,,
SIEMENS,S42024-L5250-C120,ODA10C3,,,,,
SIEMENS,S42024-L5250-C125,ODA10C4,,,,,
SIEMENS,S42024-L5251-C110,OM10C1 - MULTIPLEX,,,,,
SIEMENS,S42024-L5251-C115,OM10C2 - MULTIPLEX,,,,,
SIEMENS,S42024-L5251-C120,OM10C3,,,,,
SIEMENS,S42024-L5251-C125,OM10C4,,,,,
SIEMENS,S42024-L5253-E100,OCR10TLH2,,,,,
SIEMENS,S42024-L5255-C100,TEXLH2,,,,,
SIEMENS,S42024-L5259-B100,IFQ2G5B,,,,,
SIEMENS,S42024-L5269-A100,IF345M,,,,,
SIEMENS,S42024-L5288-C100,TEX V5,,,,,
SIEMENS,S42024-L5289-A300,OCR10T V5,,,,,
SIEMENS,S42024-L5289-D100,OCR10TV5B,,,,,
SIEMENS,S42024-L5289-D300,OCR10TV5B,,,,,
SIEMENS,S42024-L5300-A1,Surpass Hit 2x STM1 opt,,,,,
SIEMENS,S42024-L5302-A1,21 X E1 (75OHM),,,,,
SIEMENS,S42024-L5306-A1,3 X E3/DS3,,,,,
SIEMENS,S42024-L5314-B1,8 X FE/T,,,,,
SIEMENS,S42024-L5316-A1,6×FX/L2,,,,,
SIEMENS,S42024-L5318-A1,SYSTEM CONTROLLER,,,,,
SIEMENS,S42024-L5323-A1,8xE1+4xFE/C/T,,,,,
SIEMENS,S42024-L5345-A1,2xFE/A,,,,,
SIEMENS,S42024-L5348-A1,Surpass Hit 7030 Fan Tray,,,,,
SIEMENS,S42024-L5360-A1,SI PANEL,,,,,
SIEMENS,S42024-L5409-A1,2M Card - 63 x E1 (W/P),,,,,
SIEMENS,S42024-L5413-A80,UDCMBC80,,,,,
SIEMENS,S42024-L5418-A1,21 X E1/T1 (75 OHM),,,,,
SIEMENS,S42024-L5419-B1,21xE1/RT (120Ω),,,,,
SIEMENS,S42024-L5423-A100,FAN UNIT,,,,,
SIEMENS,S42024-L5423-A200,CFS-2 (FAN UNIT),,,,,
SIEMENS,S42024-L5424-A100,CCEP-1,,,,,
SIEMENS,S42024-L5424-A200,CCMP-1,,,,,
SIEMENS,S42024-L5424-A201,CCMP-1,,,,,
SIEMENS,S42024-L5424-B201,CCMP-2,,,,,
SIEMENS,S42024-L5425-A100,CCSP-1,,,,,
SIEMENS,S42024-L5426-A102,LILAC-1,,,,,
SIEMENS,S42024-L5426-A402,LALBC-1,,,,,
SIEMENS,S42024-L5427-A701,LAMPC-1,,,,,
SIEMENS,S42024-L5427-A702,LAMPC-1,,,,,
SIEMENS,S42024-L5428-A401,LASBC-1,,,,,
SIEMENS,S42024-L5430-A140,F04MDU-1 C07,,,,,
SIEMENS,S42024-L5430-A145,F04MDU-1 C08,,,,,
SIEMENS,S42024-L5430-A230,F04MDN-1 C05,,,,,
SIEMENS,S42024-L5430-A235,F04MDN-1/C06,,,,,
SIEMENS,S42024-L5430-A240,F04MDN-1 C07,,,,,
SIEMENS,S42024-L5430-A245,F04MDN-1 C08,,,,,
SIEMENS,S42024-L5431-A310,F08SB-1,,,,,
SIEMENS,S42024-L5432-A81,O08VA-1,,,,,
SIEMENS,S42024-L5433-A100,D1700SMF,,,,,
SIEMENS,S42024-L5433-A40,D0680SMF,,,,,
SIEMENS,S42024-L5433-A60,D1020SMF,,,,,
SIEMENS,S42024-L5433-A80,D1360SMF ,,,,,
SIEMENS,S42024-L5435-A100,I0T2G5-1,,,,,
SIEMENS,S42024-L5435-A101,I04T2G5-1,,,,,
SIEMENS,S42024-L5437-A101,I0T10G-1LH,,,,,
SIEMENS,S42024-L5437-A200,I01T10G-1 REGIO,,,,,
SIEMENS,S42024-L5443-A340,F16SB-1 RED,,,,,
SIEMENS,S42024-L5445-A40,D0680DCF,,,,,
SIEMENS,S42024-L5446-A1,SURPASS hiT 7035,,,,,
SIEMENS,S42024-L5449-A1,SYSTEM CONTROLLER HIT 7025/35,,,,,
SIEMENS,S42024-L5451-A1,Dummy Faceplate,,,,,
SIEMENS,S42024-L5453-A1,63 X E1 IO (120 ohms),,,,,
SIEMENS,S42024-L5454-A1,Dummy Faceplate,,,,,
SIEMENS,S42024-L5455-A1,Dummy Faceplate for short Card Slot - hiT 7025/35,,,,,
SIEMENS,S42024-L5456-A1,Dummy Faceplate,,,,,
SIEMENS,S42024-L5457-A1,Dummy Faceplate for short Paddle Slot - hiT 7025/35,,,,,
SIEMENS,S42024-L5458-A1,ST-CLOCK CARD,,,,,
SIEMENS,S42024-L5459-A1,CC+1x STM-4/1,,,,,
SIEMENS,S42024-L5469-A1,8 X FE/T,,,,,
SIEMENS,S42024-L5470-A1,SWITCH FABRIC - XCT [15/5G] w. STM-16/4,,,,,
SIEMENS,S42024-L5472-A1,1X GE/T,,,,,
SIEMENS,S42024-L5474-A1,Fan Unit,,,,,
SIEMENS,S42024-L5475-A1,Fan Unit Filter,,,,,
SIEMENS,S42024-L5477-A1,SURPASS HIT 7025  -48V DC Power Supply,,,,,
SIEMENS,S42024-L5479-A1,2M CARD - 21 X E1 (W/P),,,,,
SIEMENS,S42024-L5481-A1,21 X E1 IO (120 Ohm),,,,,
SIEMENS,S42024-L5484-A1,2 X STM-1,,,,,
SIEMENS,S42024-L5484-A2,2 X STM-1,,,,,
SIEMENS,S42024-L5487-A100,PL-1,,,,,
SIEMENS,S42024-L5488-A200,MCP4-1,,,,,
SIEMENS,S42024-L5488-A201,MCP4-1,,,,,
SIEMENS,S42024-L5490-A100,F40-1/5,,,,,
SIEMENS,S42024-L5492-B1,2 x STM-4/1,,,,,
SIEMENS,S42024-L5495-A1,8 X FE /L2 (4 X VC-4) CARD,,,,,
SIEMENS,S42024-L5495-B1,8 X FE /L2 B (4 X VC-4) B CARD,,,,,
SIEMENS,S42024-L5552-A100,SF160GCLU,,,,,
SIEMENS,S42024-L5585-A1,Switch Fabric - XCT (33G/10G) w. STM-16/-4/-1,,,,,
SIEMENS,S42024-L5600-A1,SCE (Enhanced System Controller) for HIT 7025/ 35,,,,,
SIEMENS,S42024-L5645-A200,CFS-4 (FAN PACK) ,,,,,
SIEMENS,S42024-L5858-A201,I04T40G-2/CQP,,,,,
SIEMENS,S42024-P122-B3,SUB-RACKONU120,,,,,
SIEMENS,S42024-P133-A3,Mounting Set,,,,,
SIEMENS,S42024-Z5028-A1,FAN UNIT,,,,,
SIEMENS,S42025-D3525-A1,EOW DAUGHTER CARD,,,,,
SIEMENS,S42025-D3526-A1,EXT 42x2MBIT/s,,,,,
SIEMENS,S42025-D3527-A1,SMA1K 1x34MB Access Extension,,,,,
SIEMENS,S42025-L5021-A2,Optical Attenuator,,,,,
SIEMENS,S42025-L5130-A1,STM-4 MODULE - (L4.2 80KM E-SFP),,,,,
SIEMENS,S42025-L5132-A1,1310NM 622M SFP TRANSCEIVER,,,,,
SIEMENS,S50010-F1076-A1,FAN SHELF,,,,,
SIEMENS,S50010-F1083-A1,FAN Unit,,,,,
SIEMENS,S50010-F1138-D1,F:SUB:BS:V3,,,,,
SIEMENS,S50010-M1070-A1,M:LU155:OL:V2,,,,,
SIEMENS,S50010-M1273-A1,M:CLU155:C,,,,,
SIEMENS,S50010-M1274-A1,UPL,,,,,
SIEMENS,S50010-M1295-A101,M:SUSHDSL:32,,,,,
SIEMENS,S50010-M1299-A101,M:CLU622NC:OS,,,,,
SIEMENS,S50010-M1302-A2,CLU,,,,,
SIEMENS,S50010-M1342-A101,M:UPL:A:FA,,,,,
SIEMENS,S50010-M1366-A101,M:SUADSL:64PX:IFX,,,,,
SIEMENS,S50010-M1367-A1,SUADSL,,,,,
SIEMENS,S50010-M1424-B101,M:SUADSL 64PXA:IFX,,,,,
SIEMENS,S50010-M1434-C1,SU-ADSL,,,,,
SIEMENS,S50010-M1465-A101,M:CLU622NC:OS:LH,,,,,
SIEMENS,S50010-M1498-B101,M:IUADSL:72P:IFX,,,,,
SIEMENS,S50028-B2038-A1,FAN MODULE,,,,,
SIEMENS,S50028-B3141-A3,M:FANG400:RN:2G:E,,,,,
SIEMENS,S50028-Q2030-A1,0,,,,,
SIEMENS,S50028-Q2602-A1,M:VPLUS-S72-POTS:E,,,,,
SIEMENS,S50028-Q3107-A2,POWER MODULE,,,,,
SIEMENS,S50043-Q28-X1,SMX2100 SHLF CONTR MOD,,,,,
SIEMENS,S50043-Q34-X,EC,,,,,
SIEMENS,S50043-Q35-X,M:SCE2IOA,,,,,
SIEMENS,S50043-Q40-X1,CPE-01,,,,,
SIEMENS,S50043-Q41-X,CP IO ADPTR,,,,,
SIEMENS,S50043-Q48-X1,DXM 2.5 01,,,,,
SIEMENS,S50043-Q48-X201,DXM2.5 01,,,,,
SIEMENS,S50043-Q58-X1,M:IPM4,,,,,
SIEMENS,S50043-Q79-X10,5x CPUs,,,,,
SIEMENS,S50043-U11-X,RG8702,,,,,
SIEMENS,S50043-U5-X,RG8708,,,,,
SIEMENS,S50043-U6-X,RG8716,,,,,
SIEMENS,S50202-M44-A1,RAM BANK,,,,,
SIEMENS,S7201-T6043-A101,UCO56V,,,,,
SIEMENS,S7201-T6823-A1,DCDC,,,,,
SIEMENS,S7221-T6011-A101,UOSTEP,,,,,
SIEMENS,S7243-T6010-A103,UFILTR,,,,,
SIEMENS,S7243-T6804-A1,PSFCB,,,,,
SIEMENS,S7258-T4822-A1,AB34,,,,,
SIEMENS,S7258-T4827-A1,AB140155,,,,,
SIEMENS,S7258-T4828-A1,DAB155,,,,,
SIEMENS,S7258-T4831-A1,AB2120,,,,,
SIEMENS,S7261-T6005-A12,DLPUL,,,,,
SIEMENS,S7261-T6005-A13,DLPU,,,,,
SIEMENS,S7261-T6825-A12,LPUL4,,,,,
SIEMENS,S7275-T6808-A1,ASU,,,,,
SIEMENS,S7275-T6809-A1,OHASU,,,,,
SIEMENS,S7289-T6804-A6,TPU2,,,,,
SIEMENS,S7289-T6805-A1,TPU34,,,,,
SIEMENS,S7289-T6816-A1,TPU45,,,,,
SIEMENS,S7315-R4042-A1,FRONT PANEL,,,,,
SIEMENS,S7329-T6806-A1,TSU,,,,,
SIEMENS,S7329-T6807-A1,ETMSU,,,,,
SIEMENS,S7329-T6810-A1,LS64,,,,,
SIEMENS,S7336-T6807-A1,TDU,,,,,
SIEMENS,S7336-T6812-A1,TD,,,,,
SIEMENS,S7344-T6008-A1,UP140M - PORT DACS V,,,,,
SIEMENS,S7344-T6008-A105,UP140M,,,,,
SIEMENS,S7344-T6008-M105,UP140M,,,,,
SIEMENS,S7344-T6011-A106,UPS1EL,,,,,
SIEMENS,S7513-T6800-A1,DPS,,,,,
SIEMENS,S7513-T6803-A1,LHU,,,,,
SIEMENS,S7513-T6803-A2,LHU,,,,,
SIEMENS,S7513-T6805-A1,PSCU,,,,,
SIEMENS,S7513-T6805-A2,PSCU,,,,,
SIEMENS,S7621-T6825-S1,lpul4,,,,,
SIEMENS,S9102-C6163-A2,UELABI,,,,,
SIEMENS,S9102-C6175-U1-A1,UFSGAV,,,,,
SIEMENS,S9102-C6295-A1,USEDSP,,,,,
SIEMENS,SH-0004000,XPRESSPASS 140HD SHELF,,,,,
SIEMENS,SMX4258-410,CABLE,,,,,
SIEMENS,SMX4258-411,CABLE,,,,,
SIEMENS,SMX4258-412,CABLE,,,,,
SIEMENS,SMX4258-413,CABLE,,,,,
SIEMENS,SMX4258-414,CABLE,,,,,
SIEMENS,SMX4258-415,CABLE,,,,,
SIEMENS,SMX4258-416,CABLE,,,,,
SIEMENS,SMX4258-46,CABLE,,,,,
SIEMENS,SMX4258-501,CABLE,,,,,
SIEMENS,SMX4258-503,CABLE,,,,,
SIEMENS,SMX4258-508,CABLE,,,,,
SIEMENS,SMX4258-510,CABLE,,,,,
SIEMENS,SP0000350,FAN UNIT,,,,,
SIEMENS,SV-R450460,SV,,,,,
SIEMENS,T555RU11.06,SRAL MOUNTING COUPLER,,,,,
SIEMENS,T555RU11.15,SRAL MOUNTING COUPLER,,,,,
SIEMENS,V23552-D8082-P501,Connector,,,,,
SIEMENS,V30122-Z1630-X2,HDD 36.7 GB,,,,,
SIEMENS,V30122-Z1877-X1,HDD 72.8GB,,,,,
SIEMENS,V30122-Z1877-X2,HDD 72.8 GB,,,,,
SIEMENS,V30122-Z4080-X1,HDD 73GB,,,,,
SIEMENS,V42251-C632,CABLE,,,,,
SIEMENS,V42256-R518-A50,CABLE,,,,,
SIEMENS,V42256-R520-A50,CABLE,,,,,
SIEMENS,V42256-R579,CABLE,,,,,
SIEMENS,V42256-R608-A50,ETHERNET 10BASET CABLE,,,,,
SIEMENS,V42256-R609-A50,CABLE,,,,,
SIEMENS,V42256-R610-A50,CABLE,,,,,
SIEMENS,V42256-R611-A50,CABLE,,,,,
SIEMENS,V42256-R612-A30,Cable,,,,,
SIEMENS,V42256-R613-A1,CABLE,,,,,
SIEMENS,V42256-R613-A25,Cable,,,,,
SIEMENS,V42256-R632-A25,Cable,,,,,
SIEMENS,V42256-R637-A50,CABLE,,,,,
SIEMENS,V42256-R638-A50,CABLE,,,,,
SIEMENS,V42256-R665-A1,CABLE,,,,,
SIEMENS,V42256-T34-E44,EQP (CONNECTOR A-B),,,,,
SIEMENS,V45466-D13-C15,CABLE,,,,,
SIEMENS,V50010-P1,Lastkompensation,,,,,
SIEMENS,V50017-U0792-K500,XFP Tunable DWDM 1550nm STM64,,,,,
SIEMENS,V50017-U3151-K500,2.67G CWDM 80km-1510nm-SMF,,,,,
SIEMENS,V50017-U320-K500,SFP TRANSCEIVER,,,,,
SIEMENS,V50017-U321-K500,40km 1310nm 155Mb/s,,,,,
SIEMENS,V50017-U323-K500,STM-1 MODULE S-1.1,,,,,
SIEMENS,V50017-U324-K500,SFP TRANSCEIVER,,,,,
SIEMENS,V50017-U330-K500,STM4 (S4.1 15KM - 1310 NM) SFP,,,,,
SIEMENS,V50017-U331-K500,STM-4 SFP L4.1,,,,,
SIEMENS,V50017-U340-K500,S-16 -1310NM-50KM- SFP,,,,,
SIEMENS,V50017-U360-K500,SFP TRANCEIVER,,,,,
SIEMENS,V50017-U362-K500,1000BASESX OPT. MODULE - HIT 70,,,,,
SIEMENS,ZM2304105,PMP 10.48 SIC,,,,,
SIGMA,SLC1D8H-C019-ER,,,,,,
SIMPLE,ALC-ATAFL-256JI-S,,,,,,
SKY,1129251,,,,,,
SKYLANE,SFP13010GE2D521,1310nm Gigabit Ethernet 1000 BASE-LX Dual Fibre LC Singlemode 10km,€230.0,$0.00,,,
SMART,CPG14212,,,,,,
SMART,SG9CF128HYA1I,,,,,,
SMC,720.3255,,,,,,
SMC,G6KIAR20,,,,,,
SMC,G6KIGR24,,,,,,
SMC,G8GBME02,,,,,,
SMC,G8KBL102,,,,,,
SMT,RTXM-191-400-C37,SFP,€0.0,$0.00,,,
SMT,TPP1XGDSOIZABE2G,SFP,€230.0,$0.00,,,
SMT,TRPAG1LXDBBS-HWS,SFP,€230.0,$0.00,,,
SOLID,HUW-XFP-10G-LR-SO,,,,,,
SONY,34-0918-06,,,,,,
SONY,EDM1300B,,,,,,
SONY,EDM2600B,,,,,,
SONY,EDM4800B,,,,,,
SONY,EDM650B,,,,,,
SONY,RMO-S551,,,,,,
SOPTO,SPGTP4321SC2DA,GPON OLT 1.25/2.5g Class C+,,,,,
SOPTO,SPT-PTT2-RS1,,,,,,
SOPTO,SPT-SFP+LR,,,,,,
SOPTO,SPTP131G10,,,,,,
SOU,SP-DR-IR1-CDFH,,,,,,
SOU,SPL-43-GB-BX-CDFM-AL,,,,,,
SOU,XP-MR-01-CDFC,,,,,,
SOURCE,SP-03-IR1-CDFH-AT,SFP,€230.0,$0.00,,,
SOURCE,SP-12-IR1-CDFH-AT,SFP,€230.0,$0.00,,,
SPIRENT,ACC-9002A,,,,,,
SPIRENT,CTL-9002A,,,,,,
SPIRENT,EDM-2003B,,,,,,
SPIRENT,S1250C1-VV,,,,,,
SPIRENT,SPT-9000A,,,,,,
STANDARD E,MUT-0481-209A,,,,,,
STEC,SLCF128L2AIU,,,,,,
STEC,SLUFD8GU2TUI,,,,,,
STRATOS,SPLC-20-4-1-B,,,,,,
SUM,034060278,,,,,,
SUM,1AB196350006,,,,,,
SUM,SCP6801-GL-AN,OC-3 STM1 IR-1 S-1.1,,,,,
SUM,SCP6808-H1-BNE,,,,,,
SUM,SCP6811-H1,,,,,,
SUM,SCP6814-GL-BNE,,,,,,
SUM,SCP6818-H1-BNE,,,,,,
SUM,SCP6828-H1-BNE,,,,,,
SUM,SCP6844-GL-BNE,,,,,,
SUM,SCP6862-H1-BNE,,,,,,
SUM,SCP6878-H1-BNE,SFP Optical Transceiver,,,,,
SUM,SCP6F12-E2-BWE,SCP6F12-E2-BWE,,,,,
SUM,SCP6F86-GL-CWH,MM.850n.1250.500m.C,,,,,
SUM,SCP6G02-GL-BWE,,,,,,
SUM,SCP6G28-H2-BNE,,,,,,
SUM,SCP6G62-H2-BNE,,,,,,
SUMITOMO,1AB194670004,SFP 155MBase Optical-3c/STM-1 IR LC - 15 Km - 1310NM,€230.0,$0.00,,,
SUMITOMO,1AB194670007,SFP OPTICAL SDH Optical SFP S-1.1DDMW,€230.0,$0.00,,,
SUMITOMO,S-1.1,SCP6801-A1-ZW,€0.0,$0.00,,,
SUMITOMO,S-1.1DDMW,SFP OPTICAL 1AB194670007,€230.0,$0.00,,,
SUMITOMO,S-16.1DDM,SFP,€0.0,$0.00,,,
SUMITOMO,SCP6801-A1-ZW,,,,,,
SUMITOMO,SCP6802-A1-ZW,S-4.1 // 1AB196360001,,,,,
SUMITOMO,SCP6802-H1-BNE,,,,,,
SUMITOMO,SCP6812-A1-ZW,,,,,,
SUMITOMO,SCP6861-H1-BNE,,,,,,
SUMITOMO,SCP6862-A1-ZW,,,,,,
SUMITOMO,SCP6894-A1-ZM,,,,,,
SUMITOMO,SCP6F02-H2-BNE,,,,,,
SUMITOMO,SCP6F03-A1-ZW,,,,,,
SUMITOMO,SCP6F08-A1-ZME,,,,,,
SUMITOMO,SCP6F44-GL-BWE,SFP,€230.0,$0.00,,,
SUMITOMO,SCP6F61-A1-ZWE,,,,,,
SUMITOMO,SCP6G44-A1-ZME,,,,,,
SUMITOMO,SCP6G44-H2-BWE,SFP,€0.0,$0.00,,,
SUMITOMO,SCP6G62-A1-ZWE,,,,,,
SUN,375-3301-01,SUN SFP,€5.8,$0.00,,,
SUN,375-3498-02,,,,,,
SUN,380-1020-02,,,,,,
SUN,7048479,,,,,,
SUN,80991,,,,,,
SUN,F541-4078,,,,,,
SUN,NETRAT20003003A,SERVER,€402.5,$0.00,,,
SUN,NETRAT20003003D,SERVER T2000 3003D GENERAL SERVICE INF,€876.2,$0.00,,,
SUPX,OGP4321-PSGB,GPON-OLTCLASS B+,,,,,
SYMMETR,0950-50301-01,,,,,,
Symmetricom,090-50201-112,GPS 2700 Module TimeProvider 2700,€1 -095.2,$0.00,,,
Symmetricom,090-50322-01,GPS Module TimeProvider5000,€5 -476.2,$0.00,,,
Symmetricom,090-50331-02,GPS 5000 Module Timeprovider5000 ,€5 -476.2,$0.00,,,
Symmetricom,990-13180-070,GPS Antenna 32-3372-00-01 ,€219.0,$0.00,,,
SYSTEM,9FJ066-039,,,,,,
SYSTEM,CA07068-B10900BA,,,,,,
SYSTEM,CA07173-B27100BB,,,,,,
TATA,TPSMR1,NETWORK BOARD,,,,,
TDK,FPS-S1U,PSU 1U RACK 3 SLOT FOR FPS1000 / TDK-LAMBDA,€328.6,$0.00,,,
TDK,FPS1000-48,Power Supply,€273.8,$0.00,,,
TDK,FPS3000-48/P,Lambda Rack Mount Power Supplies 1000W 48V 63A dat,€287.5,$0.00,,,
TECTROL,TC81D-1312,,,,,,
TEKELEC,PTI15548,,,,,,
TEKELEC,PTI1555A,,,,,,
TEKELEC,PTI1557A,,,,,,
TEKELEC,PTI1559-10-006,,,,,,
TEKTRONIX,119761101,600-050001 Board for TEKTRONIX Chassis,€575.0,$0.00,,,
TEKTRONIX,870005103,NETSCOUT LP2000-2 Board for TEKTRONIX Chassis,€328.6,$0.00,,,
TEKTRONIX,870005200,Board for HD1200 TEKRONIX,€821.4,$0.00,,,
TEKTRONIX,870005210,Board for TEKTRONIX Chassis,€821.4,$0.00,,,
TEKTRONIX,870005212,Board for TEKTRONIX Chassis,€821.4,$0.00,,,
TEKTRONIX,870029800,Board for TEKTRONIX Chassis,€219.0,$0.00,,,
TEKTRONIX,870054000,LPC200,€186.2,$0.00,,,
TEKTRONIX,870058100,FPC200,€109.5,$0.00,,,
TEKTRONIX,870092900,Board for TEKTRONIX Chassis,€109.5,$0.00,,,
TEKTRONIX,GEO-0068-03-001,Board for TEKTRONIX Chassis ,€241.0,$0.00,,,
TEKTRONIX,IAP320,Board,€575.0,$0.00,,,
TEKTRONIX,IAP420,Board,€2 -300.0,$0.00,,,
TEKTRONIX,LP-2000,Board,€219.0,$0.00,,,
TEKTRONIX,MPCHC0001Q,D5640-013,€273.8,$0.00,,,
TEKTRONIX,SW-1000,Board,€109.5,$0.00,,,
TELDAT,299B,,,,,,
TELDAT,817813,,,,,,
TELDAT,AT250-16F128R,,,,,,
TELDAT,CBRA-20B,,,,,,
TELDAT,TM-4F32RS-WI,,,,,,
TELINDUS,EO2996,,,,,,
TELINDUS,EO3816,,,,,,
TELLABS,81.86CDC1B00000-R5,,,,,,
TELLABS,81.86F8607FANMD-R6A,,,,,,
TELLABS,81.86F8630FANMD-R6,,,,,,
TELLABS,81.86IFC1A02024,,,,,,
TELLABS,81.86IFC1B02225-R5,,,,,,
TELLABS,81.86LE1T082242-R6,,,,,,
TELLABS,81.86LFETX82243-R6,,,,,,
TELLABS,81.86LSHD042245-R6,,,,,,
TELLABS,81.86ME1T242226-R6,,,,,,
TELLABS,81.86MGE0082208-R6,,,,,,
TELLABS,81.86MGEC082231-R6,,,,,,
TELLABS,81.86MS1042210-R6,,,,,,
TELLABS,81.86MS1A042210-R6,,,,,,
TELLABS,81.86MS1C042234-R6,,,,,,
TELLABS,81.86MS1CO12203-R5,,,,,,
TELLABS,81.86MS1P082020-R6,,,,,,
TELLABS,81.86P8607DCPWR-R6,,,,,,
TELLABS,81.86S-8605A-DC-R6B,8605 ACCESS SWITCH,,,,,
TELLABS,81.86S-8630-R6,,,,,,
TELLABS,81.86S8605ACCBA-R6D,,,,,,
TELLABS,81.86S8605DC48C-R6C,8605 ACCESS SWITCH,,,,,
TELLABS,81.86S8605DC4BC-R6A,,,,,,
TELLABS,81.86Z001GET100-R5,,,,,,
TELLABS,81.86Z001GSLX10-R5,,,,,,
TELLABS,81.T3100NCM-ST,,,,,,
TELLABS,81.V3100NCM-ST,,,,,,
TELLABS,81.V310ATL,,,,,,
TELLABS,82.86CDC1B00000-R5,,,,,,
TELLABS,82.V311AE13,,,,,,
TELLABS,83.T3100NCM-ST,,,,,,
TELLABS,ADPCM-10VF-M,,,,,,
TELLABS,CCU210,,,,,,
TELLABS,CM1032,,,,,,
TELLABS,CM1032-ST,,,,,,
TELLABS,CM3174-02-01,,,,,,
TELLABS,CM33120124,,,,,,
TELLABS,CM3344AAD148382,,,,,,
TELLABS,CM3383-0004-A,,,,,,
TELLABS,CM3388-08,,,,,,
TELLABS,CM3561-A,,,,,,
TELLABS,CM3563,,,,,,
TELLABS,CM3563-R6,,,,,,
TELLABS,CM3564,,,,,,
TELLABS,CM3564-R6,,,,,,
TELLABS,CM3565,,,,,,
TELLABS,CM3565-R6,,,,,,
TELLABS,CM3571,,,,,,
TELLABS,CM366301-01-01,,,,,,
TELLABS,CM3664-01-01,,,,,,
TELLABS,CM4056,,,,,,
TELLABS,CM4056-1,,,,,,
TELLABS,CMCC,,,,,,
TELLABS,CXU-A-216,,,,,,
TELLABS,CXU-M-212,,,,,,
TELLABS,E3C,,,,,,
TELLABS,EC-6221D,,,,,,
TELLABS,ESU,,,,,,
TELLABS,G703-120,,,,,,
TELLABS,G703-75,,,,,,
TELLABS,G703-75-4CH,,,,,,
TELLABS,G703-8M,,,,,,
TELLABS,GDH455,,,,,,
TELLABS,GMH220,GMH MODULE,,,,,
TELLABS,GMU-A,,,,,,
TELLABS,GMU450,,,,,,
TELLABS,GMX,,,,,,
TELLABS,HCE-2M-1P,,,,,,
TELLABS,OMH-A,,,,,,
TELLABS,PAU,,,,,,
TELLABS,PFU-A,,,,,,
TELLABS,PFU-A201,,,,,,
TELLABS,PFU-A-201,Power Supply,,,,,
TELLABS,PFU-B,,,,,,
TELLABS,PFU-B-225,Power Supply,,,,,
TELLABS,PFU-H,,,,,,
TELLABS,PS,,,,,,
TELLABS,QMH,G703-75-Q,,,,,
TELLABS,RFAN86300000010G,,,,,,
TELLABS,RFANAN00000020G,,,,,,
TELLABS,RLBA2225000011G,,,,,,
TELLABS,RLIA2210000010G,,,,,,
TELLABS,RLIO2208000012G,,,,,,
TELLABS,RTXM139-001-C44,TELLABS SFP TR-0001,,,,,
TELLABS,RXS-CD,,,,,,
TELLABS,RXS-S,,,,,,
TELLABS,SBU,,,,,,
TELLABS,SCU-210,,,,,,
TELLABS,SCU-H,,,,,,
TELLABS,SIM1,,,,,,
TELLABS,SIM1/4,,,,,,
TELLABS,SIMX1/4,,,,,,
TELLABS,SRX5K-SPC-4-15-320-D,,,,,,
TELLABS,STM-1-E,,,,,,
TELLABS,STM-1-SH-13-FC/SC,,,,,,
TELLABS,SXU-A,,,,,,
TELLABS,SXU-A212,,,,,,
TELLABS,SXU-B-218,,,,,,
TELLABS,SXU-C,,,,,,
TELLABS,SXU-C-212,,,,,,
TELLABS,TEX1PM75R,,,,,,
TELLABS,TR-0001,,,,,,
TELLABS,TR-0004,,,,,,
TELLABS,TR-0012,,,,,,
TELLABS,TR-0018-230,,,,,,
TELLABS,TR-0018-270,,,,,,
TELLABS,TR-0020-491,,,,,,
TELLABS,UC3560,,,,,,
TELLABS,UC4010-1,,,,,,
TELLABS,VCM-5T-A,,,,,,
TELLABS,ZFE30101/305,,,,,,
Tellabs ??,STM1/0C3,STM1/0C3-1-Port Channelised,€0.0,$0.00,,,
TELNET,200030702,AO STM-16 1+1,,,,,
TELNET,200030873,AO STM-16M 1+1 IP SAE,,,,,
TELNET,200030969,AO STM-4 MULTIRATE SAE,,,,,
TELNET,400020185,CHASIS CWDM V1 4U/48V,,,,,
TELNET,400020201,triSAE -48V,,,,,
TELNET,400020207,MUX/DEMUX WDM,,,,,
TELNET,400020208,MUX/DEMUX WDM,,,,,
TELNET,400020210,MUX/DEMUX WDM,,,,,
TELNET,400020211,MODULO MUX7DEMUX WDM,,,,,
TELNET,400020213,CHASIS CWDM V1 5u 220v,,,,,
TELNET,400020235,CHASIS miniSAE ,,,,,
TELNET,400020241,MUX/DEMUX WDM,,,,,
TELNET,400020242,MUX/DEMUX WDM,,,,,
TELNET,400020245,MUX/DEMUX WDM,,,,,
TELNET,400020251,COOLING FAN UNIT,,,,,
TELNET,400020309,CM100 COMPACTO IB,,,,,
TELNET,700030061,AO - 100 1+0 1550nm,,,,,
TELTONIKA,TELTONIKARUT950,Teltonika RUT950 4G/LTE Wlan Router,€328.6,$0.00,,,
TEOSCO,TEO-XFP-LR,1310NM DDM,,,,,
TIANSHUI,GSZ2-200S/DC48V,Tianshui GSZ2-200S/DC48V DC Contactor,€0.0,$0.00,,,
TONGYU,TDJ-90152018D-33FT0,Antenna,€0.0,$0.00,,,
TONGYU,TY-ICUB20,RET,€0.0,$0.00,,,
TONGYU,TYT-C122D001,DUAL BAND Combiner,€0.0,$0.00,,,
TOSHIBA,58-0138-01,AL13SXB300N,,,,,
TOSHIBA,CA07173-B200,300GB - 10K RPM - SAS - 2.5,,,,,
TP-LINK,TL-WR841N,300Mbps Wireless N Router,,,,,
TRAPEZE,ANT-1180R,ANTENNA,,,,,
TRAPEZE,MP-71,2.4 GHZ ACCESS POINT,,,,,
TRAPEZE,MX-2800,MOBILITY EXCHANGE MX-2800,,,,,
TRAPEZE,MX-2800-FAN,FAN UNIT,,,,,
TRAPEZE,MX-2800-PSU,TRPZ-PSU-120,,,,,
TRAPEZE,MX-400,MOBILITY EXCHANGE SWITCH,,,,,
TTAF,LC-LC-150MT-SM-TTAF,Optical Cable LC-LC-150MT-SM-TTAF SingleMode,€5 -750.0,$0.00,,,
Tubitak,501-06-II-1111,SRC155A 1+1 HSB ODU 7 GHz / Low1,€1 -150.0,$0.00,,,
Tubitak,501-06-II-1112,SRC155A 1+1 HSB ODU 7 GHz / Low2,€1 -150.0,$0.00,,,
Tubitak,501-06-II-1121,SRC155A 1+1 HSB ODU 7 GHz / High1,€1 -150.0,$0.00,,,
Tubitak,502-00-II-0001,SRC155A - 7 GHz TXRX Unit,€1 -150.0,$0.00,,,
Tubitak,502-00-II-0006,SRC155A DC-DC cEViRiCi 140W Board.,€1 -150.0,$0.00,,,
Tubitak,502-10-II-0002,SRC155A IF MODEM Board.,€1 -150.0,$0.00,,,
Tubitak,502-10-II-0005,SRC155A Control Board.,€1 -150.0,$0.00,,,
Tubitak,502-10-II-0009,SRC155A GE Interface Board.,€1 -150.0,$0.00,,,
Tubitak,520-06-03-0041,SRC155A - 7 GHz DIPLEXER-1 ( Low1/High1),€1 -150.0,$0.00,,,
Tubitak,520-06-03-0042,SRC155A - 7 GHz DIPLEXER-2 (Low2/High2),€1 -150.0,$0.00,,,
Tubitak,520-09-11-0003,SPDT RF Coaxial Switch (1+1 HSB Tx Switchingi,€1 -150.0,$0.00,,,
TURIN,905-0027-02,DS1-28P,,,,,
TURIN,905-0064-02,OC3-IR1-STM1-SH-8P,,,,,
TURIN,930-0010-01,TRA-16S-CHA,,,,,
TURKCELL,KRN-IAP-LX,IAP LX Appliance [AC Power] - with No License,€0.0,$0.00,,,
UBIQ,NSM3,NANO STATION M3,,,,,
UBIQ,PBM3,POWER BRIDGE M3,,,,,
UBIQ,UF-SM-1G-S,1.25Gb/s 3km DDM,,,,,
UNIGEN,UGB94BPH64H0S1-ER,SSD,,,,,
USROBOTICS,80-001312-03,CHASIS,,,,,
VAPEL,01070607,Vapel GIE4805S Power Supply Module,,,,,
VAPEL,02130923,GERM4815TVP,,,,,
VAPEL,GIE270-54A,SWITCHING Power Supply,,,,,
VAPEL,GIE4805S,SWITCHING Power Supply,,,,,
VAPEL,Q79V1.5,,,,,,
VARI,2102311MUQ,0,,,,,
VARI,2102350TV,0,,,,,
VARI,0280020067,0,,,,,
VARI,282501019A,0,,,,,
VARI,4030290,0,,,,,
VARI,607800003,0,,,,,
VARI,607820002,0,,,,,
VARI,85476136PL1400889-0056,0,,,,,
VARI,BAMS-1001086577,0,,,,,
VARI,BAMS-1001237715,0,,,,,
VARI,BAMS-1001237717,0,,,,,
VARI,BAMS-1001352946,0,,,,,
VARI,BAMS-1001431360,0,,,,,
VARI,BAMS-1001534485,0,,,,,
VARI,BAMS-1001826073,0,,,,,
VARI,BAMS-1001860077,0,,,,,
VARI,CAVIOTTICILC-LC/MM,0,,,,,
VARI,CP2725AC54Z,0,,,,,
VARI,DWDM-10G-XFP-80-37-AL,0,,,,,
VARI,FAB8020111/1,0,,,,,
VARI,FAB8020112/1,0,,,,,
VARI,FAN320H,0,,,,,
VARI,FANDITESTTSS100,0,,,,,
VARI,FANTRAY,0,,,,,
VARI,FTM-C012-LDG,0,,,,,
VARI,FTM-C012R-LDG,0,,,,,
VARI,J85480S-1L21,0,,,,,
VARI,MZ0Z000005,0,,,,,
VARI,MZ0Z000022,0,,,,,
VARI,PCA-6359,0,,,,,
VARI,SYS110243/1,0,,,,,
VARI,TRF5916AVLB000,0,,,,,
VARI,TSI-5310,0,,,,,
VARI,VARIPN,0,,,,,
VARI,WAN-2003A,0,,,,,
VARI,WEB1K8272015,0,,,,,
VARI,XFP-1001A,0,,,,,
VARI,XFP-1001B,0,,,,,
VARI,ZFP10118-1P1A,0,,,,,
VAYRIS,IL-II,INTERFACE CONVERTER AND 2-PORT,,,,,
VERACITY,VOR-ORM-XT,Transceptor CCTV Veracity,,,,,
VERO,136-011044G,DSTR-BOARD-ll,,,,,
VERTIV,BML440031/1,RECTIFIER,,,,,
VERTIV,BML440065/1,Rectifier R48-3200e,,,,,
VIASAT,RM4100N-010,SURFBEAM 2 SATELLITE MODEM,,,,,
VIASAT,X0101700A004-CNA,RT4000N-XXX,,,,,
WD,900-100-203,SSD-C01G-3500 - SILICONDRIVE 1GB PATA COMPACT FLASH DISK,,,,,
WD2E11FAN000,02121654,FAN 02E - HEAT EXCHANGER - HX02-20Dg,,,,,
WD2E21FAN,0212223,FAN 02G - HEAT EXCHANGER,,,,,
WD2M303PMU01,23310LYP,PMU11A HUAWEI Power Monitor Unit,,,,,
WD5M21383900,02310TQF,WD5M21383900-RRU3839forWCDMA2100M(2*60W),,,,,
WTD,1AB373110001,CWP151DDMB,,,,,
WTD,RTXM140-301-C37,L-1.2DDMW // 1AB194670006,,,,,
WTD,RTXM159-001-C37,S-4.1DDMW // 1AB196360005,,,,,
WTD,RTXM159-400,622M-1310NM-15KM-SM-ESFP,,,,,
WTD,RTXM167-522,GPON-OLTCLASS B+,,,,,
WTD,RTXM191-401,SM-10Km-1310-1.25G-C,,,,,
WTD,RTXM191-500,1.25G-1550nm-40Km-SM-ESFP,,,,,
WTD,RTXM191-507-C37,550M 850NM SFP,,,,,
WTD,RTXM191-550,3 WTD Transceiver Module RTXM191-550 1250m-550m-850nm-MM-ESFP,€230.0,$0.00,,,
WTD,RTXM191DD5-B,1.25G-1550NM-40KM-SM-ESFP,,,,,
WTD,RTXM192-450,2.488G-1310nm-15km-SM-ESFP,,,,,
WTD,RTXM192-466-C37,SFP,€230.0,$0.00,,,
WUHAN,RTXM191-404-C28,1250M-20KM-1310NM-SM,,,,,
WUHAN,RTXM192-400,1310NM ESFP,,,,,
WXZTE,WXTRPFC100S1,MM-550m-850-1.25G-C,,,,,
WXZTE,WXTRPGEAS1,SFP SM-10KM-1310-1.25G-C,,,,,
XENOPT,XXS31A-10LY-GR,10G XFP 1310NM 10KM,,,,,
XENYA,XXS31A-10LY-GC,10 G XFP 1310NM 10KM,,,,,
XPEECH,XSG8000-4S4P,XPEECH.Analog Voice Over IP Gateway,€76.7,$0.00,,,
ZHEJIANG D,ZLJM-200C/48A1.S,ZLJM-200C /48A1.S DC Contactor,€0.0,$0.00,,,
ZTE,0106869F01A,ELECTRICAL INTERFACE,,,,,
ZTE,0106871F01C,FAN UNIT,,,,,
ZTE,0106872F01C,FAN UNIT,,,,,
ZTE,033030100016,SM-10KM-1310-1.25G-C,,,,,
ZTE,033030100337,10G 1310NM 1.4KM SFP TRANSCEIV,,,,,
ZTE,044070200031,SPD - LA-FT1610 S5N2-SA,,,,,
ZTE,051603000030,DCPD6,,,,,
ZTE,052904000008,Universal Shielding Grounding Kit(VDE),,,,,
ZTE,056469000266,"Framework Type Grundin Kit 1/4""",,,,,
ZTE,122680030215,ZXMVC 8900 EMC 1009,,,,,
ZTE,129541931000,ESD,,,,,
ZTE,129541931001,CPPDU,,,,,
ZTE,129541931002,CPC,,,,,
ZTE,129542231000,UPSA,,,,,
ZTE,129553731001,B8200 GU360 PBA BBU,,,,,
ZTE,129692881077,ZXSDR B89698E/R8978 Engineering Acc,,,,,
ZTE,130000018804,ZXSDR B8200,,,,,
ZTE,130000019366,3G-FSCXPA,,,,,
ZTE,130000028871,ATCA SA (14U),,,,,
ZTE,130000028874,ATCA (14U) PUI,,,,,
ZTE,1506854A01A,FAN UNIT,,,,,
ZTE,180000059243,SITE ALARM MODULE,,,,,
ZTE,180000059247-PM3,Power Modul e 3 PM3 ,,,,,
ZTE,180000059416,RRU Engineering Cable (R8964/R8984E),,,,,
ZTE,180000231215,CCE1,,,,,
ZTE,180000231218,BPN2,,,,,
ZTE,180000286420,R8984E Installation Kit,,,,,
ZTE,20930GPWD_051005,BE-GPWD,,,,,
ZTE,20930SGEF_051201,BE-02GE-SFP-RJ45,,,,,
ZTE,20930SMPI_090200,BE-SMPI,,,,,
ZTE,20954FANT_050700,ZXUN B200,,,,,
ZTE,21900002155,ZXR105252,,,,,
ZTE,2682.5G_HDPU_080301,HDPU,,,,,
ZTE,268A2LAN_030800,,,,,,
ZTE,268CC_030700,,,,,,
ZTE,268EAPU_070200,EAPU,,,,,
ZTE,268ENPU_081001,ENPU,,,,,
ZTE,268NPA_080300,NPA,,,,,
ZTE,626123020900,RRU installation material,,,,,
ZTE,626480002200,Bolt Constant,,,,,
ZTE,6406809CO2A,DC PEM,,,,,
ZTE,6406857B02B,MF105,,,,,
ZTE,72309MDU_1_080102,MDU,,,,,
ZTE,72309MRU_E_090701,MRU,,,,,
ZTE,72309MRU-V_070902,MRU_V,,,,,
ZTE,72309MSCU_080102,SOMP,,,,,
ZTE,72309MSTU_K_070603,LMC,,,,,
ZTE,72309MSU_080101,MSU,,,,,
ZTE,72309PIMC_070503,PIMC,,,,,
ZTE,72309RIDC_070401,RIDC,,,,,
ZTE,72309RMDU_080102,RMDU,,,,,
ZTE,72309RMSCU_080102,RMSCU,,,,,
ZTE,72309RMSTU2_1_090201,RMSTU,,,,,
ZTE,72309RMSU_080101,RMSU,,,,,
ZTE,B8200,机框,,,,,
ZTE,BPK_e,8200基带,,,,,
ZTE,BPL1,BBU B8200 T100 Baseband BPL1 for UMTS WCDMA ,,,,,
ZTE,BPN0,8200基带,,,,,
ZTE,BPN1_A,8200基带,,,,,
ZTE,BPN1A,8200基带,,,,,
ZTE,BPN2,BPN2,,,,,
ZTE,BPQ0,8200基带,,,,,
ZTE,CC16B,Control&Clock board ,,,,,
ZTE,CC17B,Control&Clock board ,,,,,
ZTE,CCE1,CCE1,,,,,
ZTE,DS-01024084-003,Cable L2m RoH86,,,,,
ZTE,DS-95836-302,Cable L0.5m RoH86,,,,,
ZTE,DTIB0,ATCA板卡,,,,,
ZTE,FS3,8200基带,,,,,
ZTE,FS5,8200基带,,,,,
ZTE,G0502BA4_090400,BA22,,,,,
ZTE,G0502CDM_060501,,,,,,
ZTE,G0502CMM_060702,,,,,,
ZTE,G0502DL4_B_090706-C,OPBB1,,,,,
ZTE,G0502FCM_060206,FAN UNIT,,,,,
ZTE,G0502FCM_090800,FAN UNIT,,,,,
ZTE,G0502GES01_090501,GSWU,,,,,
ZTE,G0502NCDM_090100,NCDM,,,,,
ZTE,G0502NCMM_090200,NCMM,,,,,
ZTE,G0502NFCM_090201,FAN UNIT,,,,,
ZTE,G0502NPEMF_090201-A,CHASSIS POWER MODULE,,,,,
ZTE,G0502PEMF_060206,,,,,,
ZTE,G0502RGT_070402,RGT,,,,,
ZTE,G0502RSB12_090500,RSB12,,,,,
ZTE,G0502RSB13_090300,RSB13,,,,,
ZTE,G0502RSB13_090500,RSB13,,,,,
ZTE,G0502SBC23_090402,,,,,,
ZTE,G0502SBC31_090400,OPBA1,,,,,
ZTE,G0502SBC32_090400,DPBA2,,,,,
ZTE,G0502SBC33_090400,DPBX0,,,,,
ZTE,G0502SBC41_090504,OPBB1,,,,,
ZTE,G0502SBC42_090504-A,GPBB0,,,,,
ZTE,G0502SBC42_090504-C,GPBB0,,,,,
ZTE,G0502SBC44_090504-A,GPBX1,,,,,
ZTE,G0502SBC44_090504-C,GPBX1,,,,,
ZTE,G0502SW10_070403,SW10,,,,,
ZTE,G0502SW10_090501,SW10,,,,,
ZTE,G0502USCC_2_090302,SWBB1,,,,,
ZTE,G0502USCC_4_090302,SWBB1,,,,,
ZTE,G0505ECDM_090300,,,,,,
ZTE,G0505EFMB_090302,FAN UNIT,,,,,
ZTE,G0505EMSI_090201,DTIA0,,,,,
ZTE,G0505EPCB_090300,,,,,,
ZTE,G050EGBS_090201,BSWA0,,,,,
ZTE,H01001RGIM1_040405,RMNIC,,,,,
ZTE,H0101CHUB_040202,CHUB,,,,,
ZTE,H0101CLKG_040202,CLKG,,,,,
ZTE,H0101DTEC_040501,DTEC,,,,,
ZTE,H0101DTI_090201,DTI,,,,,
ZTE,H0101ETSN_060200,ETSN,,,,,
ZTE,H0101GUIM_060803,GUIM,,,,,
ZTE,H0101IWFB_040201,IWFB,,,,,
ZTE,H0101MNIC/2_060201,GIPI,,,,,
ZTE,H0101MNIC/3_090403,GIPI4,,,,,
ZTE,H0101MPX86/2_040704,SMP,,,,,
ZTE,H0101RBID_B_060200,RBID,,,,,
ZTE,H0101RCKG1_071200,,,,,,
ZTE,H0101RCKG2_071200,,,,,,
ZTE,H0101RDTB/2_051102,,,,,,
ZTE,H0101RGER_060701,RGER,,,,,
ZTE,H0101RGIM1_040405,,,,,,
ZTE,H0101RGUM_060801,,,,,,
ZTE,H0101RHCB_040502,,,,,,
ZTE,H0101RSPB/2_051103,RSPB,,,,,
ZTE,H0101RSVB_060200,RSVB,,,,,
ZTE,H0101RUIM_040503,,,,,,
ZTE,H0101SBCX_060202,SBCX,,,,,
ZTE,H0101SDTB/2_070401,ESDT,,,,,
ZTE,H0101TFI/2_060201,TFI,,,,,
ZTE,H0101UIM/2_060201,UIMC,,,,,
ZTE,H0101VTCD/2_060801,VTCD,,,,,
ZTE,PM3,PM3,,,,,
ZTE,R8964S2600,ZXSDR R8964 S2600,,,,,
ZTE,R8964S3500,R8964 S3500,,,,,
ZTE,R8984ES3500,ZXSDR R8984E S3500,,,,,
ZTE,RSB11_090300,,,,,,
ZTE,RSB11_090500,Craft Terminal,,,,,
ZTE,SA,ZTE MODULE,,,,,
ZTE,UBPG1,8200基带,,,,,
ZTE,UMP3c(OMM),Universal Management Processor 3c - also described as an Operations Management Module (OMM),,,,,
ZTE,V9200,机框,,,,,
ZTE,VSWd1,9200主控,,,,,
ZTE,WF820,ZTE WF820,,,,,
ZTE,WF820_ODU,Outdoor CPE,,,,,
ZTE,ZXA1000,,,,,,
ZTE,ZXCTN608-GF,ZXCTN608-GF,,,,,
ZTE,ZXD030S480,48V 30A Rectifier,,,,,
ZTE,ZXD1500,1500W 48V 30A switchmode rectifier module,,,,,
ZTE,ZXD2400,3000W 48V 50A rectifier module,,,,,
ZTE,ZXD3000,3000W 48V 50APower Supply,,,,,
ZTE,ZXD4000,4000W 48V 75A Rectifier,,,,,
ZTE,ZXIN10MS100,FAN UNIT,,,,,
ZTE,ZXMVC8900-MPU,MPU,,,,,
ZTE,ZXR105928E,EASY MAINTENNCE MPLS ROUTING SWITCH,,,,,
ZTE,ZXSDRR8862AS1800,Macro Radio Remote Unit,,,,,
ZTE,ZXSDRR8862AS2100,Macro Radio Remote Unit,,,,,
ZTE,ZXSDRR8862AS8500,Macro Radio Remote Unit,,,,,
ZTE,ZXSDRR8862AS9000,Macro Radio Remote Unit,,,,,
ZTE,ZXSDRR8872AS1800,Macro Radio Remote Unit.,,,,,
ZTE,ZXSDRR8872AS8500,Macro Radio Remote Unit.,,,,,
ZTE,ZXSDRR8881S9000,Macro Radio Remote Unit.,,,,,
ZTE,ZXSDRR8882S2100,48v 10A  RRU8882 Macro Radio Remote Unit,,,,,
ZTE,ZXUNICX,Intelligent Controller eXtensive,,,,,
ZTE,ZXUNUSPP,Universal Subscriber Profile Platform,,,,,
ZTE,ZXUNB200,BORDER GATEWAY,,,,,
ZTE,ZXV4000,CHASSIS,,,,,
ZTE,ZXWN,CABINET,,,,,
ZURNA,020184-001.D,NETWORK,€0.0,$0.00,,,
,03030LJY,03030LJY-Optix OSN 6800 WDM/OTN OSN6800 TN11RDU901 RDU9 9-port ROADM,€0.0,$0.00,,,
,101/BFF90116,ER_RBS_6302_KDU127176/1_101/BFF90116,,,,,
,18419-01,Standard Coupling Unit SCF-0301-LAN,,,,,
,2200-82948-013,ASSY - TOP - RPCS 1800 - 3X MERIDIAN,,,,,
,293765-001,DUAL 1.9GHZ 4U SERVER,,,,,
,305BFL901009,ER_MISC-GABIN_G/W/L_6601_305BFL901009,,,,,
,350_24T_4G,350_24T_4G-Eu 24 Port Managed Gigabit Switch,€0.0,$0.00,,,
,400A60MV05,Shunt 400A 60mV 0 -5,,,,,
,656590-B21,HP FLEX 10 10GB 2P 530FLB ADPTR,,,,,
,740-038291,1GB SFP SR TRANSCEIVER JUNIPER,,,,,
,800460-00-09,10927 SUMMIT 550 W AC PSU BF,,,,,
,843374-425,HPE DL360 GEN9 E5-2620V4 1P 16G SERVER,,,,,
,88-8010-01,TELEPRESENCE MSE 8010 CTI-8010-FAN TRAY FOR MSE 8000,,,,,
,88-8050-01,MSE 8050 SYSTEM MANAGEMENT AND CONFIGURATION CARD FOR THE MSE 8000,,,,,
,88-8321-01,CODIAN TELEPRESENCE ISDN GW MSE 8321,,,,,
,88-8510-02,TELEPRESENCE MCU MSE 8510 - BRIDGE - GigE - PLUG IN MODULE,,,,,
,9RZ162-003,"250GB 7.2K RPM 64MB 6G SATA 15mm 2.5"" Hard Drive",,,,,
,9RZ162-047,INTERNAL HARD DRIVE DISK,,,,,
,9RZ162-175,Seagate Constellation.2 250GB 7200RPM SATA 6Gbps 64MB Cache 2.5-inch Internal Hard Drive,,,,,
,AR8101BLK,rack accessory Blank panel,,,,,
,ASR1001,CISCO ASR1001 System -Crypto -4 built-in GE,,,,,
,ASR1004,CISCO ASR1004 Chassis,,,,,
,B12000-01,SIAE AL Chassis Back Plane,,,,,
,B12000-02,SIAE AL Chassis Back Plane,,,,,
,B60021,SIAE AGS-20-L SUBRACK,,,,,
,BACTW-CPE-10K,BAC 10000 DEVICE SERVER LICENSE,,,,,
,BCE12812-DC,BCE12812-DC-DC assembly Chassis 12800 ENGINE,€0.0,$0.00,,,
,BD502A,HP iLO Advanced License (1 server - 3 year),,,,,
,BRD2075G-L0,RTM ISDN MODULE FOR FOR RMX CHASSIS,,,,,
,BRD2114E-L0,RTM IP,,,,,
,BRD2202B-L0,RTM IP PLUS,,,,,
,BRD2203B-L0,FSM 4000 MODULE FOR FOR RMX CHASSIS,,,,,
,BRD2205B-L0,CNTL 4000 - IP CARD,,,,,
,BRD2217A-L0,RTM LAN,,,,,
,BRD2506A-LO,MPMx-D30HD,,,,,
,BW930-A,508mm Air Flow Optimization Kit,,,,,
,C30403.000,FP2 48V 12KW 1X230V 4AC BD,,,,,
,CTL6200-200D-G,SYNCBOX-U 1V3,,,,,
,CVR-X2-SFP10G,X2 TO SFP+ ADAPTOR MODULE,,,,,
,CWS-111,CWS-111 CONVERGED WIRELESS SYSTEM ACCESS NODE,,,,,
,D-SBR3921,REPEATER - SINGLE-BAND 2100MHZ - 39DBM - 90DB GAIN PER BAND - 8 FILTERS WITH GPRS MODEM,,,,,
,D-SBR-3021,AXELL3021D 2100Mhz Digital Channel Selective Repeater,,,,,
,D12035-02,SIAE AL Line Interface Module,,,,,
,D12035-03,SIAE AL Line Interface Module,,,,,
,D12037,SIAE AL Radio Interface Module,,,,,
,DKSX2-188,DOMINION DKSX2-188 8 KVM PORT REMOTE MANAGEMENT SWITCH,,,,,
,E10S,E10S003,,,,,
,E14F05P23,DOUBLE DIPLEXER 18-21/26 DC1 4.3-10,,,,,
,E15S02P71,Dual Band Tower Mounted Amplifier - 1800//2600 MHz - 12 dB - 2 BTS &2 ANT ports - AISG with 1 RET connector (2 devices with 2 sub-units each),,,,,
,E5Y34A,HPE OV 3YR 24X7 SUPPLY PHYSICAL 1 SERVER LICENSE,,,,,
,EX2200-24T-4G,EX 2200 -24-port 10/100/1000BaseT With 4 SFP uplink Ports (optics not inc),,,,,
,GA9002,AL 18 GHZ ODU 2L 18.0425 - 18.3715 GHZ,,,,,
,GA9002-03,AL 18 GHZ ODU 2L 18.0425 - 18.3715 GHZ,,,,,
,GA9003,AL 18 GHZ ODU 2H 19.0525 - 19.3815 GHZ,,,,,
,GA9003-03,AL 18 GHZ ODU 2H 19.0525 - 19.3815 GHZ,,,,,
,GA9004,AL 18 GHZ ODU 3L 18.3505 - 18.6795 GHZ,,,,,
,GA9004-03,AL 18 GHZ ODU 3L 18.3505 - 18.6795 GHZ,,,,,
,GA9005,AL 18 GHZ ODU 3H 19.3605 - 19.6895 GHZ,,,,,
,GA9005-03,AL 18 GHZ ODU 3H 19.3605 - 19.6895 GHZ,,,,,
,GA9016,AL 38 GHZ ODU 2L 37.618 - 38.178 GHZ,,,,,
,GA9016-03,AL 38 GHZ ODU 2L 37.618 - 38.178 GHZ,,,,,
,GA9017,AL 38 GHZ ODU 2H 38.878 - 39.438 GHZ,,,,,
,GA9017-03,AL 38 GHZ ODU 2H 38.878 - 39.438 GHZ,,,,,
,GA9018,AL 13 GHZ ODU 1L 12.751 - 12.835 GHZ,,,,,
,GA9018-03,AL 13 GHZ ODU 1L 12.751 - 12.835 GHZ,,,,,
,GA9019,AL 13 GHZ ODU 1H 13.017 - 13.101 GHZ,,,,,
,GA9019-03,AL 13 GHZ ODU 1H 13.017 - 13.101 GHZ,,,,,
,GA9020,AL 13 GHZ ODU 2L 12.835 - 12.919 GHZ,,,,,
,GA9021,AL 13 GHZ ODU 2H 12.835 - 12.919 GHZ,,,,,
,GA9056,AL 7 GHZ ODU 1L 7.4245 - 7.4805 GHZ,,,,,
,GA9056-03,AL 7 GHZ ODU 1L 7.4245 - 7.4805 GHZ,,,,,
,GA9057,AL 7 GHZ ODU 1H 7.5855 - 7.6415 GHZ,,,,,
,GA9057-03,AL 7 GHZ ODU 1H 7.5855 - 7.6415 GHZ,,,,,
,GA9058,AL 7 GHZ ODU 2L 7.4665 - 7.5225 GHZ,,,,,
,GA9058-03,AL 7 GHZ ODU 2L 7.4665 - 7.5225 GHZ,,,,,
,GA9059-03,AL 7 GHZ ODU 2H 7.6275 - 7.6835 GHZ,,,,,
,GA9060,AL 7 GHZ ODU 3L 7.5085 - 7.5645 GHZ,,,,,
,GA9060-01,AL 7 GHZ ODU 3L 7.5085 - 7.5645 GHZ,,,,,
,GA9060-03,AL 7 GHZ ODU 3L 7.5085 - 7.5645 GHZ,,,,,
,GA9061,AL 7 GHZ ODU 3H 7.6695 - 7.7725 GHZ,,,,,
,GA9061-01,AL 7 GHZ ODU 3H 7.6695 - 7.7725 GHZ,,,,,
,GA9061-03,AL 7 GHZ ODU 3H 7.6695 - 7.7725 GHZ,,,,,
,GAI0002-3,SIAE AL IDU 16E1,,,,,
,GAI0002-4,SIAE AL IDU 16E1,,,,,
,GAI0002-5,SIAE AL IDU 16E1,,,,,
,GAI0128,ALCplus IDU,,,,,
,GAI0162,ALCplus2 Early,,,,,
,GAI0162-1,ALCplus2 Version 1 (No Power Supply Fail Alm),,,,,
,GAI0162-3,ALCplus2 Version 3 (integ Power Supply Fail Alm),,,,,
,GAI0181,ALCplus2e 2xSTM-1/16E1,,,,,
,GAI0234-3,AGS-20 4IF+16E1,,,,,
,GE3500-42,ASNK 6L GHz ODU 1L 5900.70-5989.70 MHz,,,,,
,GE3500-52,ASNK 6L GHz ODU 1L 5900.70-5989.70 MHz,,,,,
,GE3501-42,ASNK 6L GHz ODU 1H 6152.74-6241.74 MHz,,,,,
,GE3501-52,ASNK 6L GHz ODU 1H 6152.74-6241.74 MHz,,,,,
,GE3502-42,ASNK 6L GHz ODU 2L 5960.00-6049.00 MHz,,,,,
,GE3502-52,ASNK 6L GHz ODU 2L 5960.00-6049.00 MHz,,,,,
,GE3503-42,ASNK 6L GHz ODU 2H 6212.04-6301.04 MHz,,,,,
,GE3503-52,ASNK 6L GHz ODU 2H 6212.04-6301.04 MHz,,,,,
,GE3504-42,ASNK 6L GHz ODU 3L 6019.30-6108.30 MHz,,,,,
,GE3504-52,ASNK 6L GHz ODU 3L 6019.30-6108.30 MHz,,,,,
,GE3505-42,ASNK 6L GHz ODU 3H 6271.34-6360.34 MHz,,,,,
,GE3505-52,ASNK 6L GHz ODU 3H 6271.34-6360.34 MHz,,,,,
,GE3506-42,ASNK 6L GHz ODU 4L 6078.625-6167.575 MHz,,,,,
,GE3506-52,ASNK 6L GHz ODU 4L 6078.625-6167.575 MHz,,,,,
,GE3507-42,ASNK 6L GHz ODU 4H 6330.665-6419.615 MHz,,,,,
,GE3507-52,ASNK 6L GHz ODU 4H 6330.665-6419.615 MHz,,,,,
,GE3508-42,ASNK 6U GHz ODU 1L 6440.00-6560.00 MHz,,,,,
,GE3508-52,ASNK 6U GHz ODU 1L 6440.00-6560.00 MHz,,,,,
,GE3509-42,ASNK 6U GHz ODU 1H 6780.00-6900.00 MHz,,,,,
,GE3509-52,ASNK 6U GHz ODU 1H 6780.00-6900.00 MHz,,,,,
,GE3510-42,ASNK 6U GHz ODU 2L 6560.00-6680.00 MHz,,,,,
,GE3510-52,ASNK 6U GHz ODU 2L 6560.00-6680.00 MHz,,,,,
,GE3511-42,ASNK 6U GHz ODU 2H 6900.00-7020.00 MHz,,,,,
,GE3511-52,ASNK 6U GHz ODU 2H 6900.00-7020.00 MHz,,,,,
,GE3512-42,ASNK 6U GHz ODU 3L 6640.00-6760.00 MHz,,,,,
,GE3512-52,ASNK 6U GHz ODU 3L 6640.00-6760.00 MHz,,,,,
,GE3513-42,ASNK 6U GHz ODU 3H 6980.00-7100.00 MHz,,,,,
,GE3513-52,ASNK 6U GHz ODU 3H 6980.00-7100.00 MHz,,,,,
,GE3514-42,ASNK 6U GHz ODU 2L 6520.00-6640.00 MHz,,,,,
,GE3514-52,ASNK 6U GHz ODU 2L 6520.00-6640.00 MHz,,,,,
,GE3515-42,ASNK 6U GHz ODU 4H 6860.00-6980.00 MHz,,,,,
,GE3515-52,ASNK 6U GHz ODU 4H 6860.00-6980.00 MHz,,,,,
,GE3548-52,ASNK 7.5 GHz ODU 3L 7508.5-7564.5 MHz,,,,,
,GE3549-52,ASNK 7.5 GHz ODU 3H 7669.5-7725.5 MHz,,,,,
,GE3586-52,ASNK 8 GHz ODU 3L 7732.875-7821.825 MHz,,,,,
,GE3587-52,ASNK 8 GHz ODU 3H 8044.195-8133.145 MHz,,,,,
,GE3588-52,ASNK 8 GHz ODU 4L 7836.0-7596.0 MHz,,,,,
,GE3589-52,ASNK 8 GHz ODU 4H 8147.32-8267.32 MHz,,,,,
,GE3606-42,ASNK 11 GHz ODU 1L 10695-10895 MHz,,,,,
,GE3606-52,ASNK 11 GHz ODU 1L 10695-10895 MHz,,,,,
,GE3607-42,ASNK 11 GHz ODU 1H 11205-11405 MHz,,,,,
,GE3607-52,ASNK 11 GHz ODU 1H 11205-11405 MHz,,,,,
,GE3608-42,ASNK 11 GHz ODU 2L 10855-11055 MHz,,,,,
,GE3608-52,ASNK 11 GHz ODU 2L 10855-11055 MHz,,,,,
,GE3609-42,ASNK 11 GHz ODU 2H 11365-11565 MHz,,,,,
,GE3609-52,ASNK 11 GHz ODU 2H 11365-11565 MHz,,,,,
,GE3610-42,ASNK 11 GHz ODU 3L 11015-11215 MHz,,,,,
,GE3610-52,ASNK 11 GHz ODU 3L 11015-11215 MHz,,,,,
,GE3611-42,ASNK 11 GHz ODU 3H 11525-11725 MHz,,,,,
,GE3611-52,ASNK 11 GHz ODU 3H 11525-11725 MHz,,,,,
,GE8500,ASN 6L GHz ODU 1L 5900.70-5989.70 MHz,,,,,
,GE8501,ASN 6L GHz ODU 1H 6152.74-6241.74 MHz,,,,,
,GE8502,ASN 6L GHz ODU 2L 5960.00-6049.00 MHz,,,,,
,GE8503,ASN 6L GHz ODU 2H 6212.04-6301.04 MHz,,,,,
,GE8504,ASN 6L GHz ODU 3L 6019.30-6108.30 MHz,,,,,
,GE8505,ASN 6L GHz ODU 3H 6271.34-6360.34 MHz,,,,,
,GE8508,ASN 6U GHz ODU 1L 6440.00-6560.00 MHz,,,,,
,GE8509,ASN 6U GHz ODU 1H 6780.00-6900.00 MHz,,,,,
,GE8510,ASN 6U GHz ODU 2L 6560.00-6680.00 MHz,,,,,
,GE8511,ASN 6U GHz ODU 2H 6900.00-7020.00 MHz,,,,,
,GE8512,ASN 6U GHz ODU 3L 6640.00-6760.00 MHz,,,,,
,GE8513,ASN 6U GHz ODU 3H 6980.00-7100.00 MHz,,,,,
,GE8544-42,ASNK 7.5 GHz ODU 1L 7424.5-7480.5 MHz,,,,,
,GE8545-42,ASNK 7.5 GHz ODU 1H 7585.5-7641.5 MHz,,,,,
,GE8546-42,ASNK 7.5 GHz ODU 2L 7480.5-7536.5 MHz,,,,,
,GE8547-42,ASNK 7.5 GHz ODU 2H 7641.5-7697.5 MHz,,,,,
,GE8548-42,ASNK 7.5 GHz ODU 3L 7508.5-7564.5 MHz,,,,,
,GE8549-42,ASNK 7.5 GHz ODU 3H 7669.5-7725.5 MHz,,,,,
,GE8582-30,ASN 8 GHz ODU 1L 7747.700-7836.650 MHz,,,,,
,GE8583-30,ASN 8 GHz ODU 1H 8059.020-8147.970 MHz,,,,,
,GE8586,ASN 8 GHz ODU 3L 7732.875-7821.825 MHz,,,,,
,GE8586-30,ASN 8 GHz ODU 3L 7732.875-7821.825 MHz,,,,,
,GE8586-42,ASNK 8 GHz ODU 3L 7732.875-7821.825 MHz,,,,,
,GE8587,ASN 8 GHz ODU 3H 8044.195-8133.145 MHz,,,,,
,GE8587-30,ASN 8 GHz ODU 3H 8044.195-8133.145 MHz,,,,,
,GE8587-42,ASNK 8 GHz ODU 3H 8044.195-8133.145 MHz,,,,,
,GE8588,ASN 8 GHz ODU 4L 7836.0-7596.0 MHz,,,,,
,GE8588-30,ASN 8 GHz ODU 4L 7836.0-7596.0 MHz,,,,,
,GE8588-42,ASNK 8 GHz ODU 4L 7836.0-7596.0 MHz,,,,,
,GE8589,ASN 8 GHz ODU 4H 8147.32-8267.32 MHz,,,,,
,GE8589-30,ASN 8 GHz ODU 4H 8147.32-8267.32 MHz,,,,,
,GE8589-42,ASNK 8 GHz ODU 4H 8147.32-8267.32 MHz,,,,,
,GE8606,ASN 11 GHz ODU 1L 10695-10895 MHz,,,,,
,GE8607,ASN 11 GHz ODU 1H 11205-11405 MHz,,,,,
,GE8608,ASN 11 GHz ODU 2L 10855-11055 MHz,,,,,
,GE8609,ASN 11 GHz ODU 2H 11365-11565 MHz,,,,,
,GE8610,ASN 11 GHz ODU 3L 11015-11215 MHz,,,,,
,GE8611,ASN 11 GHz ODU 3H 11525-11725 MHz,,,,,
,GE8612,ASN 13 GHz ODU 1L 12751.00-12835.00 MHz,,,,,
,GE8612-30,ASN 13 GHz ODU 1L 12751.00-12835.00 MHz,,,,,
,GE8612-42,ASNK 13 GHz ODU 1L 12751.00-12835.00 MHz,,,,,
,GE8612-52,ASNK 13 GHz ODU 1L 12751.00-12835.00 MHz,,,,,
,GE8613,ASN 13 GHz ODU 1H 13017.00-13101.00 MHz,,,,,
,GE8613-30,ASN 13 GHz ODU 1H 13017.00-13101.00 MHz,,,,,
,GE8613-42,ASNK 13 GHz ODU 1H 13017.00-13101.00 MHz,,,,,
,GE8613-52,ASNK 13 GHz ODU 1H 13017.00-13101.00 MHz,,,,,
,GE8614,ASN 13 GHz ODU 2L 12835.00-12919.00 MHz,,,,,
,GE8615,ASN 13 GHz ODU 2H 13101.00-13185.00 MHz,,,,,
,GE8702,ASN 18 GHz ODU 2L 18016-18375 MHz,,,,,
,GE8702-42,ASNK 18 GHz ODU 2L 18016-18375 MHz,,,,,
,GE8703,ASN 18 GHz ODU 2H 19026-19385 MHz,,,,,
,GE8703-42,ASNK 18 GHz ODU 2H 19026-19385 MHz,,,,,
,GE8704,ASN 18 GHz ODU 3L 18332-18691 MHz,,,,,
,GE8704-42,ASNK 18 GHz ODU 3L 18332-18691 MHz,,,,,
,GE8704-52,ASNK 18 GHz ODU 3L 18332-18691 MHz,,,,,
,GE8705,ASN 18 GHz ODU 3H 19342-19701 MHz,,,,,
,GE8705-42,ASNK 18 GHz ODU 3H 19342-19701 MHz,,,,,
,GE8705-52,ASNK 18 GHz ODU 3H 19342-19701 MHz,,,,,
,GE8728-42,ASNK 22 GHz ODU 2L 21616-22008 MHz,,,,,
,GE8729-42,ASNK 22 GHz ODU 2H 22848-23240 MHz,,,,,
,GE9002-03,AS 18 GHZ ODU 2L 18042.50-18371.50 MHZ ,,,,,
,GE9003-03,AS 18 GHZ ODU 2H 19052.50-19381.50 MHZ ,,,,,
,GE9004-03,AS 18 GHZ ODU 3L 18350.50-18679.50 MHZ ,,,,,
,GE9005-03,AS 18 GHZ ODU 3H 19360.50-19689.50 MHZ ,,,,,
,GE9020,AS 13 GHZ ODU 1L 12751.00-12835.00 MHZ ,,,,,
,GE9020-03,AS 13 GHZ ODU 1L 12751.00-12835.00 MHZ ,,,,,
,GE9021-03,AS 13 GHZ ODU 1H 13017.00-13101.00 MHZ ,,,,,
,GE9234-03,AS 11 GHZ ODU 1L 10735.0-10875.0 MHZ  (Superseded by GE9348-03),,,,,
,GE9235-03,AS 11 GHZ ODU 1H 11225.0-11365.0 MHZ  (Superseded by GE9349-03),,,,,
,GE9236-03,AS 11 GHZ ODU 2L 10915.0-11305.0 MHZ  (Superseded by GE9340-03),,,,,
,GE9237-03,AS 11 GHZ ODU 2H 11405.0-11525.0 MHZ  (Superseded by GE9341-03),,,,,
,GE9264,AS 8 GHZ ODU 3L 7732.875-7821.825 MHZ ,,,,,
,GE9264-03,AS 8 GHZ ODU 3L 7732.875-7821.825 MHZ ,,,,,
,GE9265,AS 8 GHZ ODU 3H 8044.195- 8133.145MHZ ,,,,,
,GE9265-03,AS 8 GHZ ODU 3H 8044.195- 8133.145MHZ ,,,,,
,GE9266-03,AS 8 GHZ ODU 4L 7836.0-7596.0MHZ ,,,,,
,GE9267-03,AS 8 GHZ ODU 4H 8147.32-8267.32MHz ,,,,,
,GE9284-03,AS 6U GHZ ODU 1L 6440.00-6560.00MHZ ,,,,,
,GE9285-03,AS 6U GHZ ODU 1H 6780.00-6900.00MHZ ,,,,,
,GE9286-03,AS 6U GHZ ODU 2L 6560.00-6680.00MHZ ,,,,,
,GE9287-03,AS 6U GHZ ODU 2H 6900.00-7020.00MHZ ,,,,,
,GE9340-03,AS 11 GHZ ODU 2L 10875-11305 MHZ  (Replaces GE9236-03),,,,,
,GE9341-03,AS 11 GHZ ODU 2H 11365-11525 MHZ  (Replaces GE9237-03),,,,,
,GE9348-03,AS 11 GHZ ODU 1L 10735.0-10875.0 MHZ  (Replaces GE9234-03),,,,,
,GE9349-03,AS 11 GHZ ODU 1H 11225.0-11365.0 MHZ   (Replaces GE9235-03),,,,,
,GE9350-03,AS 11 GHZ ODU 3L 11015-11215 MHZ ,,,,,
,GE9351-03,AS 11 GHZ ODU 3H 11525-11725 MHZ ,,,,,
,GF5805,SIAE ODU ASNKD-FL 6.7G LOW,,,,,
,GF5806,SIAE ODU ASNKD-FL 6.7G HIGH,,,,,
,GF5811,SIAE ODU ASNKD-FL 8G LOW,,,,,
,GF5812,SIAE ODU ASNKD-FL 8G HIGH,,,,,
,GFJ08R01D,EL2 Radio Interface Module 17-34Mb 16QAM+EQ,,,,,
,GGRJZU82,(L.I.M.) Line Interface Module 16 x 2MB/s - 120 Ohm - 9Pin D,,,,,
,GP-10GSFP-1S,FTLX8571D3BCL-FC GP-10GSFP-1S 10GB SFP+ 850nm WTRD1 N743D from technical department,,,,,
,H1000A1-VC,1000W RECTIFIER,,,,,
,JD097C,HP X240 10G SFP+ SFP+ 3M DA CABLE,,,,,
,MX104-AC,Management Port - 8 Slots - 10 Gigabit Ethernet - Redundant Power Supply - Rack-mountable - Desktop,,,,,
,MX104-MX5-AC,MX104 Promotional SKU - MX5 equivalent - 20G -20x1GE MIC - 1 S-MIC slot - redundant PS. ADV-R -JFLOW-5G.,,,,,
,MX104-MX5-DC,Juniper MX104-MX5-DC Wireless Router,,,,,
,NTB101291,Connectors SUP 6601,,,,,
,NTB1016891,ER_FAN_NTB1016891,,,,,
,RNT4473202,ER_MISC-PWR_ADAPT_RNT4473202,,,,,
,RPM7770101000,ER_CBL-SIGNAL_5216_1m_RPM7770101000,,,,,
,S103S-PF,ER_AMPRD_828/85_120W_4T4R_4499_S_PF,,,,,
,S42024-L5267-A100-5,S42024-L5267-A100-5-hiT 7070 S42024-L5267-A 100 IFS10GB,€0.0,$0.00,,,
,SEF9013041,BRAKET/RAIL BRACKET SEF9013041,,,,,
,SXA2151689/1,Adapter NSB 170 4st SXA2151689/1,,,,,
,SXK10728391,ER_MISC-SPRT_RRU_SXK10728391,,,,,
,SXK10728401,Single RRU support Kit,,,,,
,SXK10728962,ER_MISC-SPRT_RRU_SXK10728962,,,,,
,SXK12502451,ER_MISC-SPRT_RRU_SXK12502451,,,,,
,SXK12525401,ASSEMBLED PARTS/MOUNTING KIT SXK12525401,,,,,
,SXK12530862,Cable guide SXK12530862,,,,,
,TSR4916165000,CABLE WITH CONNECTOR/SIGNAL CABLE,,,,,
