VENDOR,PARTNUMBER,DESCRIPTION,LOCATION,QUANTITY,CONDITION
NOKIA,3HE07943AA,2P 10GE+4P GE 10G ETH CARD (-48/+24VDC),150124JGKn,550,USED
ERICSSON,ROJ208459/1,Transmission Interface Board,150124JGKn,512,USED
ERICSSON,KRC161413/1,RRUS B3 4G 1800MHZ ,150124JGKn,241,USED
HUAWEI,02113607,ATN 950B Assembly Chassis(-48V)  - ANDB00CASE01,150124JGKn,114,USED
CISCO,A900-IMA8S1Z,ASR 900 Combo 8 port SFP GE and 1 port 10GE IM,150124JGKn,106,USED
HUAWEI,03020GSA,BBU3900 - QWL1WBBPB4 - WCDMA BaseBand Processing&Interface Unit,150122PILv,102,USED
,CFP2-100G-SR10,CFP2-100G-SR10-SFP MODULE 850nm MMF 150m MTP/MPO DDM,150122PILv,93,USED
HUAWEI,03056111,ANDD000EX2S0 2 Channels 10GE Optical Interface Board(SFP+),150124JGKn,67,USED
HUAWEI,03054292,4 Channels GE/FE Optical Interface Board  ATN950B AND1EM4F0P1 ,150124JGKn,58,USED
CISCO,A900-PWR1200-D,ASR 900 1200W DC Power Supply,150124JGKn,44,USED
CISCO,A900-RSP3C-400-S,A900-RSP3C-400-S ASR 903 Router Switching Processor Controller,150124JGKn,44,USED
HUAWEI,03057155,UBBPe4 Universal Baseband Processing Unit e4 WD2DUBBPE400,150124JGKn,39,USED
NOKIA,3KC50388AA,PSS-24X POWER SUPPLY FILTER,150124JGKn,36,USED
,GLC-LH-SMD,1000BASE-LX/LH SFP TRANSCEIVER MODULE -MMF/SMF -1310NM -DOM,150124JGKn,33,USED
JUNIPER,MS-MPC-128G,BNDL - Multi-service Services MPC - 128G of Memory - 4 NPUs Enabled - Bundle of MS-MPC-64G and S-MS-MPC-128G-UPG. Requires JunOs 13.2 or higher,150122PILv,30,USED
CISCO,A903-FAN-E,ASR 903 FAN Tray With Filter Slot,150124JGKn,24,USED
NOKIA,3KC35464AA,SC96 - SWITCH CARD 4T8,150124JGKn,24,USED
NOKIA,3AL78836AB,PQ2/EQC,150122PILv,23,USED
CISCO,ASR903-CHASSIS,ASR-903 V01 ASR 903 900 Series Router Chassis,150124JGKn,22,USED
NOKIA,3AL81289AA,1660SM STM16 SLIM PT-UP SFP,150122PILv,22,USED
HUAWEI,02310VTE,WD2M048BBU10 BBU3910 Box,150122PILv,20,USED
NOKIA,3HE08217AA,CFP2 - 100G LR4 10KM LC ROHS6/6 0/70C,150124JGKn,20,USED
NOKIA,3FE53701AD,FANT-F BITS/SYNCE/IEEE1588/TOD ETSI/MII,150124TJKn,20,USED
HUAWEI,02311HKL,WD5M18397100 RRU3971 for Multi-mode 1800MHz (4*40W),150124JGKn,17,USED
NOKIA,8DG62413AA,PSC1-6 - PASSIVE SPLITTER/COMBINER,150124TJKn,17,USED
HUAWEI,02311KHK,RRU3971 - Remote Radio Unit - 1800MHz - Multi-Mode - 4x40W,150122PILv,16,USED
HUAWEI,03024QLM,SL91ISM8 Versatile Dual IF Board RTN 950a,150124TJKn,16,USED
FORTINET,PSU-5000B,Power Supply BUNIT 5000B  INPUT100-220 OUTPUT 48VD,150122PILv,16,USED
HUAWEI,03021PKH,SL91EG4P 2*GE(SFP/RJ45)+2*GE(RJ45/Power over Ethernet)Gigabit Ethernet Board with switch function,150124JGKn,15,USED
HUAWEI,03021YTF,SL91CSHU TDM/Hybrid/Packet system control and Cross-connect Board,150122PILv,14,USED
JUNIPER,CFP-GEN2-100GBASE-LR4,CFP MODUL SMF 10KM 1310NM 740-047682,150124JGKn,12,USED
HUAWEI,03030ESR,TN11MCAB01,150124TJKn,11,USED
CISCO,ASR-9912-SFC110,Shared Forwarding Card (SFC) used in Cisco ASR 9912 router,150124JGKn,10,USED
JUNIPER,SRX5K-SPC-4-15-320,SRX 5000 Series Services processing card,150124JGKn,10,USED
HUAWEI,03030LJV,OptiX OSN 6800 TN12ND2T02 2 X (4 X ODU1 multiplexing OTU2) optical interface board (AFEC Super WDM Tunable) 50GHz (800ps-nm Rx1 PIN Tx1-3dBm 2dBm LC),150124JGKn,10,USED
HUAWEI,03050793,SLQ1 // OPTIX OSN 1500  - SSR1SLQ110  - 4XSTM-1 OPTICAL INTERFACE BOARD,150124JGKn,10,USED
CISCO,QSFP-100G-LR4-S,100GBASE LR4 QSFP Transceiver - LC - 10km over SM,150124JGKn,9,USED
NOKIA,8DG02608AB,SSY - MATRIX AND TIMING (TSS-100),150124JGKn,9,USED
FORTINET,FCTRL-5913C,Networking blade with 2 x 100GE CFP2 Fabric Ports and 2 x 10GE SFP+ Base Ports - Includes 2 SR SFP+.,150122PILv,8,USED
NOKIA,3HE12313AA,SFM - 7950 XRS-20/20E SFM2-X20S,150124JGKn,8,USED
HUAWEI,03030QLW,TN16FIU01 Fiber Interface Board ,150124JGKn,8,USED
ERICSSON,BMK90591/1,POWER SUPPLY SET DC/DC PS - PSU 2715W S,150124JGKn,8,USED
JUNIPER,RE-S-1800X4,Quad Core 1800Ghz with 16G Memory - Redundant - MX s,150122PILv,8,USED
JUNIPER,MPC4E-3D-2CGE-8XGE,2x100GE + 8x10GE MPC4E,150124JGKn,8,USED
JUNIPER,SCBE-MX,Enhanced Switch Control Board,150124JGKn,8,USED
HUAWEI,03055702,Universal Main Processing & Transmission Unit With 2FEGE Interface UMPTB9,150122PILv,8,USED
HUAWEI,03021MXJ,SL91EG4 2*GESFP-RJ45+2*GERJ45 GIGABIT ETHERNET BOARD WITH SWITCH FUNCTION,150124JGKn,8,USED
ERICSSON,ROJ1192325/1,SAU3,150124JGKn,8,USED
HUAWEI,02310QDG,WD5M08LRRU68 RRU3268 for LTE 800M (2*40W),150122PILv,7,USED
NOKIA,3HE03125AA,7705 SAR-8 MDA OC-3/STM-1 POS Card (4 Ports),150122PILv,7,USED
HUAWEI,02310NJB,OptiX RTN.PI-DC B10.power injector,150124TJKn,7,USED
HUAWEI,03058626,HERT BBU WD22UBBPg2 Universal Baseband Processing Unit,150124JGKn,7,USED
HUAWEI,03022TLJ,SLF2CSHO 16*E1(TDM)/2*STM-1(SFP)/4*GE(RJ45)/2*GE(SFP) Hybrid System Control and Cross-connect Board,150122PILv,7,USED
FORTINET,FG-5001E,Fortinet FG-5001E Security blade with 2 x 40GE QSFP+ slots - 2 x 10GE SFP+ slots - 2x GE RJ45 management port - FortiASIC NP6 and CP9 hardware accelerated.,150122PILv,7,USED
HUAWEI,03022HEM,WD2DUBBPD600 Universal Baseband Processing Unit d6 UBBPD6,150124JGKn,6,USED
NOKIA,3AL92112AA,SSY-4XSTM16/4XOC-48 PORT,150124JGKn,6,USED
CISCO,A9K-3KW-AC-V01,3kW AC Power Module,150124JGKn,6,USED
NOKIA,8DG02666AA,0,,6,USED
JUNIPER,MX-MPC3E-3D,MPC3E - Bundle - with Support for 100GE - 40GE and 10,150122PILv,6,USED
JUNIPER,MIC3-3D-1X100GE-CFP,MIC3-3D-1X100GE-CFP MIC with 1x100GE CFP interface,150124JGKn,6,USED
HUAWEI,03020WXP,TN16PIU Power Interface Board,150124JGKn,5,USED
HUAWEI,02311QMD,WD5M185901GB RRU5901 for Multi-Mode 1800MHz(4*40W),150124JGKn,5,USED
CISCO,CFP-100G-LR4,100GBASE-LR4 CFP Module,150124JGKn,5,USED
NOKIA,3HE07158BA,IMM 7x50 12-PT 10GE MultiCore SFP + L3BQ,150122PILv,5,USED
HUAWEI,03038466,NetEngine40 ECR5M0L2XXA20 2-Port 10GBase LAN/WAN-XFP Flexible Card A(P40-A.Supporting 1588v2),150124JGKn,5,USED
HUAWEI,03030REL,NETENGINE40E -CR51L1XE8GF0 -1-PORT 10GBASE LAN/WAN-SFP+ + 8-PORT 100/1000BASE,150124JGKn,5,USED
,PWR-C49M-1000AC,CISCO 4900M AC Power Supply 1000 watts,150124TJKn,5,USED
HUAWEI,03058657,ANKD01EXAS01 10 Channel 10GE Optical Interface Board (SFP+),150124JGKn,4,USED
ALLOT,SGSE-SGCC-300,Sgse-sgcc-300- Card Advanced Allot Cc-300,150124JGKn,4,USED
HUAWEI,03030WEE,CR5D00L2XF71 2-Port 10GBase LAN/WAN-SFP+ Physical Interface Card(PIC),150124JGKn,4,USED
HUAWEI,03023HCL,TN13STG Synchronous Timing Generation Board,150124JGKn,4,USED
HUAWEI,03033CSR,TN17D400240-channel Demultiplexing Board(C_Odd -196.05THz~192.15THz -100GHz -Thermal AWG -LC),150124JGKn,4,USED
HUAWEI,03033CSP,TN17M40V02 40-Channel Multiplexing Board With VOA(C_Odd -196.05THz~192.15THz -100GHz -LC),150124JGKn,4,USED
HUAWEI,03030GUH,TN11DCP02 Double Channel Protect Board(MM),150124JGKn,4,USED
NOKIA,8DG02607AA,SSY-POWER SUPPLY FILTER,150124JGKn,4,USED
HUAWEI,03022VHK,SL91ISM6 Versatile Dual IF Board,150124JGKn,4,USED
HUAWEI,03059559,SL93CSHUF01 CARD CSHUF,150122PILv,4,USED
HUAWEI,02113821,RTN 950A Assembly Chassis(-48V),150124TJKn,3,USED
ALLOT,SGT-SFB-400,Sgt-sfb-400-card Advanced Tca Sfb-400,150124JGKn,3,USED
ERICSSON,ROA1284188/3,ALSW - Alarm Switch Board - SSR,150124JGKn,3,USED
HUAWEI,03030TTS,TN16WSM901 9-Port Wavelength Selective Switching Multiplexing Board(C_Band -196.05THz~192.10THz -50GHz -LC),150124JGKn,3,USED
HUAWEI,03033CSN,TN17M40V01 40-Channel Multiplexing Board With VOA(C_Even -196.00THz~192.10THz -100GHz -LC),150124JGKn,3,USED
HUAWEI,03055293,IP Interface Unit (4 GE - Optical) WP1D000GOU03,150122PILv,3,USED
HUAWEI,03030RXB,OSN 9800 U16/U32/U64 2-port 100G Tributary Service Processing Board TNV1T402C01,150124JGKn,3,USED
HUAWEI,03033TBC,TMP2CTU02 SYSTEM CONTROL AND COMMUNICATION BOARD WITH CLOCK PROCESSING FUNCTION ,150124JGKn,3,USED
HUAWEI,02317275,BTS 3012 PMU 01B,150124JGKn,3,USED
HUAWEI,02312RQE,RRU5502 B03 1800-B01 2100MHz 48V33A 4T4R,150124JGKn,3,USED
HUAWEI,02310MAA,3838 RRU.B01.2100-2.080.2T2R.Y/XC.SFP.25900DC 3G,150122PILv,3,USED
HUAWEI,02311GYV,RRU3959 2100MHz 900/1800/2100MHz multi‑band (2×60 W) GSM/WCDMA/LTE,150124JGKn,3,USED
HUAWEI,02311UWT,WD5M215904GB RRU5904 for Multi-Mode 2100MHz(4*60W),150124JGKn,3,USED
JUNIPER,MPC-3D-16XGE-SFPP,ROUTER LINE CARD,150122PILv,3,USED
HUAWEI,03021PBA,1.6T Universal Cross Connect.System Control and Clock Processing Board-ODUk.PKT.VC4&VC12.,150124TJKn,3,USED
HUAWEI,03030NTM,NPO2E TN55NPO2ES02 10G PID line service processing board - 20-channel,150124JGKn,3,USED
HUAWEI,03053220,SSN4SL64 1xSTM-64 Optical Interface Board (check if 03020JVN is compatible),150124JGKn,3,USED
ERICSSON,ROJ208842/3,GEP3-SSD,150122PILv,3,USED
ERICSSON,KDU127174/4,DUW4101 R2 version,150122PILv,3,USED
HUAWEI,03030QBJ,CR5D00L2XF70 2x10GE-SFP+ Routers,150124JGKn,2,USED
NOKIA,3HE11095AA,7950 XRS-20E POWER CONNECT MODULE FAN,150124JGKn,2,USED
ERICSSON,BFB102103/1,FAU4 Cooling Fan Unit,150124JGKn,2,USED
NOKIA,3HE11099AA,APEQ-DC-4275 POWER EQUALIZER MODULE,150124JGKn,2,USED
JUNIPER,SRX5K-MPC,MPC for 100GE - 40GE - 10GE - 1GE MIC cards - Supported by JUNOS release 12.1X46-D10 onwards,150124JGKn,2,USED
JUNIPER,SRX5K-SCBE,SRX 5000 Series Services processing card,150124JGKn,2,USED
HUAWEI,03059258,"ANND0EM10F00 10 Channels GE/FE Optical Interface Board -High anti-corrosion
",150124JGKn,2,USED
ERICSSON,ROA1284190/3,RPSW2 - 400G,150124JGKn,2,USED
ALLOT,SGSE-SFB-300,SFB-300 Module,150124JGKn,2,USED
JUNIPER,M120-CFPC-1XGE-XFP-C,M120 cFPC 1-port 10 Gigabit Ethernet LAN/WAN interface (Requires an XFP Optics Module ,150124TJKn,2,USED
HUAWEI,03031FXM,TNF3SCC01 System Control & Communication Board with OSC,150124JGKn,2,USED
HUAWEI,03024YEH,TMA1UXCL System Control - Cross-connect - Timing - and Line Board,150124JGKn,2,USED
HUAWEI,03031YXT,SYSTEM CONTROL & COMM BOARD WITH OSC (TNF3SCC03),150124JGKn,2,USED
HUAWEI,03026EAS,TMF1AUX System auxiliary Communication Board With Clock Processing Function,150124JGKn,2,USED
HUAWEI,03030LPW,TN11DCU14 Dispersion Compensation Unit(D.80km.for G.655),150124JGKn,2,USED
HUAWEI,03023NRR,TN52SRAPXF SUPER EXTENED C-BAND BACKWARD RAMAN BASE BOARD WITH 1 PLUGGABLE ERBIUM DOPED FIBER HYBRID OPTICAL AMPLIFIER AND XFIU (RAMAN GAIN 14-18DB FOR G.652),150124JGKn,2,USED
HUAWEI,03030GYH,03030GYH TN17LSCT61 100GBS WAVELENGTH CONVERSION,150124JGKn,2,USED
HUAWEI,034070302,TNG2OACU14S Pluggable Optical Amplifier - ultra C-band  - Gain 8~14dB - Max 22.5dBm Out,150124JGKn,2,USED
HUAWEI,034070306,TNG2OACU32S Pluggable Optical Amplifier - ultra C-band  - Gain 23~32dB - Max 22.5dBm Out,150124JGKn,2,USED
HUAWEI,03030TTT,TN16WSD901 9-Port Wavelength Selective Switching Demultiplexing Board(C_Band -196.05THz~192.10THz -50GHz -LC).,150124JGKn,2,USED
HUAWEI,03021BRG,WDM TN11LOA01 8 X ANY-RATE MUX OTU2 WAVELENGTH CONVERSION BOARD,150124JGKn,2,USED
HUAWEI,03030YHP,TN12MR8V01	8-Channel Optical Add/Drop Multiplexing Board with VOA(100GHz -192.1THz~192.8THz),150124JGKn,2,USED
HUAWEI,03030MSG,TNF2ELOM01 DWDM OSN1800 ENHANCED 8xMULTIRATE-SERVICE PORT,150124JGKn,2,USED
HUAWEI,03031YTS,03031YTS-LSC BOARD TNF1LSCT65,150122PILv,2,USED
HUAWEI,03020WQE,TN16EFI EMI Filter Interface Board,150124JGKn,2,USED
HUAWEI,03030HED,TN12DCP01 Double Channel Protect Board(SM),150124JGKn,2,USED
HUAWEI,03020EUN,TN51ATE Interface Board of Alarm & Timing & Expanding,150124JGKn,2,USED
HUAWEI,03058118,ANDD03CXPA00 System Control -Cross-connect and Multi-protocol Process Unit,150122PILv,2,USED
HUAWEI,03030JFJ,TN12XCS02 Centralized Cross Connect Board,150124JGKn,2,USED
HUAWEI,52414905,Microwave ODU -RTN XMC -26G --3E -High site -H -25837MHz -26173MHz -24829MHz -25165MHz -1008MHz -Sub Band B -25837MHz -26173MHz,150122PILv,2,USED
HUAWEI,02311TVV,RRU5309 for LTE 800MHz(2*60W). WD5M085309GB,150124JGKn,2,USED
HUAWEI,02311TBD,WD5M215909GB RRU5909 for Multi-Mode 2100MHz(2*60W),150124JGKn,2,USED
HUAWEI,02311SJK,RRU5905W FOR MULTI-MODE 1800MHZ ( 2*80W ),150124JGKn,2,USED
HUAWEI,02312NVQ,QSFP28-100G-1310-40km-SM High Speed Transceiver -QSFP28 -1310nm -100G --2.9dBm -2.9dBm --20.9dBm -LC -40km,150124JGKn,2,USED
HUAWEI,03058542,HERT BBU WD22UMPTg2 Universal Main Processing Transmission Unit (2 Electrical FE-GE2 Optical GE-XGE-YGE UMPTg2),150124JGKn,2,USED
HUAWEI,03020JVN,OPTIX OSN 3500 -SSN4SL64 -STM-64 OPTICAL INTERFACE BOARD -1X1 ASSEMBLED BOARD (check if 03053220 is compatible) ,150124JGKn,2,USED
HUAWEI,03052359,SSND00EMS212 OSN1500 EMS212 (needs verify),150124JGKn,2,USED
ERICSSON,KDU127161/3,DUW3001,150122PILv,2,USED
HUAWEI,02312RSM,ANRB00CASE01 Assembly Chassis(DC),150124JGKn,1,USED
HUAWEI,02301621,TMBK01AFB Assembly Chassis(OptiX OSN 1800 II TP -DC),150124JGKn,1,USED
HUAWEI,02311VFF,WD2M0BBU5900 BBU5900 Box (Shelf),150124JGKn,1,USED
HUAWEI,02120559,W048FAU0A FAN 02A,150124TJKn,1,USED
HUAWEI,52413158,Microwave Outdoor Unit -RTN XMC -7G --2 -154MHz -Sub Band F -Low site -H  -7212MHz -7268MHz -Without doc -WR-112 -H01.,150124TJKn,1,USED
HUAWEI,52413154,ODU(XMC-2-7G) Microwave Outdoor Unit -RTN XMC -7G --2 -154MHz -Sub Band D -Low site -H  -7128MHz -7184MHz -Without doc -WR-112 -H01.,150124TJKn,1,USED
HUAWEI,52413159,ODU(XMC-2-7G) Microwave Outdoor Unit -RTN XMC -7G --2 -154MHz -Sub Band F -High site -H  -7366MHz -7422MHz -Without doc -WR-112 -H01.,150124TJKn,1,USED
HUAWEI,52451243,52451243-rtn 510 MICROWAVE 5g,150124JGKn,1,USED
NOKIA,8DG08099AA,10X1GESY 10G Packet Transport Processor (PTP),150124JGKn,1,USED
HUAWEI,03033GMA,R2CXPA Processing Board,150124JGKn,1,USED
HUAWEI,03030NGC,TN55NPO2EL02 OptiX OSN 8800 -TN55NPO2EL02 -10G PID Line Service Processing Board (196.00THz~193.8THz -4*10G -long-haul -20-channel extended),150124JGKn,1,USED
HUAWEI,03030MRQ,TNF1LEM1801 16*GE+2*10GE+2*OTU2 Ethernet switch board,150124JGKn,1,USED
HUAWEI,02311TVH,WD2M0UPEUE00 Power and Environment interface Unit(-48V) UPEUe,150124JGKn,1,USED
HUAWEI,03022BAJ,WD8D0RFC0800 MRFC RF INTERFACE UNIT,150124JGKn,1,USED
HUAWEI,03057628, Evolved Service Aware Module Board,150124TJKn,1,USED
HUAWEI,03023QJN,OptiX OSN 9800 TN11AST2 - bidirectional optical supervisory channel and timing transmission unit.,150124JGKn,1,USED
HUAWEI,03030ULA,TNF2OBU01 C-BAND Optical Amplifier Unit(MAX -3dBm IN and 20dBm OUT -Gain 23dB -With EVOA),150124TJKn,1,USED
HUAWEI,03033HCK,TMB1LDX01  2X10GB/S Wavelength Conversion Board NE40E-X3A,150124TJKn,1,USED
HUAWEI,034070261,TN52OACE106 - Pluggable Optical Amplifier - Extended C-band - Gain 13~23dB - Max 21.5dBm Out - Support WD,150122PILv,1,USED
HUAWEI,03030LML,TN12OAU105 C-BAND Optical Amplifier,150124JGKn,1,USED
HUAWEI,03030NNW,TN13OAU106 C-BAND Optical Amplifier Unit(MAX 4dBm IN and 20dBm OUT -Gain 16~23dB),150124JGKn,1,USED
HUAWEI,03033AKL,TN17D4001 40-channel Demultiplexing Board,150124JGKn,1,USED
HUAWEI,03032YYG,TN17M40V01 40-Channel Multiplexing Board,150124JGKn,1,USED
HUAWEI,03030NHT,TN12M40V02 40-Channel Multiplexing Board With VOA(C_Odd -196.05THz~192.15THz -100GHz -LC),150124JGKn,1,USED
HUAWEI,03033CSQ,TN17D4001 40-channel Demultiplexing Board(C Even -196.00THz~192.10THz -100GHz -Thermal AWG -LC),150124JGKn,1,USED
HUAWEI,03032VAA,TN52WSMD901 9-Port flexible Wavelength selective multiplexing and Demultiplexing board(Extended C_Band -191.25~196.075THz -37.5GHz~400GHz -Support WD),150124JGKn,1,USED
HUAWEI,03030URG,TNF1EMR801-Enhanced 8-ch Optical Add/Drop Multiplexing Board -100GHz(192.1/192.2/192.3/192.4/192.5/192.6/192.7/192.8THz).,150122PILv,1,USED
HUAWEI,03030LXQ,TN12WSMD401 Mux DeMux Board,150124JGKn,1,USED
HUAWEI,03030TTM,TN13WSMD401 4-Port Wavelength selective multiplexing and Demultiplexing board (C_Band -196.05THz~192.10THz -50GHz -LC),150124JGKn,1,USED
HUAWEI,03030KQK,SSR2CXLNLN STM-1/4/16 System CONTROL  - Cross-connect  - Optical Interface Board,150124JGKn,1,USED
ERICSSON,BMG980387/1,DISTR. EQUIPMENT/BFU 01 02; BATTERY FUSE; 200A,150122PILv,1,USED
ERICSSON,BML161184/1,PSU AC 03 / Power Supply UNIT Rectifier,150122PILv,1,USED
HUAWEI,02311KVA,RRU3260 LTE 2600 MHz (2T4R) Remote Radio Unit,150124TJKn,1,USED
HUAWEI,02310SHW,pRRU3901 -WD6M1PRU3 -pRRU -LTE Single-mode Remote Radio Unit(BandIII:TX1805-1860MHz/RX1710-1765MHz -PoE/12VDC -1.25G -2T2R -2*100mW - Installation Kit will be checked) ,150122PILv,1,USED
HUAWEI,02310MNS,WD5M9E393600 RRU3936 for Multi-mode 900MHz EGSM,150122PILv,1,USED
HUAWEI,02310SUV,((rru 1800mhz 4g Wd80drh3918b)) not verified,150124JGKn,1,USED
HUAWEI,02311QFY,WD5M21395300 RRU3953 RRU.B01-2100MHZ 2T4R,150124JGKn,1,USED
HUAWEI,03030LMT,TN52NS3T01 40G Line Service Processing Board(AFEC.DQPSK.Tunable).50GHz(Rx1_PIN.Tx1_-5dBm~0dBm.LC).,150124JGKn,1,USED
HUAWEI,03057484,CR5D00E2ND70 2-Port 100GBase-QSFP28 Integrated Line Processing Unit (LPUI-240),150124JGKn,1,USED
HUAWEI,02312BSS,OSN010N24 High Speed Transceiver -QSFP28 -1310nm -100G --4.3dBm -4.5dBm --8.6dBm -LC -SMF -10km,150124JGKn,1,USED
HUAWEI,03032BXT,TNF1C1CFPT65 100G CFPT65(Metro -SDFEC2 -Coherent wDCM -Tunable -expanded C Band --3dBm-2dBm --18dBm -50GHz -LC),150124JGKn,1,USED
HUAWEI,034060727,OPTICAL TRANSCEIVER -CFP2 -4*25GB/S(1310NM BAND) -103.125GB/S --,150124JGKn,1,USED
NOKIA,3HE06937AA,7950 C-XMA 20X10G SFP+ L3BQ IPCORE,150124JGKn,1,USED
TATA,TPSMR1,NETWORK BOARD,150124JGKn,1,USED
NOKIA,3HE02776AB,A8-ETH V2,150124JGKn,1,USED
JUNIPER,MIC-3D-20GE-SFP,MIC-3D-20GE-SFP GIGABIT MODULAR INTERFACE CARD,150122PILv,1,USED
HUAWEI,03030FXP,TN110BU205 OBU2,150124TJKn,1,USED
HUAWEI,03055288,XPUc,150124TJKn,1,USED
HUAWEI,03055052,2-Port 10GBase LAN/WAN-SFP+ + 24-Port 100/1000Base-X-SFP Integrated Line Processing Unit E(LPUI-51-E).,150124JGKn,1,USED
HUAWEI,03023DDU,OPTIX OSN 3500 -SSN4EGS401 -4-PORTGIGABIT ETHERNET SWITCHING PROCESSING BOARD,150124JGKn,1,USED
HUAWEI,03020RDV,OPTIX RTN 900 -SL91IF1 -TDM IF BOARD,150124JGKn,1,USED
HUAWEI,03056240,PARC WP11SCUC GE SWITCHING AND CONTROL BOARD,150124JGKn,1,USED
ERICSSON,KDU127174/3,DUW3101,150122PILv,1,USED
ERICSSON,ZHY60119/1,SAU 02 01,150122PILv,1,USED
CISCO,WS-C3750G-24T-S,CISCO Catalyst 3750 24 10/100/1000T + IPB Image,150122PILv,1,USED
NOKIA,3AL78938AA,MATRIX HI-CAP,150124JGKn,0,USED
HUAWEI,03020QYR,BB3900 QWL1WBBPD2 WCDMA BaseBand Processing Unit,150122PILv,1564,USED
NOKIA,3HE02774AB,CSM-2,150122PILv,1042,USED
ERICSSON,ROJ1192201/2,MSB3,150122PILv,963,USED
KATHREIN,86010148,Kathrein Remote Control Unit - RCU AISG 2.0,150122PILv,893,USED
HUAWEI,03021VHD,BBU3900 -QWL3WBBPF3 -Baseband Processing Unit (CE:UL384/DL512) -1*1,150122PILv,749,USED
HUAWEI,02319897,UPEUc,150122PILv,721,USED
HUAWEI,03054886,WD2D0UMPTB02 Universal Main Processing & Transmission unit with 4E1 and 2FE/GE interface UMPTb2.,150122PILv,626,USED
HUAWEI,02310KKQ,Wd5m21382600 HUAWEI Rru 2100mhz,150122PILv,521,USED
NOKIA,3HE06151AA,A8-1GB,150122PILv,509,USED
HUAWEI,03020PSS,BBU3900 - QWL2WBBPB3 - WCDMA BaseBand Processing Unit,150122PILv,449,USED
ERICSSON,ROJ2081305/1,MMU2 D,150122PILv,446,USED
HUAWEI,03051122,PARC WP11OIUA 1 PORT CHANNELIZED OPTICAL INTERFACE UNIT REV A,150122PILv,444,USED
HUAWEI,03020JQE,WMPT,150122PILv,439,USED
ERICSSON,ROJ1192106/75,GPB,150122PILv,439,USED
HUAWEI,03051117,SCUa,150122PILv,437,USED
HUAWEI,03057252,WD2DUMPTE201Universal Main Processing & Transmission Unit (2 Electrical FE/GE&2 Optical FE/GE/XGE -UMPTe2).,150122PILv,427,USED
NOKIA,3HE06151AC,8 PORT GE SFP Board V3 (-48/+24 VDC),150122PILv,424,USED
HUAWEI,03052762,WP1D000GOU01|IP INTERFACE UNIT (4 GE - OPTICAL)|IP INTERFACE UNIT (4 GE - OPTICAL),150122PILv,424,USED
HUAWEI,03020RAR,SL91CSH  Hybrid System Control And Cross-connect Board-1,150122PILv,396,USED
HUAWEI,03051119,WP11XPUa XPUa Extensible Processing Unit,150122PILv,387,USED
HUAWEI,03022KTE,ANDD00CXPE02 System Control -Cross-connect and Multi-protocol Process Unit,150122PILv,359,USED
ERICSSON,BFL901009/4,C22P Sup 6601,150122PILv,339,USED
HUAWEI,03051813,PARC WP13DPUc DATA PROCESSING UNIT REV:c,150122PILv,328,USED
HUAWEI,03020RGT,RTN910 CSHC UNIT (16E1+2FE+2GE+2STM1),150122PILv,325,USED
HUAWEI,03056112,"ANDD00EM8M00 4 Channels GE/FE Optical Interface and 4 Channels GE/FE Electric Interface Board
 ATN 950B",150122PILv,322,USED
ERICSSON,ROJ208821/3,GEP3-24 GB,150122PILv,312,USED
HUAWEI,03052781,SPUb Signalling Processing Unit,150122PILv,309,USED
HUAWEI,02310SFM,WD2M00PEIUD2 Power And Environment Interface Unit,150122PILv,301,USED
ERICSSON,NTM1012589/1,RBS 6601 V2 Chassis,150122PILv,298,USED
NOKIA,3AL78832AA,1660 SM Access Module for 21x2 Mbit/s 120 ohms,150122PILv,295,USED
HUAWEI,02315639,WD2M00UEIU00 Universal Environment Interface Control Unit,150122PILv,279,USED
ERICSSON,BMR910423/2,D.C. CONVERTER/PSU; Power Supply UNIT,150122PILv,272,USED
ERICSSON,ROJ1192201/1,MSB3;16DSP 600-850MH,150122PILv,259,USED
HUAWEI,03052799,PARC WP11DPUE DATA PROCESSING UNIT REVe,150122PILv,256,USED
HUAWEI,03030MDT,TN11SFIU01 Fiber Interface Board OSN 8800-9800,150122PILv,253,USED
NOKIA,3HE06151AB,8 PORT GE SFP Board V2 (-48/+24 VDC).,150122PILv,247,USED
HUAWEI,03020KHX,TNDM000PIU00,150122PILv,247,USED
HUAWEI,03056113,"ANDD000EX1S0 1 Channel 10GE Optical Interface Board(SFP+)
",150122PILv,237,USED
ERICSSON,ROA2191158/1,GP8      ,150122PILv,235,USED
ERICSSON,KRC161149/1-03,RBS 2216 DRU  -Transceiver-EGSM DRU9E-03,150122PILv,224,USED
HUAWEI,03030HNK,HERT BBU - WD22GTMUa - GBTS Main Processing & Transmission Unit (4E1 + 2FE + 6CPRI + 1EXT),150122PILv,220,USED
HUAWEI,03051118,PARC WP11TNUA SWITCHING NETWORK BOARD REV:A ,150122PILv,219,USED
HUAWEI,03020LAJ,BBU3900 - QWL1WBBPB2 - WCDMA BaseBand Processing&Interface Unit,150122PILv,216,USED
ERICSSON,BML901124/1,Power Supply UNIT/PSU-AC-31,150122PILv,215,USED
ERICSSON,ROJ1192403/1,SPB4,150122PILv,215,USED
HUAWEI,02315528,WD2MUPEUA - Power Supply AND ENVIRONMENT INTERFACE BOARD,150122PILv,193,USED
HUAWEI,03020KHV,System Control & Communication Board with OSC -Wind Cooling Mode,150122PILv,187,USED
ERICSSON,BKV106208/1,Fan assembly - Radio 2212,150122PILv,186,USED
HUAWEI,03030CBF,TN11SCC01 System Control and Communication Board OSN  6800 ,150122PILv,182,USED
HUAWEI,03030QEJ,IT0E01FAN000 OSCA Fan Unit,150122PILv,182,USED
ERICSSON,BKV106135/1,ERICSSON FAN UNIT,150122PILv,180,USED
HUAWEI,03053299,WP1D000DPU05 Transcoder Unit(1920 Channel for TDM /3840 Channel for TDM&IP/7680 Channel for IP&IP),150122PILv,178,USED
HUAWEI,03030LPM,HERT BBU - WD22GTMUb - GBTS Main Processing & Transmission Unit (4E1 + 2FE + 6CPRI + 1EXT),150122PILv,177,USED
HUAWEI,03021YVH,TNM1EGS4 - 4-port Gigabit Ethernet Switching Processing Board,150122PILv,177,USED
ERICSSON,KDU137596/2,SIU-02 With Fan Module,150122PILv,167,USED
HUAWEI,03030PGR,ANDD000FAN03 ATN 950B - and1FAN03,150122PILv,162,USED
ERICSSON,ROJ208306/2,R1F,150122PILv,161,USED
COMMSCOPE,CMAX-OMF1-CPUSEI53,LOW PIM Omni MIMO IN-BUILDING Antenna,150122PILv,157,USED
HUAWEI,03054885,WD2DUMPTB101 Universal Main Processing & Transmission unit with 4E1 and 2FE/GE interface UMPTb1,150122PILv,157,USED
ERICSSON,KRC161260/1,RUS-02 900 MHZ,150122PILv,156,USED
CISCO,WS-X6748-GE-TX,48-port 10/100/1000BASE-T switching Module. ,150122PILv,155,USED
CISCO,WS-X6148A-GE-TX,CISCO Catalyst 6500 48-port 10/100/1000 w/Jumbo Fr,150122PILv,153,USED
HUAWEI,03020RBJ,HYBRID SYSTEM CONTROL AND CROSS-CONNECT BOARD,150122PILv,152,USED
HUAWEI,03038334,SSR1SLQ101  6-Port 100GE QSFP28 Interface BOARD (X6E - QSFP28,150122PILv,152,USED
HUAWEI,02310QNN,2200 W DC Power Supply,150122PILv,146,USED
HUAWEI,03020WQV,SLB1PIU RTN 980 Power Interface Unit,150122PILv,146,USED
ERICSSON,BFD50908/4,FAN,150122PILv,145,USED
NOKIA,3AL79092AA,1660SM PORT 63X2 MB/S 1.0/2.3 G703/ISDN-PRA,150122PILv,140,USED
HUAWEI,03051116,PARC WP11GCUA GENERAL CLOCK BOARD Rev.A,150122PILv,136,USED
HUAWEI,02120370,BASE STATION Controller 9 Fan Unit,150122PILv,134,USED
ERICSSON,BML231202/1,RBS 2206 PSU:Power Supply unit,150122PILv,134,USED
HUAWEI,03022JAP,ANDD00CXPB02 System Control -Cross-connect and Multi-protocol Process Unit,150122PILv,134,USED
HUAWEI,02310UPA,RRU3826 2100MHz 80W,150122PILv,130,USED
HUAWEI,03051814,PARC WP13DPUd DATA PROCESSING UNIT REV:d,150122PILv,130,USED
ERICSSON,UKL40163/73,RAU2 X 23/73,150122PILv,130,USED
ERICSSON,ROJ208323/4,SCB-RP,150122PILv,129,USED
HUAWEI,03052780,PARC WP11XPUb Extensible Processing Unit REVb BSC 6900,150122PILv,127,USED
,02120699,02120699-FAN-12C Fan Module,150122PILv,126,USED
HUAWEI,03020JTN,OPTIX OSN 6800.TN11PIU02.POWER INTERFACE Unit,150122PILv,126,USED
HUAWEI,03051121,PARC WP11EIUA 32-PORT E1-T1 CIRCUIT INTERFACE UNIT REV:A,150122PILv,123,USED
ERICSSON,BMR91147/1,PSU-DC-31,150122PILv,121,USED
ERICSSON,ROJ1192187/14,PRINTED Board ASSEMB/RAX;RANDOM ACCESS A,150122PILv,121,USED
NOKIA,3AL89668AA,1660SM PORT 16XSTM1 - 4XSTM4,150122PILv,120,USED
ERICSSON,UKL40163/72,RAU2 X 23/72,150122PILv,119,USED
ERICSSON,BKV106135/2,ERICSSON FAN UNIT,150122PILv,118,USED
HUAWEI,03021PFK,SL91ISV3 Versatile IF Board,150122PILv,118,USED
ERICSSON,ROJR208003/1,LTU 155 o/e,150122PILv,116,USED
NOKIA,3AL79772AA,FAN UNIT FOR FAN SHELF 19,150122PILv,115,USED
HUAWEI,03021KNY,CE-SFU12C. CE12812 Switch Fabric Unit,150122PILv,115,USED
ERICSSON,ROJ208410/2,GESB,150122PILv,113,USED
HUAWEI,03053369,WP1D000DPU06 Data Processing Unit (1024 PDCH),150122PILv,112,USED
ERICSSON,KRC161149/1-02,RBS 2216 DRU  -Transceiver-EGSM DRU9E-02,150122PILv,112,USED
HUAWEI,03051730,WP11SPUa  SIGNALING PROCESSING UNIT REV:A,150122PILv,108,USED
ERICSSON,ROJ208840/3,GEP3-HD300,150122PILv,108,USED
ERICSSON,ROJ208304/2,XDB-2,150122PILv,108,USED
HUAWEI,03020NBH,TNH2SL1Q OptiX OSN 550 Optical/Electrical Interface SL1Q Board,150122PILv,106,USED
HUAWEI,03053401,CN22UPBA6 UNIVERSAL PROCESS BLADE -1CPU+3*8GDDR3+2*300G HDDPART OF SERVER OSTA2.0,150122PILv,106,USED
ERICSSON,BGM1361006/1,SCU 01 01,150122PILv,105,USED
CISCO,A99-SFC2,The CISCO ASR 9900 Switch Fabric Board ,150122PILv,105,USED
HUAWEI,02315804,WRFU 2100 Radio BASE STATION TXRX 2100MHZ 80W,150122PILv,103,USED
ERICSSON,ROJ1192413/1,FVPP,150122PILv,103,USED
NOKIA,3AL91880AA,A120S1SE ,150122PILv,102,USED
HUAWEI,03021HPR,WBBPF4,150122PILv,100,USED
HUAWEI,03030JUA,NE40E-X8 8-port OC-3c/STM-1c POS-SFP Flexible Board,150122PILv,99,USED
ERICSSON,ROJ208386/2,SCXB2,150122PILv,99,USED
ERICSSON,ROJ1192109/3,SXB34ISL 630MB/S,150122PILv,99,USED
HUAWEI,52090AHZ,Rectifier Control Unit SMU02B (write SMU02B on PN to sell),150122PILv,98,USED
HUAWEI,03056114,ANDD00EM8F01 8 Channels GE/FE Optical Interface Board,150122PILv,98,USED
HUAWEI,02318471,BTS3900/A -WD5MMRFU78 -V2 -Multi-Mode Transceiver Unit -900M RX880-915MHz/TX925-960MHz,150122PILv,96,USED
ERICSSON,BMG980336/7,PDU 01 04 ,150122PILv,95,USED
HUAWEI,03054280,ANDD00EM8T00 8 Channels GE/FE Electric Interface Board,150122PILv,95,USED
HUAWEI,03051816,PARC WP13DPUb DATA PROCESSING UNIT REV:b,150122PILv,94,USED
HUAWEI,02120577,BBU3900 FAN WD2M000FAN02 | Fan module ,150122PILv,91,USED
ERICSSON,BGK90118/2,SHU 0201,150122PILv,91,USED
CISCO,ASR-9010-FAN,CISCO ASR-9010 FAN Tray,150122PILv,91,USED
HUAWEI,03020VVW,OPTIX RTN 950a SL91ISX2 TDM/Hybrid/Packet Integration XPIC IF Board,150122PILv,89,USED
HUAWEI,03022HEJ,WD2DUBBPD300 Universal Baseband Processing Unit d3,150122PILv,89,USED
ERICSSON,UKL40172/12,RAU2 X 38/12 KIT 128 QAM,150122PILv,89,USED
CISCO,CISCO878,CISCO 878 ROUTER,150122PILv,88,USED
ERICSSON,ROJ208450/1,PM.,150122PILv,88,USED
HUAWEI,03030LJX,TN12LOGT02 OSN 8800 8*Gigabit Ethernet Board(AFEC -Super WDM -Tunable) -50GHz(800ps/nm -Rx1_PIN -Tx1_-3dBm~2dBm -LC),150122PILv,87,USED
HUAWEI,03038480,SSR2AUX -System Auxiliary Interface Board - OptiX OSN 1500,150122PILv,86,USED
ERICSSON,ROJ1192345/1,PRINTED Board ASSEMB/ET-IPG:1GB/S 4PRT X,150122PILv,86,USED
NOKIA,3HE03619AA,IOM3-XP,150122PILv,85,USED
HUAWEI,03021YUV,CE-SFU12A CE12812 Switch Fabric Unit A,150122PILv,85,USED
ERICSSON,ROJ1192106/53,GPB531GHZ 1GB/1.5-2,150122PILv,85,USED
HUAWEI,03052588,USIA1,150122PILv,84,USED
CISCO,WS-X6724-SFP,CISCO Catalyst 6500 24-port GigE Mod: fabric-enabl,150122PILv,84,USED
HUAWEI,03020FED,Universal E1/T1 Lighting Protection unit,150122PILv,83,USED
HUAWEI,02310DRN,1-Port 4 Pair G.SHDSL WAN Interface Module,150122PILv,82,USED
HUAWEI,03051493,PARC WP11GOUA 2-PORT PACKET OVER OPTICAL GE ETHERNET INTERFACE REV:A,150122PILv,82,USED
NOKIA,3HE03612AA,M20-1GB,150122PILv,80,USED
HUAWEI,03020BRS,Optix PTN 960 FAN,150122PILv,80,USED
HUAWEI,03020EHL,SSN3EGS4 OSN 3500 Switching Board x4,150122PILv,80,USED
HUAWEI,02239582,SERVICE AWARE UNIT (SAU Board),150122PILv,79,USED
HUAWEI,02319575,RRU3806 - WD5MARU281 - Distributed Base Station Radio Remote Unit (-48 V - EDHT 80 W - 2100 M - with Mount Accessories)_60 MHz,150122PILv,78,USED
HUAWEI,03053404,CN22UPBA0  - Universal Process Blade  - 1CPU+3*8G DDR3+4G FLASH OSTA2.0 ,150122PILv,78,USED
HUAWEI,02310LKL,IT1MPOWERM00 EPW3000-12A 3000W platinum AC Power Supply Unit,150122PILv,78,USED
HUAWEI,03022GAC,Fan Board - NO REFERENCE,150122PILv,77,USED
CISCO,WS-F6700-DFC3C,CISCO Catalyst 6500 Dist Fwd Board- 3CXL - for WS-X6,150122PILv,76,USED
ERICSSON,BFD50914/1,FAU1 (20p fan unit) .,150122PILv,75,USED
HUAWEI,03030KKR,CR52-MPUD  main processing unit D(Including 1*2G m,150122PILv,74,USED
HUAWEI,02120529,CR52-PEMA 48V DC Power Entry Module NE40E-X3,150122PILv,74,USED
HUAWEI,52413318,ODU(XMC-2-10G) Microwave ODU -RTN XMC -10G --2 -91MHz -Sub Band C -Low site -H -10556MHz -10587MHz -Without doc -WR-90 -H01.,150122PILv,73,USED
HUAWEI,03031MXR,GM5D0GTMUC00  Main Control and Transport unit(4E1&1 electrical FE/GE &1 optical FE/GE).,150122PILv,73,USED
DELTA,DHF-2DC-4400W,SWITCHING Power Supply DELTA,150122PILv,72,USED
HUAWEI,03054355,WP2PGPSPUF01 ENHANCED SERVICE PROCESSING UNIT F GGSN9811 UGW9811,150122PILv,72,USED
ERICSSON,ROJ1192334/3,SCB-TF,150122PILv,72,USED
ERICSSON,ROA1283242/1,Board,150122PILv,71,USED
HUAWEI,03054447,CR5DLPUF5070 Flexible Card Line Processing Unit(LPUF-50.four slots),150122PILv,71,USED
HUAWEI,03053067,WP11SCUb GE Switching and Control Unit REV:b,150122PILv,71,USED
NEC,NWA-016340-001,NEC RL PWR -48V8A,150122PILv,70,USED
CISCO,ASR-9922-SFC110,Switch Fabric Board/110G,150122PILv,70,USED
NEC,NWA-014580-002,NEC RL Board DC-DC CONV,150122PILv,69,USED
CISCO,A9K-RSP440-SE,CISCO A9K-RSP440-SE Route Switch Processor-Line Board ASR 9000,150122PILv,69,USED
ERICSSON,BFD599028/1,20P TN B ,150122PILv,68,USED
ERICSSON,BOE60221/1,FUNCTIONAL UNIT/DXU-23,150122PILv,68,USED
ERICSSON,ROJ208814/2,GEP2-12GB Board,150122PILv,68,USED
ERICSSON,ROJ208866/5,GEP5-64 Board,150122PILv,68,USED
CISCO,N7K-C7009-FAB-2,CISCO Nexus 7000 Switches Fabric-2 Modules,150122PILv,68,USED
ERICSSON,BML161174/1,Rectifier/PSU AC 01; Power Supply UNIT,150122PILv,67,USED
NEC,NWA-014540-008,NEC RL MODEM,150122PILv,67,USED
NOKIA,3AL78830AE,1660SM CONGI CARD (03 & AA02 versions),150122PILv,66,USED
NEC,NWA-014197-051,NEC RL SD DATE Board,150122PILv,66,USED
NEC,NWA-013907-153,NEC RL TRANSMITTER RECEIVER Board,150122PILv,66,USED
HUAWEI,02120540,USN9810 FAN FRAME CN2E02FFB CGA,150122PILv,66,USED
ERICSSON,ROA1284573/3,SSR SMART SERVICES Board,150122PILv,66,USED
HUAWEI,03020KWP,BBU3900 - QWL1WBBPB3 - WCDMA BaseBand Processing&Interface Unit,150122PILv,63,USED
HUAWEI,03053150,SL9D00EM6F02 4 * FE (RJ45)/2 *GE(SFP) Fast/Gigabit Ethernet Board with switch function(1000BaseLX.LC),150122PILv,63,USED
HUAWEI,03038461,CR53-LPUF-10 Flexible Card Line Processing Unit(LPUF-10 -four slots) NE40E-X16,150122PILv,62,USED
ERICSSON,BMG90766/1,DCCU-12 (INDOOR),150122PILv,62,USED
NOKIA,3AL78821BA,1660 SM 4xSTM-1 Optical / Electrical Board (w/o mo,150122PILv,61,USED
HUAWEI,021UDH,RTN 950A CSHO,150122PILv,61,USED
HUAWEI,03030DTW,TN11RMU901  9-PORT ROADM MULTIPLEXING BOARD C_BAND OSN 6800,150122PILv,60,USED
CISCO,ME-3400-24TS-A,24-Port Metro Ethernet Access Switch,150122PILv,60,USED
NEC,NWA-014520-002,NEC RL OPT INTFC Board,150122PILv,59,USED
HUAWEI,52413319,ODU(XMC-2-10G) Microwave ODU -RTN XMC -10G --2 -91MHz -Sub Band C -High site -H -10647MHz -10678MHz -Without doc -WR-90 -H01.,150122PILv,58,USED
CISCO,WS-X4748-RJ45+E,CISCO Catalyst 4510 Series Line Board,150122PILv,58,USED
HUAWEI,02310CNK,LS5MPSD17  Power Module 170W DC,150122PILv,57,USED
HUAWEI,02316361,GM5M4DRFU  - DOUBLE Radio AND FILTER UNIT,150122PILv,56,USED
NOKIA,3AL92113AA,SSY-8XSTM1-4/8XOC3-12 PORT,150122PILv,56,USED
HUAWEI,03020KAX,H801SCUN MA5680T GPON H80-SCUN - Super Control Unit Board ,150122PILv,56,USED
HUAWEI,03020VWW,SLB1CSHN CSHN Nodal System Control and Cross-connect Board,150122PILv,56,USED
NOKIA,3HE06792AA,Fan Module for SAR-8 Shelf V2 Ext. Temp (-48VDC).,150122PILv,55,USED
HUAWEI,03054207,CR5D0SRUA770. Switch and Route Processing Unit A7,150122PILv,55,USED
HUAWEI,03030GYN,TN12VA401 OSN 6800 4-Channel Variable Optical Attenuator Board,150122PILv,54,USED
HUAWEI,03054282,ANDD00EM8F00 8 Channels GE/FE Optical Interface Board,150122PILv,54,USED
ERICSSON,UKL40175/56,RAU2 X 26/56,150122PILv,54,USED
ERICSSON,ROJ1192108/4,SCB34ISL 630MB/S,150122PILv,54,USED
ERICSSON,KRC1311002/2,EDGE dTRU 900MHz,150122PILv,53,USED
HUAWEI,03052589,USIA7,150122PILv,53,USED
HUAWEI,02238806,Wp11omua,150122PILv,53,USED
ERICSSON,BMG980336/2,DISTR.EQ/PDU 01/01 -P DISTR,150122PILv,52,USED
ERICSSON,ROJ208504/1,CMXB,150122PILv,52,USED
ERICSSON,ROA2191123/60,NODE Board FAB3,150122PILv,52,USED
HUAWEI,02310CGS,HUAWEI RRU3828  2100MHz UMTS for DBS3900 DBS5900,150122PILv,51,USED
NOKIA,8DG25556AA,,150122PILv,51,USED
HUAWEI,03021YUW,48-Port-10GE Interface Card(EF -SFP+).,150122PILv,51,USED
HUAWEI,03053461,WP1X000OMU02 - WP11POMUc  - OPERATION AND MAINTENANCE UNIT ,150122PILv,51,USED
HUAWEI,02112722,HERT BBU.WD2BBBUC.HERT BBU BOX,150122PILv,50,USED
HUAWEI,52413778,ODU XMC 3 Microwave ODU -RTN XMC -26G --3 -Low site -H -24829MHz -25165MHz -25837MHz -26173MHz -Without doc -WR-42 -H01 -1008MHz -Sub Band B -24829MHz -25165MHz,150122PILv,50,USED
ERICSSON,KDU137569/1,GSM EQUIPMENT,150122PILv,50,USED
ERICSSON,ROJ208394/1,EPB1 ,150122PILv,50,USED
CISCO,A9K-2KW-DC,CISCO ASR 9000  2KW DC POWER Module,150122PILv,50,USED
NOKIA,3AL78817AA,Service,150122PILv,48,USED
HUAWEI,03024HRC,SL91EM6 4*GE(SFP/RJ45)+2*FE(RJ45) Gigabit Ethernet Board with switch function RTN 950a,150122PILv,48,USED
HUAWEI,03054387,ANDD16E11202 16 Channels E1 Interface Board(120ohm),150122PILv,48,USED
HUAWEI,S3328TP-EI-MC,S3328TP-EI-MC Mainframe 24 10/100 BASE-T ports and 2 Combo GE(10/100/1000 Rj-45+100/1000 SFP) ports and 2 SFP ports ,150122PILv,48,USED
ERICSSON,BMG907026/1,BFU 31 FOR BBS 2116,150122PILv,48,USED
NEC,NWA-091027-AA5,MDU IPASOLINK 2RF,150122PILv,47,USED
HUAWEI,03054843,AE11SM310  SM310 E9000 IT11SMMA Control Board,150122PILv,47,USED
CISCO,CISCO867VAE,CISCO 860 Series,150122PILv,46,USED
HUAWEI,03030KJY,CR52-LPUF-21-A Flexible Card Line Processing Unit(LPUF-21 -2 sub-slots) A (L3VPN -MVPN -IPv6 Enhanced),150122PILv,46,USED
JDSU,HST3000-ETH-P1,JDSU HST-3000 VoIP Tester (Ethernet),150122PILv,45,USED
HUAWEI,03030DJB,CN21SDMC0 -SHELF DATA MODULE,150122PILv,45,USED
HUAWEI,03030KKQ,CR52-P20-12x100/1000Base-X-SFP-A 12-Port 100/1000Base-SFP Flexible Card A(Supporting 1588v2),150122PILv,45,USED
HUAWEI,03030JUK,CR52-P21-4x10GBase WAN/LAN-XFP 4-port 10GBase WAN/LAN-XFP Flexible Card(Occupy two sub-slots) NETENGINE80E,150122PILv,45,USED
HUAWEI,03030FQC,H561SCUB1 MA5600 SUPER CONTROL UNIT BOARD ,150122PILv,45,USED
HUAWEI,03020GNW,SSR1PIUB POWER INTERFACE BOARD,150122PILv,45,USED
HUAWEI,03020EWG,SSR1PIUC  - Power Interface Board,150122PILv,45,USED
HUAWEI,03053774,WM1DOSSGPU00 OSS GENERAL PROCESSING UNIT.,150122PILv,45,USED
ERICSSON,ROJ208392/1,CMXB3 EGEM2,150122PILv,45,USED
ERICSSON,ROJ1192209/1,Control Base Unit Card CBU1,150122PILv,45,USED
ERICSSON,KRY901104/1,RBS 2216 Rx SPLITTER,150122PILv,45,USED
HUAWEI,02120514,CR5M000FBX61 Chassis FAN ,150122PILv,44,USED
HUAWEI,02120463,HERT.WD22FMUB.FAN UNIT,150122PILv,44,USED
HUAWEI,52413779,ODU XMC-3 Microwave ODU -RTN XMC -26G --3 -High site -H -25837MHz -26173MHz -24829MHz -25165MHz -Without doc -WR-42 -H01 -1008MHz -Sub Band B -25837MHz -26173MHz,150122PILv,44,USED
ELTEK,52020BFH,ELTEK FLATPACK2 Control UNIT (-48V/24V),150122PILv,44,USED
HUAWEI,03053149,SL9D00EM6F01 4 * FE (RJ45)/2 *GE(SFP) Fast/Gigabit Ethernet Board with switch function(1000BaseSX.LC),150122PILv,44,USED
ERICSSON,BFZ60112/1,CN 510 MINILINK,150122PILv,44,USED
ERICSSON,ROJ1192104/4,TUB;2MHZ COAX + GP,150122PILv,44,USED
HUAWEI,03020KKP,H80D00X2CS01 2-port 10GE Uplink Interface Card -support SyncE.,150122PILv,43,USED
HUAWEI,03021AFF,OptiX OSN 500  - TNH2EGT1  - 1-Port Gigabit Ethernet Transparent Transmission B,150122PILv,43,USED
ERICSSON,ROJR211006/2,NPU3 C,150122PILv,43,USED
CISCO,WS-SUP720-3B,CISCO Catalyst 6500/CISCO 7600 Supervisor 720 Fabr,150122PILv,43,USED
ERICSSON,BKV106137/1,FAN UNIT -- 4G 800MHZ RRU(KRC161549/1),150122PILv,42,USED
CISCO,ASR-9006-FAN,ASR-9006 FAN Tray,150122PILv,42,USED
NOKIA,3AL79088AC,1660SM TERMINATION BUS UNIT (Versiıons: AA01 - ),150122PILv,42,USED
HUAWEI,03053222,CGA  - CN21LFIA  - LOGIC FUNCTION INTERFACE A,150122PILv,42,USED
HUAWEI,03030LBV,CN21ETIA1  - UNIVERSAL REAR BOARD,150122PILv,42,USED
HUAWEI,03030KNE,CR5M0E8GFA30 8-Port 100/1000Base-X-SFP Flexible Card A(P10-A -Supporting 1588v2),150122PILv,42,USED
CISCO,ME34X-PWR-DC-R,CISCO Systems ME3400E Redundant DC P/S,150122PILv,42,USED
HUAWEI,03020XHX,TN54TOA-8 OSN 8800 Any-rate Ports Service Processing Board,150122PILv,41,USED
HUAWEI,03030SVB,TN12STG01 - HUAWEI OptiX OSN 8800 Synchronous Timing Generation Board,150122PILv,41,USED
NOKIA,3AL78848BA,1660 SM Matrix Unit (w/o protection),150122PILv,41,USED
HUAWEI,03030KHP,CR53-P10-24xcE1/cT1-DB100 24-Port Channelized E1/T1-DB100 Flexible Card,150122PILv,41,USED
HUAWEI,03030GYT,TN12FIU01 Fiber Interface Board,150122PILv,40,USED
HUAWEI,03030LGC,TN52TOM01 osn 8800 8 x Multi-rate Ports Service Processing Board,150122PILv,40,USED
NOKIA,3AL81434AA,CO-16   1660/1662,150122PILv,40,USED
HUAWEI,02310JLJ,AR01SLV1XA  1-Port VDSL2 over POTS WAN Interface Module,150122PILv,40,USED
HUAWEI,02310BES,SLBE1FAN / RTN 980 RTN 980 FAN,150122PILv,40,USED
HUAWEI,03054301,WP22SFU200B0 - Switch Fabric Unit,150122PILv,40,USED
ERICSSON,BFD101109/3,CPSB,150122PILv,39,USED
CISCO,N7K-M148GT-11L,CISCO Nexus 7000 M1-Series 48-Port Gigabit Ethernet Modules with XL Option,150122PILv,39,USED
KATHREIN,78210250,Kathrein Dual Band Combiner Single Unit - -0.1dB - 4,150122PILv,38,USED
HUAWEI,03030ETF,TN11OAU101 C-BAND Optical Amplifier Unit,150122PILv,38,USED
NOKIA,3AL81502AA,1678-MCC POWER SUPPLY FILTER,150122PILv,38,USED
HUAWEI,03030QDP,CR51MPUK0 - MAIN PROCESSING UNIT,150122PILv,38,USED
ERICSSON,ROA1282872/1,ERICSSON.E28 - 2x10GigE & 8x1GigE,150122PILv,38,USED
ARGUS,010-567-20,ARGUS - Rectifier,150122PILv,37,USED
HUAWEI,02318474,BTS3900/A -WD5MGRFU78 -V2 -GSM Multiple Carriers Transceiver Unit -900M RX880-915MHz/TX925-960MHz,150122PILv,37,USED
NOKIA,3AL78830AD,1660SM CONTROL & GENERAL I/F,150122PILv,37,USED
NOKIA,3AL98026AA,1662 SMC LPROT,150122PILv,37,USED
HUAWEI,02237111,BSC 6900 WP11OMUb,150122PILv,37,USED
HUAWEI,03056158,WP23LPUF102A03 Firewall UGW9811 1 Port 100GBASE-CFP &12 Port 10GBASE LAN/WAN-SFP+ Integrated Line Processing Board,150122PILv,37,USED
ERICSSON,KDU137557/4,O/E CONV. 10G - SP,150122PILv,37,USED
RADISYS,ATCA-4500-CPU-OEM,Board,150122PILv,36,USED
CISCO,WS-X6708-10GE,  CISCO Catalyst 6500 08-port 10 Gigabit Ethernet fiber Module,150122PILv,36,USED
ELTEK,52020BIU,ELTEK FLATPACK2 HE Rectifier UNIT 3000 Watt (-48V,150122PILv,36,USED
ELTEK,242100.110,ELTEK Smartpack Advanced G2 242100.110SC dene,150122PILv,36,USED
HUAWEI,03053558,WP22ESPUE -ENHANCED SERVICE PROCESSING UNIT - PGP,150122PILv,36,USED
ERICSSON,ROJ208423/3,SCB-RP,150122PILv,36,USED
CISCO,UCSC-PSU-930WDC,930W -48V DC Common Slot Power Supply for c-Series,150122PILv,36,USED
CISCO,A9K-MPA-4X10GE,ASR 9000 4-port 10GE Modular Port Adapter,150122PILv,36,USED
HUAWEI,03030QAS,CR5D00PSUC70 DC Power Supply Unit 1200W,150122PILv,35,USED
NEC,NWA-016350-001,NEC RL Board,150122PILv,35,USED
HUAWEI,03053960,CGA  - CN21SMUA  - Shelf Management Unit,150122PILv,35,USED
HUAWEI,03020MMN,LE0DX12XSA00 12-PORT 10GBASE-X INTERFACE Board(SA -SFP+),150122PILv,35,USED
HUAWEI,03030AYY,OptiX OSN 2500 - SSQ1CXL1604 - STM-16 System Control - Cross-connect - Optical Interface Board (L-16.2 - LC),150122PILv,35,USED
ERICSSON,BFL119142/1,RBS 2206 CDU G - Combiner Unit,150122PILv,35,USED
HUAWEI,03030QBK,CR5D00E8GF71 03030QBK NE40E 8-Port 100/1000Base-X Interface Card,150122PILv,34,USED
HUAWEI,03030HMQ,TN11TOM01 8xMulti-rate Ports Service Processing Board,150122PILv,34,USED
CISCO,PWR-2KW-DC-V2,2KW DC Power Module Version 2,150122PILv,34,USED
NOKIA,3AL98035AA,63X2MB/S PROT.120 OHM HM (4TE),150122PILv,34,USED
HUAWEI,03052602,CN21MSPB0 MULTIMEDIA SERVICE PROCESS UNIT B 8GB MEMORY,150122PILv,34,USED
HUAWEI,03052367,CN21SWUA1 - SWITCH UNIT - (8 BASE GE + 8 FABRIC GE + TDM MODULE)  - OSTA2.0,150122PILv,34,USED
HUAWEI,03037070,CR5M0EEGFA20 20-Port 100/1000Base-X-SFP Flexible Card A(P40-A.Supporting 1588v2) NE40E-X16,150122PILv,34,USED
HUAWEI,02310CNF,HXFP8441-290|OPTIX WS OPM GEN -SSX4T2XP09 -10.71G OPTICAL TRANSPONDER(-19DBM~0DBM -1550NM;800PS,150122PILv,34,USED
HUAWEI,03020MMJ,LE0D00SRUB00 Quidway S9306/S9312 Main Control Unit B(Optional Clock),150122PILv,34,USED
HUAWEI,02316867,LE0MPSD16 1600W DC Power Module(Gray),150122PILv,34,USED
ERICSSON,ROJ20443/2,RPG3,150122PILv,34,USED
NOKIA ,3AG24327AA,1678 MCC LAC 40 Interconnect (40 Gbit/s) Board,150122PILv,33,USED
HUAWEI,03054842,AE11EI610|ATAE -EI610 -GE*32 INTERFACE BOARD,150122PILv,33,USED
HUAWEI,03052182,CN21SMU CGA -CN21SMU1 -System Management Unit,150122PILv,33,USED
HUAWEI,03020NER,LE0MG48TC 48-Port 100/1000BASE-T Interface Board(EC -RJ45),150122PILv,33,USED
CISCO,A9K-8T-L,8-Port 10GE Low Queue,150122PILv,33,USED
CISCO,N7K-F132XP-15,NEXUS 7000 - 32 PORT 1G/10G ETHERNET Module - SFP/S,150122PILv,33,USED
CISCO,N7K-M148GT-11, Nexus 7000 - 48-Port 10/100/1000 - RJ-45 - 40G Fabric Module,150122PILv,32,USED
CISCO,CISCO867VAE-K9,Ethernet ADSL2+ Negro - Router,150122PILv,32,USED
HUAWEI,03030KWD,CR5MLPUF402A Flexible Card Line Processing Unit(LPUF-40.2 sub-slots) A (L3VPN.MVPN.IPv6 Enhanced),150122PILv,32,USED
HUAWEI,03052366,SWIA0,150122PILv,32,USED
HUAWEI,03054822,TNRD0MPUD270 Main Processing Unit D2,150122PILv,32,USED
CISCO,CISCO888-K9,Router,150122PILv,31,USED
RADISYS,ATCA-4500,Compute Processing Module,150122PILv,31,USED
HUAWEI,02319231,MARP RFU V100R102 - WD5MWFUB81 - Multi-Carrier Transceiver Unit (EDHT 80 W - Band 1 - RX1920-1980 MHz/TX2110-2170 MHz) - 9 U,150122PILv,31,USED
HUAWEI,03051492,PARC WP11UOIA 4-PORT ATM-PACK ET OVER UNCHANNELIZED OPTICAL STM-1-OC-3,150122PILv,31,USED
HUAWEI,03020GDP,TN8D000MP100 Multi-protocol Multi-interface Mother Processing Board,150122PILv,31,USED
HUAWEI,03022ACJ,HERT BBU -WD22UBRIb - Universal BaseBand Radio Interface Board type B,150122PILv,30,USED
HUAWEI,03020LLT,TNDD000CXP00 System Control.Cross-connect and Multi-protocol Process Unit,150122PILv,30,USED
ERICSSON,ROJ208371/4,GSM BSC MPP4-GE,150122PILv,30,USED
ERICSSON,ROJ207030/2,RPBI-S,150122PILv,30,USED
HUAWEI,03020SSA,BBU3900 - QWL1WBBPD1 - WCDMA Baseband Process Unit D - 1*1,150122PILv,29,USED
NOKIA ,3AL89561AB,1660 SM Rel.5 ASSEMBLED FANS UNIT,150122PILv,29,USED
HUAWEI,03052760,PARC WP11UOIC 8-PORT ATM/PACKET OVER UNCHANNELIZED OPTICAL STM-1/OC-3 INTERFACE UNIT REV:C|,150122PILv,29,USED
HUAWEI,03053805,CN21SWUB0 - SWTICH UNIT - WITHOUT XTMA Module - OSTA2.0,150122PILv,29,USED
HUAWEI,03030KBB,CR53-P10-2xcPOS/STM1-SFP 2-Port Channelized OC-3c/STM-1c POS-SFP Flexible Card NE40E-X16,150122PILv,29,USED
ERICSSON,ROJ1192238/22,PRINTED Board ASSEMB/OBIF; OPTICAL BASEB,150122PILv,29,USED
ERICSSON,ROJ1192257/2,STM-1/OC-3,150122PILv,29,USED
CISCO,WS-C6K-13SLOT-FAN2,High Speed Fan Tray for Catalyst 6513 / CISCO 7612,150122PILv,28,USED
ERICSSON,KRC161262/2,RRUS 12 B8  2G Radio UNIT ,150122PILv,28,USED
NOKIA,3AL78836AA,1660 SM Rel.4 EQUICO,150122PILv,28,USED
HUAWEI,03054333,PARC WP11GCUB GENERAL CLOCK BOARD REV:B ,150122PILv,28,USED
HUAWEI,02120532,T8280 Power Supply 220VAC-12DC-300W,150122PILv,28,USED
HUAWEI,03052761,WP1D000FG201 IP Interface Unit (12 FE/4 GE - Electric),150122PILv,28,USED
ERICSSON,ROA1284189/1,SW SSR SWITCH Board,150122PILv,28,USED
CISCO,N7K-AC-6.0KW,NEXUS 7000 - 6.0KW AC Power Supply Module,150122PILv,28,USED
CISCO,A9K-40GE-B,ASR 9000 40-Port GE Line Board - Requires SFPs,150122PILv,27,USED
CISCO,N7K-SUP1, Nexus 7000 - Supervisor Module - Includes External 8GB Log,150122PILv,27,USED
HUAWEI,ETP48200-C5D1,D1 Serial ETP 5U 200 A 48V Converter system shelf,150122PILv,27,USED
HUAWEI,02315076,DOUBLE Transceiver UNIT GM5M6DTRU,150122PILv,27,USED
HUAWEI,03026728,SSN1D12S 32xE1/T1 Electrical Interface Switching Board(120 Ohm) OSN 3500,150122PILv,27,USED
HUAWEI,03030AMX,SSQ2CXL1602 OSN 2500 - STM-16 System Control - Cross-Connect - Optical Interface Board (S-16.1  - LC,150122PILv,27,USED
HUAWEI,03020GCA,TN8D000PIU00 Power Interface Unit,150122PILv,27,USED
HUAWEI,03054339,TNDD2GEOPT01 2 Channels GE Optical Interface Board,150122PILv,27,USED
ERICSSON,BFD599031/2,AMM 2P B,150122PILv,27,USED
HUAWEI,03021NMV,03021NMV-CE-CMUA CloudEngine 12800 Main Unit,150122PILv,26,USED
ERICSSON,BFB14012/1,FAN UNIT,150122PILv,26,USED
HUAWEI,03021NUD,03021NUD-CE MPUA CARD,150122PILv,26,USED
HUAWEI,02130865,CR52-PWRD-AC Rectifier.-10degC-55degC.90V-280V.48V/30A.,150122PILv,26,USED
HUAWEI,03020LWF,TNDD8FEELE00 8 Channels Fast Ethernet Electric Interface Board,150122PILv,26,USED
HUAWEI,03052365,CN21SWIA1 -SWTICH BOARD INTERFACE -8 BASE GE+ 8FABRIC GE + L2/L3 CLOCK MODULE OSTA2.0,150122PILv,26,USED
HUAWEI,02120371,SSTME2FANA01 Cabinet Fan Unit,150122PILv,26,USED
ERICSSON,ROJ20816/3,GARP-1,150122PILv,26,USED
CISCO,A9K-36X10GE-SE,ASR 9000 36-port 10GE  Service Edge Optimized LC,150122PILv,26,USED
CISCO,ASR-9922-RP-TR,ASR 9922 ROUTE PROCESSOR 6 GB,150122PILv,26,USED
HUAWEI,03030GXT,.TN11TDX01 OPTIX OSN 6800 2 X 10G Tributary Service Processing Board,150122PILv,25,USED
HUAWEI,03020FXB,TN81SCA - AUXILIARY PROCESSING UNIT AND COMMUNICATION SYSTEM CONTROL,150122PILv,25,USED
ERICSSON,ROJ208841/2,R4A GEP2-4-QC-HD Board,150122PILv,25,USED
COMMSCOPE,CMAX-DMF-CPUSEI53,Low PIM Directional MIMO In-Building Antenna - 698–,150122PILv,24,USED
HUAWEI,02311BPD,RRU3959 WD5MJRUAC8E0 02311BPD 02310CJW for 900MHz/1800MHz/2100MHz,150124JGKn,24,USED
NOKIA,3AL80411AB,1660SM/1650SM-C ISA GBE ACCESS CARD /2,150122PILv,24,USED
NOKIA,3HE04415AA,7210 SAS-E/SAS-M DC Power Supply.,150122PILv,24,USED
HUAWEI,02130748,AC-DC Power.-5degC.45degC.170V.275V.54V/37A.non US,150122PILv,24,USED
HUAWEI,03052636,CR52SFUG0 or WP21SFUG for GGSN9811 UGW9811,150122PILv,24,USED
ERICSSON,ROJ208315/1,CDB,150122PILv,24,USED
ERICSSON,UKL40172/16,RAU2 X 38/16 Transmission 38ghz High,150122PILv,24,USED
CISCO,A9K-MPA-20X1GE,ASR 9000 20-PORTs 1 GE,150122PILv,24,USED
HUAWEI,03030ETE,TN11D4001 40-channel Demultiplexing Board(C Even -196.00THz~192.10THz -100GHz -Thermal AWG -LC),150122PILv,23,USED
ERICSSON,BML231201/1,PSU for RBS 2202,150122PILv,23,USED
CISCO,WS-CAC-6000W,Cat6500 6000W AC Power Supply,150122PILv,23,USED
NEC,FP8131T-02EU,3G Access Point FEMTOCELL,150122PILv,23,USED
HUAWEI,03020LCU,LE0DCMUA0000 Centralized Monitoring Board,150122PILv,23,USED
HUAWEI,03055314,WP23EFGFB0 24-Port 100/1000Base-X-SFP Flexible Card(P51) Applicable to the LPUF-51 board,150122PILv,23,USED
ERICSSON,UKL601112/72HP,RAU2 N 23/72 HP - C-QPSK - 128QAM,150122PILv,23,USED
ERICSSON,ROA1283204/1,XCRP4 HECI SOUCAEP,150122PILv,23,USED
HUAWEI,03054230,CR5DSFUIA07D 100Gbps Switch Fabric Unit D(SFUI-100-D),150122PILv,22,USED
DELTA,ESR-48/56BFC-A,Description is not found,150122PILv,22,USED
NOKIA,3AL79152AA,1670 SM 16XSTM-1 OPT/EL PORT,150122PILv,22,USED
NOKIA,3AL80492AA,1670 SM 16XSTM1 ELECTRICAL ACCESS,150122PILv,22,USED
HUAWEI,02300562,PARC BASE SHELF WP1K1PBCS,150122PILv,22,USED
HUAWEI,03833410,SLQ1 4xSTM-1 Optical Interface Board,150122PILv,22,USED
HUAWEI,03051747,USI2,150122PILv,22,USED
HUAWEI,03052276,WP21LPUKD0 Flexible Card Line Processing Unit 128Gbps,150122PILv,22,USED
HUAWEI,03055315,WP23EFGFB0  - 24-PORT 100-1000BASE-X-SFP FLEXIBLE CARD,150122PILv,22,USED
ERICSSON,ROJ1192232/1,ET-MFG;1000MB/S 2PRT,150122PILv,22,USED
ERICSSON,ROJ1192106/65,PRINTED Board ASSEMB/GPB;1 -33GHZ 4GB/2G,150122PILv,22,USED
CISCO,VS-S720-10G,Catalyst 6500 Supervisor 720 with 2 10GbE ports  ,150122PILv,22,USED
HUAWEI,03054206,CR5D0MPUD170 Main Processing Unit D2(Including 2G Memory and 2G USB),150122PILv,21,USED
HUAWEI,03030ETD,TN11M4001 40-channel Multiplexing Board(C_ Even -196.00THz~192.10THz -100GHz -Thermal AWG -LC),150122PILv,21,USED
NOKIA,3HE01473AA,7750 SR-7/12 IOM2-20G,150122PILv,21,USED
NEC,FPA16241T-02EU,OFFICE FEMTOCELL ACCESS POINT,150122PILv,21,USED
HUAWEI,03021VCC,AR-4ES2G-S 4-Port 1000-RJ45 L2 Ethernet Interface BOARD(SIC),150122PILv,21,USED
HUAWEI,03051951,GS3DIMGEFC00 EFFC Board T8280 T8290 OSTA2.0 ,150122PILv,21,USED
ERICSSON,ROJ208135/10,PRINTED Board ASSEMB/ISER GIGE 1000BASE-,150122PILv,21,USED
CISCO,A9K-2T20GE-L,CISCO A9K-2T20GE-L 2-Port 10GE 20-Port GE Low Queue Combo Line Board Requires XFP-,150122PILv,21,USED
CISCO,WS-C3560-24TS-S,SWITCH,150122PILv,21,USED
HUAWEI,03021VHB,BBU3900 -QWL3WBBPF1 -Baseband Processing Unit ( CE:UL192/DL256) -1*1,150122PILv,20,USED
HUAWEI,03031DJR,CR5D00EAGF70 10-Port 100/1000Base-X-SFP Physical Interface Card(PIC),150122PILv,20,USED
CISCO,PWR-C49-300DC,CISCO  Catalyst 4900 300-Watt DC Power Supply,150122PILv,20,USED
CISCO,CISCO7206VXR/NPE-G2,CISCO 7206VXR Router with NPE-G2 includes 3GigE/FE,150122PILv,20,USED
HUAWEI,03022PQV,03022PQV-CE-L12CF-EG CARD,150122PILv,20,USED
HUAWEI,03053858,CN21ESUA0 -ENHANCED SERVICE BOARD -CPU*1+DIMM*48GB+SSD*1 - OSTA2.0,150122PILv,20,USED
HUAWEI,03030FHQ,SSN2PL3A OSN 3500  3xE3/T3 Front Leading-out Service Processing Board,150122PILv,20,USED
HUAWEI,03052652,WP21L1XXB0  - 1-PORT 10GBASE WAN-LAN XFP FLEXIBLE INTERFACE DAUGHTER CARD,150122PILv,20,USED
HUAWEI,03055316,WP23L2XFC0 | 2-PORT 10GBASE LAN-WAN-SFP+ FLEXIBLE CARD (P51),150122PILv,20,USED
ERICSSON,KFE1011162/2,FILTER UNIT (PFU 02.01),150122PILv,20,USED
ERICSSON,ROJ208882/1,PRINTED Board ASSEMB/GED-DVD,150122PILv,20,USED
ERICSSON,ZHY60117/1,SAU 0101,150122PILv,20,USED
CISCO,A9K-MOD80-TR,80G Modular LineBoard - Packet Transport Optimized,150122PILv,20,USED
CISCO,WS-X6704-10GE,  CISCO Catalyst 6500 04-port 10 Gigabit Ethernet fiber Module,150122PILv,19,USED
HUAWEI,03021HER, TNF1OBU C-BAND Optical Booster Unit (MAX -3dBm IN and 20dBm OUT -Gain 23dB),150122PILv,19,USED
NOKIA,3HE04823AA,7950 XRS SFP+ 10GE LR - LC,150122PILv,19,USED
HUAWEI,03030JUL,CR52-P21-40x100/1000Base-X-SFP 40-Port 100/1000Base-SFP Flexible Card(Occupy two sub-slots) NE40E-X3,150122PILv,19,USED
HUAWEI,03036752,CR52L2XXN0 NETENGINE40E  - 2-PORT10GBASE LAN-WAN-XFP FLEXIBLE CARD P40,150122PILv,19,USED
HUAWEI,03030DFD,SSN2PD3 6xE3/DS3 Service Processing Board OSN 3500,150122PILv,19,USED
HUAWEI,03052748,WP1D000POU01 IP Interface Unit (4 STM-1 - Channelized),150122PILv,19,USED
ERICSSON,ROJ208890/1,GEA,150122PILv,19,USED
ERICSSON,ROJ208326/1,PGW Board,150122PILv,19,USED
ERICSSON,ROJ208325/1,STEB,150122PILv,19,USED
CISCO,RSP720-3C-GE,CISCO 7600 Router,150122PILv,19,USED
CISCO,N7K-F248XP-25E,CISCO Nexus F2 Module - 48 Port Fiber 1 ve 10 Gigab,150122PILv,19,USED
HUAWEI,03020JVJ,BBU3900 - QWL2WBBPB4 - WCDMA BaseBand Processing Unit,150122PILv,18,USED
DELTA,52100AKB,Rectifier 220V 48V with Battery Back-Up for SMALCELL,150122PILv,18,USED
HUAWEI,03052995,WD53UBRI Universal BaseBand Radio Interface Board,150122PILv,18,USED
HUAWEI,02310CEW,WD5M18MRFU07  BTS3900A MRFUd 900MHz EGSM,150122PILv,18,USED
NEC,NWA-014800-001,NEC RL CTRL,150122PILv,18,USED
HUAWEI,03020NDE,H801PRTE Connect Power Board,150122PILv,18,USED
HUAWEI,03030CEP,SSN3GSCC01 OptiX OSN 3500 System Control and Communication Board,150122PILv,18,USED
HUAWEI,03030DJX,SST1SXCSA Super Cross-Connect and Synchronous Timing Board,150122PILv,18,USED
ERICSSON,KRY1011841/1,Ericsson Multicasting Matrix 806-960MHz,150122PILv,18,USED
ERICSSON,ROJ204507/1,RP4-H.,150122PILv,18,USED
CISCO,A9K-2KW-DC-V03,CISCO ASR 9000  2KW DC POWER Module,150122PILv,18,USED
CISCO,12000-SIP-501,CISCO Multirate 5G IP Services Engines (Modular),150122PILv,18,USED
HUAWEI,02315118,GM5M6DDPU  - DUAL DUPLEXER UNIT FOR DTRU BTS,150122PILv,17,USED
HUAWEI,03054400,CR5D0EMGFA70 48-Port 100/1000Base-X-SFP Integrated Line Processing Unit (LPUI-51),150122PILv,17,USED
HUAWEI,03030QFK,TN52ND2T04	Double 10G Line Service Processing Board(AFEC -Super WDM -Tunable) -50GHz(800ps/nm -Rx1_PIN -Tx1_-3dBm~+2dBm -LC) OSN 8800,150122PILv,17,USED
HUAWEI,03030KLP,TN52XCH01 1.28T CENTRALIZED CROSS CONNECT BOARD-ODUK -VC4,150122PILv,17,USED
HUAWEI,03030MPH,CR51MPUG0  Main Processing Unit G (Including 1*1G CF BOARD) NE40,150122PILv,17,USED
HUAWEI,03020NWR,LE0MMCUA Quidway S9303 Main Control Unit A,150122PILv,17,USED
HUAWEI,03059560,SL93EM6X01 2*GE(RJ45)+3*10GE(SFP+)+1*GE(SFP+) Ethernet process board,150122PILv,17,USED
HUAWEI,03030FHR,SSN2PL3 OSN 1500b 3xE3/T3 Service Processing Board,150122PILv,17,USED
HUAWEI,03026772,SSR1PIU SDH HUAWEI SS PIU 1500B,150122PILv,17,USED
ERICSSON,ROA1284188/1,R2S ALSWN For Ericsson BSC Equipment,150122PILv,17,USED
CISCO,WS-SUP32-GE-3B,WS-SUP32-GE-3B,150122PILv,17,USED
HUAWEI,02120476,TN8B0E1FAN00 Chassis Fan,150122PILv,16,USED
NOKIA,3FE27289AA,Board for NOKIA 7302 ISAM,150122PILv,16,USED
NOKIA,3AL89590AA,1678 MCC DC/DC CONVERTER STEP UP2000W,150122PILv,16,USED
ERICSSON,BMK90582/1,PSU DC 2115W,150122PILv,16,USED
ELTEK,241119.105,ELTEK FLATPACK2 48/3000 HE 52020BIU Rectifier UNIT,150122PILv,16,USED
JUNIPER,740-032210,CFP-100GBASE-LR4 740-032210 100Gb Single Mode 10km Transceiver Module,150122PILv,16,USED
HUAWEI,03024QLU,SL91CSHUF| TDM/HYBRID/PACKET LARGE CAPACITY SYSTEM CONTROL AND CROSS-CONNECT BOARD,150122PILv,16,USED
HUAWEI,03023GHT,SL91EM6D RTN 950 2*10GE/GE+4*GE Ethernet Service Processing Board with Super Dual Band Feature,150122PILv,16,USED
HUAWEI,03054839,AE11EX650 ATAE EX650 GE/10GE/FC SWITCING BOARD,150122PILv,16,USED
HUAWEI,02120560,CR5M000PEM60 NE40E-X8 48V DC Power Entry Module,150122PILv,16,USED
HUAWEI,03020NMK,SSN1EGSH 16-port Gigabit Ethernet Switching Processing Board,150122PILv,16,USED
ERICSSON,ROJ20406/1,DLHB.,150122PILv,16,USED
ERICSSON,ROJ1192161/2,ET-MC41155Mb/s 1prt,150122PILv,16,USED
ERICSSON,ROJ208815/2,PRINTED Board ASSEMB/GEP2-12G SAS,150122PILv,16,USED
ERICSSON,ROJ208368/10,PRINTED Board ASSEMB/XB5-LE PIU,150122PILv,16,USED
ERICSSON,ROJ20408/1,RPG2,150122PILv,16,USED
CISCO,N7K-DC-6.0KW,CISCO Nexus 7000 6.0kW DC Power Supply,150122PILv,16,USED
ERICSSON,ROA1285664/1,Board,150122PILv,15,USED
HUAWEI,03030PVG,CR5D00C4CF70 4-Port Channelized STM-1c POS-SFP Flexible Card(P50) NE40E-X8,150122PILv,15,USED
HUAWEI,03054520,CR5D0L5XFA7L 5-Port 10GBase LAN/WAN-SFP+ Integrated Line Processing Unit L(LPUI-51-L),150122PILv,15,USED
HUAWEI,03021FSF,TN52UXCH - OSN 8800 3.2T Universal Cross Connect Board-ODUk -PKT -VC4,150122PILv,15,USED
CISCO,PWR-C45-4200ACV,CISCO FAN 4510 Series Chassis purpose,150122PILv,15,USED
HUAWEI,02317237,BTS3900/A -WD5MMRFU68B -Multi-Mode Transceiver Unit -900M RX890-915MHz/TX935-960MHz,150122PILv,15,USED
NOKIA,3HE00032AA,7750 SR MDA-8 Port OC3/STM1 POS,150122PILv,15,USED
NEC,NWA-014550-001,NEC RL TR DIST,150122PILv,15,USED
HUAWEI,02351596,CR52-BKPE-4U-DC Integrated DC Chassis Components(NE40E-X3)-4U	,150122PILv,15,USED
HUAWEI,02352933,AR0M012VBA00  - AR1220V.2GE WAN.8FE LAN.2 USB.2 SIC.build-in 32-channel DSP,150122PILv,15,USED
ERICSSON,ROA1284192/1,R2G/R2Z/R2AB,150122PILv,15,USED
ERICSSON,ROJ1192291/1,ET-MF4,150122PILv,15,USED
ERICSSON,ROJ208880/2,GED-SASF 300GB,150122PILv,15,USED
ERICSSON,BOE60214/1,RBS 2206 Functional Unit - DXU-21,150122PILv,15,USED
ERICSSON,ROJ208304/1,XDB,150122PILv,15,USED
CISCO,N7K-SUP2,CISCO NEXUS 7000 2 ENGINE Module,150122PILv,15,USED
HUAWEI,02311CHK,WD2M000FAN08 2U FAN Module,150122PILv,14,USED
HUAWEI,02350TKM,ATN 910C-B 4*10GE(o) - 8*10GE/GE/FE(o) - 8*GE/FE(o) - 8*GE/FE(e),150122PILv,14,USED
HUAWEI,03030MVS,TN13OAU101 C-BAND Optical Amplifier Unit(MAX 0dBm IN and 20dBm OUT -Gain 20~31dB),150122PILv,14,USED
HUAWEI,03020YSG,TNH2SP3DA 42xE1/120ohm(T1/100ohm) Electrical Interface Board,150122PILv,14,USED
HUAWEI,03030RJQ,CR5D08CWDM70 8-Channel CWDM Multiplexing & Demultiplexing (1471/1491/1511/1531/1551/1571/1591/1611nm) Physical Interface Card(PIC),150122PILv,14,USED
HUAWEI,03071174,TNF1MR202 Double channel optical add/drop multiplexing board HUAWEI MR2 OSN 1800 ,150122PILv,14,USED
HUAWEI,03030RFQ,CR5D00PSUD71 DC Power Supply Unit 1600W,150122PILv,14,USED
HUAWEI,02311MJH,RRU3936 WD5MJRUD88EB 02311MJH for DBS3900 D,150122PILv,14,USED
HUAWEI,03053804,CN21SWUB1 - SWITCH UNIT - WITH XTMA Module OSTA2.0 ,150122PILv,14,USED
HUAWEI,03030GSK,"CR52-P20-1x10GBase WAN/LAN-XFP
1-Port 10GBase WAN/LAN-XFP Flexible BOARD",150122PILv,14,USED
HUAWEI,02310MPN,NE40E-X2-M8 DC Fan Unit.,150122PILv,14,USED
HUAWEI,03054296,PARC WP11EGPUA EVOLVED GENERAL PROCESSING UnIT ReV: a ,150122PILv,14,USED
HUAWEI,03030JSA,SSN3SL16ASTM-16 Optical Interface Board,150122PILv,14,USED
HUAWEI,03050984,SSQ2CXL1 OPTIX OSN 2500 STM 1 SYSTEM CONTROL CROSS CONNECT OPTICAL INTERFACE,150122PILv,14,USED
HUAWEI,03020TSG,TN8D000XCS02 Cross-connect and Synchronous Timing Unit,150122PILv,14,USED
ERICSSON,BFD599030/3,6P TN B,150122PILv,14,USED
ERICSSON,ROJ208314/2,CGB-2 CLM890,150122PILv,14,USED
CISCO,A9K-4T-L,CISCO ASR 4-PORT 10GE LOW QUEUE LINE Board,150122PILv,14,USED
CISCO,WS-C4948,CISCO Catalyst 4948 - optnl sw - 48-Port 10/100/1000,150122PILv,14,USED
CISCO,WS-X4991V04,CISCO CATALYST FAN TRAY,150122PILv,14,USED
HUAWEI,03054676,AE34AKI Interface Cell 1,150122PILv,13,USED
HUAWEI,03031LMU,TN13FIU03 Fiber Interface Board,150122PILv,13,USED
NOKIA,3HE01171AA,7750 SR-7 SF/SPM-2 200G,150122PILv,13,USED
HUAWEI,03020KHM,4-PORT GIGABIT ETHERNET SWITCH,150122PILv,13,USED
HUAWEI,02315989,Data communication processing module GRFU 900MHz PGSM,150122PILv,13,USED
HUAWEI,03051838,GS31SMMD0  - CHASSIS MANAGEMENT MODULE ATAE,150122PILv,13,USED
HUAWEI,02113330,OPTIX OSN 550,150122PILv,13,USED
ERICSSON,UKL601112/73HP,RAU2 N 23/73 HP - C-QPSK - 128QAM,150122PILv,13,USED
ERICSSON,UKL40163/76,RAU2 X 23/76 HP,150122PILv,13,USED
ERICSSON,UKL40170/A23HP,RAU2 X 7/A23 HP,150122PILv,13,USED
CISCO,A9K-4T-B,CISCO 9000 4-PORT 10GE LINE Board - REQUIRES XFPS,150122PILv,13,USED
CISCO,WS-X4548-GB-RJ45,Cisco Catalyst 4500 Enhanced 48-Port,150122PILv,13,USED
CISCO,WS-X6748-SFP,CISCO Catalyst 6500 48-port GigE Mod: fabric-enabl,150122PILv,13,USED
CISCO,MEM-4300-8G,Memory - Module - 8 GB,150122PILv,13,USED
Symmetricom,990-13180-070,GPS Antenna 32-3372-00-01 ,150122PILv,12,USED
HUAWEI,03020PSR,BBU3900 - QWL2WBBPB2 - WCDMA BaseBand Processing Unit,150122PILv,12,USED
HUAWEI,03056764, CN2E01FMB  - ATCA 8290 FRAME Fan Unit  - ATCA 8290 ,150122PILv,12,USED
ERICSSON,ROJ208813/2,Board,150122PILv,12,USED
NOKIA,3AL78818AA,1660 SM 2x140/STM-1 Optic/electric adapter,150122PILv,12,USED
DELTA,TPS1020025A,DELTA ORION Control Board,150122PILv,12,USED
CISCO,WS-CDC-2500W,CISCO Catalyst 6000 2500W DC Power Supply,150122PILv,12,USED
HUAWEI,02120731,DC Power Distribution Unit (DCDU),150122PILv,12,USED
CISCO,A9K-1.5KW-DC,DC Power Module,150122PILv,12,USED
NOKIA,3HE03661AA,7750 SR-7  DC PEM-3 (Slot position 1),150122PILv,12,USED
HUAWEI,03052608,CN21UPBA3 CGA - -UNIVERSAL PROCESS BLADE -2CPU+6*4G DDR2+1*64G SSD,150122PILv,12,USED
HUAWEI,03052290,OSTA2.0 -CN21UPBA2 -UNIVERSAL PROCESS BLADE -2CPU+6*4GDDR2+2*146G HDDPART OF ADP MACHINE - OSTA 2.0 ,150122PILv,12,USED
HUAWEI,03020SWY,SL9D0SP3SA01 16*E1/120ohm Tributary Board,150122PILv,12,USED
HUAWEI,03030DKF,SSN1SXCSA Optix Osn3500 Super Cross-connect and Synchronous Timing Board(Without Extension Host),150122PILv,12,USED
HUAWEI,03021MCG,TNDD00CXPC00 System Control.Cross-connect and Multi-protocol Process Unit,150122PILv,12,USED
HUAWEI,03030LGL,WP21EMPU0 Main Processing Unit,150122PILv,12,USED
ERICSSON,UKL40175/52,RAU2 X 26/52,150122PILv,12,USED
CISCO,HWIC-2SHDSL,73-10248-01,150122PILv,12,USED
CISCO,WS-X6148-GE-TX,CISCO 6500 48-port 10/100/1000 GE Mod. RJ-45,150122PILv,12,USED
CISCO,A99-RP2-SE,CISCO ASR 9000 Board,150122PILv,12,USED
CISCO,WS-F6700-CFC,CISCO CENTRALIZED FORWARD Board FOR WS-X67xx BoardS,150122PILv,12,USED
CISCO,WS-SVC-FWM-1,CISCO Firewall blade for 6500 And 7600,150122PILv,12,USED
KATHREIN,86010147,Kathrein Remote Control Unit - RCU AISG 1.1,150122PILv,11,USED
NOKIA,8DG25684AA,SSY - FAN UNIT TRAY (TSS-100),150122PILv,11,USED
HUAWEI,03030KSR,CR5D0SRUA470 Switch and Route Processing Unit A4 SRUA NetEngine NE40E-X8,150122PILv,11,USED
HUAWEI,03020QGU,TNF1OPU Optical Pre-Amplifier Unit (-19dBm/1dBm -20dB Gain -C-BAND)  -Wind Cooling Mode,150122PILv,11,USED
HUAWEI,03030LNB,TN52SCC01 System Control and Communication Board,150122PILv,11,USED
HUAWEI,03030LWM,TN54NS3T01 40G Line Service Processing Board(AFEC -DQPSK -Tunable) -50GHz(Rx1_PIN -Tx1_-5dBm~0dBm -LC)),150122PILv,11,USED
CISCO,PWR-4000-DC,CISCO Catalyst 6500 4000W DC PowerSupply,150122PILv,11,USED
NEC,NWA-014570-002,NEC RL CLK Board,150122PILv,11,USED
HUAWEI,03030KTM,SSQ5CXLN - STM -1-4-16 System Control - Cross -Connect - Optical Interface Board OSN 3500,150122PILv,11,USED
HUAWEI,03030LKF,TNCM0FAN0102 RTN 910 FAN Unit,150122PILv,11,USED
HUAWEI,03030EYX,WP21POMUO MOUNTING PLATE ,150122PILv,11,USED
ERICSSON,KRC161149/1,RBS 2216 DRU  -Transceiver-EGSM,150122PILv,11,USED
ERICSSON,ROJ1192103/5,SPB SP5PROC 800MHZ 1,150122PILv,11,USED
CISCO,800-26571-02,CISCO 800-26571-02 - 1 port G.shdsl WIC with 4-wire ,150122PILv,11,USED
HUAWEI,02319940,BBU3900 - WD2B1BBU4 - Distributed Base Station Base Band Unit (-48 V),150122PILv,10,USED
HUAWEI,03054397,CR5D0L4XFA70 4-Port 10GBase LAN/WAN-SFP+ Integrated Line Processing Unit (LPUI-51),150122PILv,10,USED
HUAWEI,03030HAR,TN11TBE01 10G Ethernet Tributary Board,150122PILv,10,USED
HUAWEI,03020UGF,TNHD0SP3DA01 32*E1/120ohm Electrical Interface Board.,150122PILv,10,USED
HUAWEI,03030JUH,TN12SC201 Bi-direction Optical Supervision Channel Board,150122PILv,10,USED
NOKIA,3AL78864AA,1660 SM 3x34/45 Mbit/s port (w/o access Module),150122PILv,10,USED
DELTA,73-15494-05,Board,150122PILv,10,USED
NOKIA,3HE03663AA,NOKIA-Lucent 3HE03663AA,150122PILv,10,USED
HUAWEI,02113354,CASE-II (2U - FAN) FIBER STORAGE (TNFBDCCASE02),150122PILv,10,USED
HUAWEI,03053875,CN21SWIB1 Switch Unit Interface ,150122PILv,10,USED
HUAWEI,03052372,ETIA0,150122PILv,10,USED
HUAWEI,03020PRW,LE0MG24SC 24-Port 100/1000BASE-X Interface Board(EC -SFP),150122PILv,10,USED
HUAWEI,03037557,OPTIX OSN 1500  - SSR1EOW01  - ENGINEERING ORDER WIRE BOARD,150122PILv,10,USED
HUAWEI,03037692,OptiX OSN 3500  - SSN1SL6401  - STM-64 Optical Interface Board ,150122PILv,10,USED
HUAWEI,03052087,QWM2UTRP3 W-ATM 03052087 QWMD0UTRP300 card for HUAWEI BBU3900 BBU3910,150122PILv,10,USED
HUAWEI,03024QLX,SLF2CSHOF RTN 950A 16*E1(TDM)+4*GE(RJ45)+2*10GE(SFP+)+2*GE/STM-1(SFP) Hybrid System Control and Cross-connect Board,150122PILv,10,USED
ERICSSON,ROJ1192163/1,ET-MC121.5Mb/s 8,150122PILv,10,USED
ERICSSON,ROJ208844/3,GEP3-HD600,150122PILv,10,USED
ERICSSON,ROJ2081304/10,MMU2 C,150122PILv,10,USED
ERICSSON,ROJ208452/1,PMD.,150122PILv,10,USED
ERICSSON,BMG98013/1,RBS 2206 BFU-21,150122PILv,10,USED
ERICSSON,KDU137557/5,O/E conv.,150122PILv,10,USED
CISCO,A9K-RSP-4G,ASR9K Fabric - Controller 4G memory,150122PILv,10,USED
CISCO,A9K-2T20GE-B,ASR9K 2-PORT ASR9000 Series,150122PILv,10,USED
CISCO,WS-X45-SUP8-E,CISCO 4510 Series Board,150122PILv,10,USED
CISCO,WS-X4582+E,CISCO 4510 Series FAN,150122PILv,10,USED
CISCO,AIR-AP1120B-E-K9,CISCO 802.11b Wireless Access Point,150122PILv,10,USED
CISCO,A9K-RSP440-TR,CISCO ASR9K Route Switch Processor with 440G/slot ,150122PILv,10,USED
CISCO,WS-F6700-DFC3CXL,CISCO Catalyst 6500 Dist Fwd Board- 3CXL - for WS-X6,150122PILv,10,USED
COMMSCOPE,VHLP2-80-HW2,Microwave Antenna.A80S06HAC.80G.600mm.HP.Single Polarization.Compact Mount.50.5dBi.0.5deg.25dB.With bracket,150122PILv,9,USED
HUAWEI,02120458,WD2E1FAN,150122PILv,9,USED
HUAWEI,02120495,TN5M0E1FAN01 OSN8800 FAN ,150122PILv,9,USED
ERICSSON,BFB14013/2,FAN UNIT,150122PILv,9,USED
CISCO,WS-C6509-E-FAN,Catalyst 6509-E Chassis Fan Tray,150122PILv,9,USED
HUAWEI,03030GMU,GBTS Packet Process Unit,150122PILv,9,USED
HUAWEI,03030PMN,CR5D0EFGFA71 24-Port 100/1000Base-X-SFP Flexible Card A(P101-A) NE40E-X8,150122PILv,9,USED
HUAWEI,03055053,CR5D0EMGFA7J 48-Port 100/1000Base-X-SFP Integrated Line Processing Unit E(LPUI-51-E),150122PILv,9,USED
HUAWEI,03030LTQ,TN13WSD9C03 9-Port Wavelength Selective Switching Demultiplexing Board(C_Band -196.05THz~192.10THz -50GHz -LC),150122PILv,9,USED
HUAWEI,03030HKY,TN13WSM9C01 - 9-Port Wavelength Selective Switching Multiplexing Board(C_Band -196.05THz~192.10THz -50GHz -LC),150122PILv,9,USED
HUAWEI,03030GDY,TN11ITL01 Interleaver Board(C Band),150122PILv,9,USED
TEKTRONIX,870005103,NETSCOUT LP2000-2 Board for TEKTRONIX Chassis,150122PILv,9,USED
RADISYS,MPCBL0001N04,C13354-021,150122PILv,9,USED
NEC,NWA-014810-001,NEC RL Board,150122PILv,9,USED
NEC,NWA-014560-001,NEC RL FAN UNIT Board,150122PILv,9,USED
NEC,H2960B,NEC STM-1 OPT S.1.1 (INCL. STM-1 LICENCE FEE),150122PILv,9,USED
HUAWEI,03053785,WP1D000SAU03 ACCOUNT SERVICE CARD WITH LINUX SERVER,150122PILv,9,USED
HUAWEI,02300496,OptiX OSN 1500 - SSR1AFB - Subrack,150122PILv,9,USED
HUAWEI,02300653,OSN 1500B SSRK000AFB01 - Subrack,150122PILv,9,USED
HUAWEI,03030EPY,OSN1500 2500 3500 7500 1-port STM-16 2.5G optical interface board SSN3SL1603 equipped with 1 V-16.2Je 140km SFP module,150122PILv,9,USED
HUAWEI,03020SCF,SL91EM6F Gigabit Ethernet Board EM6F,150122PILv,9,USED
ERICSSON,KRY1011856/1,RBS 2206 Unit - CXU 900/1800/1900 MHz,150122PILv,9,USED
CISCO,PA-MC-8TE1,8 port multichannel T1/E1 8PRI port adapter,150122PILv,9,USED
CISCO,ES+4TG3CXL,Cisco 7600 Series Ethernet Services Plus 20G Line Card - 4-port 10 GE XFP and DFC-3CXL,150122PILv,9,USED
CISCO,73-7549-03,CISCO PA-MC-8TE1+ 73-7549-03 C1 PTC 232/02/020 8-PORT ADAPTOR,150122PILv,9,USED
CISCO,N7K-C7018-FAB-1,NEXUS 7000 - 18 SLOT Chassis - 46GBPS/SLOT FABRIC,150122PILv,9,USED
ANDREW,ATM200-A20,RET,150122PILv,9,USED
HUAWEI,03057389,BBU3900 - WD22UMPTB3 - UNIVERSAL MAIN PROCESSING & TRANSMISSION UNIT WITH 4E1 AND 2FE / GE INTERFACE) INSTALLATION PROCESSOR,150122PILv,8,USED
HUAWEI,02120562,CR5M000FBX60 Fan Unit ,150122PILv,8,USED
ERICSSON,BFB14013/1,FAN UNIT,150122PILv,8,USED
HUAWEI,52414904,Microwave ODU -RTN XMC -26G --3E -Low site -H -24829MHz -25165MHz -25837MHz -26173MHz -1008MHz -Sub Band B -24829MHz -25165MHz,150122PILv,8,USED
TEKTRONIX,SW-1000,Board,150122PILv,8,USED
HUAWEI,03057756,03057756-CN26UPBA0 UPBA0b CARD,150122PILv,8,USED
HUAWEI,03030PLX,CR5D00A8CF70 NE40E 8-Port OC-3c/STM-1c ATM-SFP Flexible Card,150122PILv,8,USED
HUAWEI,034070276,TN520ACE108C Pluggable Optical Amplifier - Extended C-band - Gain 8~14dB - Max 21.5dBm Out - Support WD. (34070276-002),150122PILv,8,USED
NOKIA,3AL89670AA,1660 SM Rel.5 ELECTRICAL ACCESS 16XSTM1,150122PILv,8,USED
HUAWEI,03030LWL,TN11RMU902 9-Port ROADM Multiplexing Board (with Dark -C_Band),150122PILv,8,USED
HUAWEI,03020YNE,TNH2EFS8 8-Port 100M Fast Ethernet Processing Board,150122PILv,8,USED
CISCO,PWR-3KW-AC,ASR 9000 Power Module,150122PILv,8,USED
ADVANCED ENERGY,D79488-006,-48V B TCA POWER,150122PILv,8,USED
Symmetricom,090-50201-112,GPS 2700 Module TimeProvider 2700,150122PILv,8,USED
Quantum,AFM400,TESAS-QUINTUM.Quintum 4 FXS/4FXO ANALOG PORTS,150122PILv,8,USED
NOKIA,8DG15611AA,MATRIXE ,150122PILv,8,USED
NOKIA,3HE00037AA,7750 SR MDA-8 Port OC3/12-STM1/4 POS,150122PILv,8,USED
NEC,H2960A,NEC Board TN,150122PILv,8,USED
NEC,NW-014830-001,NEC RL SWO PROC Board,150122PILv,8,USED
HUAWEI,03024DXF,03024DXF-48-PORT-10GE INTERFACE BOARD(FG -SFP+),150122PILv,8,USED
HUAWEI,03054283,ANDD000EX100 1 Channel 10 GE Optical Interface board,150122PILv,8,USED
HUAWEI,03053868,CN21QXIA0 UNIVERSAL REAR BOARD-(4*10GE+4*GE),150122PILv,8,USED
HUAWEI,03030MPL,CR51NPUI20  Network Processing Unit Integrated with 2-Port 10G,150122PILv,8,USED
HUAWEI,02120632,CR52FCBE Fan Unit  -PGP,150122PILv,8,USED
HUAWEI,02310FJV,CR52PFUC - Filtering Module ,150122PILv,8,USED
HUAWEI,02120482,E000FBX01 Integrated Chassis 3-fan Fan Unit,150122PILv,8,USED
HUAWEI,03020NTU,LE0MFSUA Enhanced Flexible Service Unit,150122PILv,8,USED
HUAWEI,03055852,PB01SM310  - SHELF MANAGEMENT BOARD-SM310,150122PILv,8,USED
HUAWEI,03029593,SSN2DCU(60km/60km -LC -3dB) Dual Channel Dispersion Compensation Board(60km/60km.LC.3dB),150122PILv,8,USED
HUAWEI,03039006,SSR1EFT401 OSN 1500 Electrical Interface Board,150122PILv,8,USED
HUAWEI,03028245,SST1E0W E0W Board ( ex 02824510 ),150122PILv,8,USED
HUAWEI,03054330,WP1D000TNU01 TDM Switching Network Unit,150122PILv,8,USED
ERICSSON,ROJ208314/1,CL890 CGB,150122PILv,8,USED
ERICSSON,ROJ208754/1,CSPB 2.0 (TRA R7),150122PILv,8,USED
ERICSSON,ROJ208830/3,GEP3-E1T1,150122PILv,8,USED
ERICSSON,ROJ212238/2,IPU,150122PILv,8,USED
ERICSSON,ROJ208451/2,PM-E1/T1,150122PILv,8,USED
ERICSSON,ROJ20416/7,RPP,150122PILv,8,USED
CISCO,WS-C6506-E-FAN,Catalyst 6506-E Chassis Fan Tray,150122PILv,8,USED
CISCO,WS-X6148-GE-45AF,CISCO C6509-E,150122PILv,8,USED
CISCO,ME-3400-24TS-D,CISCO ME 3400 Switch - 24 10/100 + 2 SFP - DC PS,150122PILv,8,USED
CISCO,N7K-M108X2-12L,Nexus 7000 - 8-Port 10GbE with XL Option (requires X2),150122PILv,8,USED
CISCO,PEM-20A-AC+,Description is not found,150122PILv,8,USED
HUAWEI,02315664,DUAL DUPLEXER UNIT FOR DTRU BTS,150122PILv,7,USED
CISCO,N7K-C7009,CISCO Nexus 7009 Chassis -,150122PILv,7,USED
CISCO,ASR-9006-DC,ASR-9006 DC Chassis,150122PILv,7,USED
CISCO,N7K-C7009-FAN,Nexus 7000 - 9 Slot Fan,150122PILv,7,USED
HUAWEI,52412562,ODU(XMC-2-7G) Microwave Outdoor Unit -RTN XMC -7G --2 -245MHz -Sub Band B -Low site -H -7484MHz -7568MHz -Without doc -WR-112 -H01.,150122PILv,7,USED
ERICSSON,ROJ2081308/1,Board MMU2H,150122PILv,7,USED
HUAWEI,03053589,CR5DLPUFA070 100Gbps Flexible Card Line Processing Unit(LPUF-100 -4 sub-slots),150122PILv,7,USED
HUAWEI,03022VUU,TN12ST2 Optical Supervisory Channel (OSC) Board,150122PILv,7,USED
HUAWEI,03030JYU,TNF1MR801 8-ch Add/Drop Optical Add/Drop Multiplexer -100GHz(192.1/192.2/192.3/192.4/192.5/192.6/192.7/192.8THz),150122PILv,7,USED
NOKIA,3AL78865AB,1660 SM 3x34/45 Mbit/s access,150122PILv,7,USED
HUAWEI,03020WFU,BSSN2SL01 8XSTM-1 OPTICAL INTERFACE Board,150122PILv,7,USED
HUAWEI,03030DSV,TN11XCS01 Centralized Cross Connect Board,150122PILv,7,USED
CISCO,PWR-2700-AC/4,2700W AC Power Supply for CISCO 7604/6504-E,150122PILv,7,USED
CISCO,PWR-C49-300AC,Catalyst 4948 300-Watt AC Power Supply,150122PILv,7,USED
NOKIA,3HE04498AA,7750 SR-7 100AMP POWER FILTER ,150122PILv,7,USED
NOKIA,3AL80948AA,1670 SM 16XSTM1 OPT. PORT COMPACT,150122PILv,7,USED
NOKIA,3HE03127AA,2P OC3/STM1 CHANNELIZED ADAPTER Board,150122PILv,7,USED
NOKIA,3HE01616AA,7750 SR MDA-10 Port Gigabit Ethernet Board,150122PILv,7,USED
NOKIA,3HE01197AA,7750 SR Versatile Services Module (VSM),150122PILv,7,USED
NOKIA,3HE03662AA,7750 SR-7  DC PEM-3 (Slot position 2) CARD,150122PILv,7,USED
NOKIA,3HE06326AA,IMM - 7x50 48-PT GE MultiCore SFP.,150122PILv,7,USED
NEC,H2940A,NEC TN Board,150122PILv,7,USED
JUNIPER,DCJ41001-01P,Power Supply 4100W 200-240V 14-12A 50-60HZ for Mx960 2xoutput 46/56,150122PILv,7,USED
HUAWEI,03020MLA,ES5D00ETPB00 Extend Channel Board,150122PILv,7,USED
HUAWEI,03020HCR,OPTIX OSN 3500  - SSN1SLQ4A  - 4XSTM-4 PCBA OPTICAL INTERFACE BOARD,150122PILv,7,USED
HUAWEI,03026756,SSN1TSB8 8-Channel Switching&Bridging Board,150122PILv,7,USED
HUAWEI,03030KQM,SSN2PQ1 OSN 2500*3500*7500 63xE1 Service Processing Board,150122PILv,7,USED
HUAWEI,03030EPX,SSN3SL1602  OPTIX OSN 3500  STM-16 OPTICAL INTERFACE BOARD L-16.2JE,150122PILv,7,USED
HUAWEI,03030AMY,SSQ2CXL1603 OSN 2500 STM-16 System Control - Cross-Connect - Optical Interface Board (L-16.1 - LC),150122PILv,7,USED
HUAWEI,03020FKK,The interface circuit and monitoring source APM - WD41APMI,150122PILv,7,USED
HUAWEI,03030KQU,TN82EG1601 OPTIX PTN3900 -16-PORT GIGABIT ETHERNET PROCESSING BOARD -EG16,150122PILv,7,USED
HUAWEI,03020GDL,TN8D000CD100 2-Port Channelized STM-1 Sub-board,150122PILv,7,USED
HUAWEI,03022YNP,TNU2UXCS OSN 9800 Enhanced Universal Cross-Connection Board,150122PILv,7,USED
HUAWEI,03052293,WP21ESPUd  - Enhanced Service Processing Board  - Double CPU  - 16GB ,150122PILv,7,USED
ERICSSON,BFD538002/1,EGEM2 Subrack - backpane,150122PILv,7,USED
ERICSSON,ROJ207124/2,IPNA,150122PILv,7,USED
ERICSSON,ROJ207202/1,TRA R5B,150122PILv,7,USED
CISCO,7600-SIP-200,CISCO 7600 Series SPA Interface Processor-200,150122PILv,7,USED
CISCO,SPA-8XCHT1/E1,CISCO 8-port Channelized T1/E1 to DS0 Shared Port ,150122PILv,7,USED
CISCO,ASA5505V11,CISCO ASA5505 ADAPTIVE SECURITY APPLIANCE MODEM,150122PILv,7,USED
HUAWEI,27150136,ARCU02004  Antenna Remote Control Unit mobile communications tower mast,150122PILv,6,USED
ANDREW,MR2118-918,Andrew UMTS-GSM900 Dual-band Selective Mini Repeater,150122PILv,6,USED
NOKIA,3HE05106AA,FAN - 7750 SR-12 ENHANCED FAN TRAY,150122PILv,6,USED
HUAWEI,03030KMB,TNF1FAN01 OSN 1800 II Fan Unit,150122PILv,6,USED
ERICSSON,BFD50908/6,Fan Unit - PS 95F800,150122PILv,6,USED
ERICSSON,BKV106056/1,FAN UNIT/FOR SCS,150122PILv,6,USED
RADISYS,MPCMM0001,C52711-021 for TEKTRONIX Chassis ,150122PILv,6,USED
HUAWEI,03057758,03057758-CN26UPBA6 UPBA6b,150122PILv,6,USED
HUAWEI,03055189,CR5DLPUF517E Flexible Card Line Processing Unit(LPUF-51 -2 sub-slots) E NE40E-X8,150122PILv,6,USED
HUAWEI,03030LPT,TN11DCU11 Dispersion Compensation Unit(A -20km -for G.655),150122PILv,6,USED
HUAWEI,03020PVY,TNF1LSX.10Gbit/s Wavelength Conversion Board - OSN 1800,150122PILv,6,USED
HUAWEI,03030HLA,TN13WSD9C01 - 9-Port Wavelength Selective Switching Demultiplexing Board(C_Band -196.05THz~192.10THz -50GHz -LC),150122PILv,6,USED
NOKIA,3AL78895CA,1660 SM S-16.1 Optical Port SC/PC with optical ju,150122PILv,6,USED
HUAWEI,03020WGE,TN16AUX OSN 8800 System Auxiliary Interface Board,150122PILv,6,USED
HUAWEI,03021PVD,TN52AUX System Auxiliary Interface Board,150122PILv,6,USED
TDK,FPS1000-48,Power Supply,150122PILv,6,USED
ERICSSON,BMG980374/1,EU Service Outlet max 10a Priz,150122PILv,6,USED
ERICSSON,BMG980390/1,PCU AC 06,150122PILv,6,USED
ELTEK,FLATPACK48/1500,Rectifier Module,150122PILv,6,USED
CISCO,PWR-1400-AC,1400W AC pwr/sup for CISCO7603 And Catalyst WS-C65,150122PILv,6,USED
CISCO,PWR-44KW-DC-V3,4.4KW DC Power Module Version 3,150122PILv,6,USED
CISCO,PWR-ME3KX-AC,Power Supply for ME3600X - ME3800X,150122PILv,6,USED
CISCO,WS-C4948-S,CATALYST 4984 SWITCH,150122PILv,6,USED
HUAWEI,02318968,DBS3900 - WD5MJRUAC8E - MRRU V2 - Multi-mode Multi-carriers Remote Radio Unit (TX925-960 MHz/RX880-915 MHz - -48 V DC - 2.5 G) RRU 3908,150122PILv,6,USED
TEKTRONIX,119761101,600-050001 Board for TEKTRONIX Chassis,150122PILv,6,USED
NEC,H2940C,NEC TN Board,150122PILv,6,USED
HUAWEI,03054600,AE35X2 GE -10GE FC Switching Unit 2,150122PILv,6,USED
HUAWEI,03054601,AE35X3 GE -10GE FC Exchange Rear Board 2,150122PILv,6,USED
HUAWEI,02310YDR,ATN 905 DC System -Indoor -DC -2*GE/FE Combo -2*GE/FE(o) -2*GE/FE(e),150122PILv,6,USED
HUAWEI,03055691,MANAGEMENT CARD FOR SUBRACK,150122PILv,6,USED
HUAWEI,02310MPA,MRFU V2 OPTIMIZED Module,150122PILv,6,USED
HUAWEI,02310QMT,MRFUd 900MHz,150122PILv,6,USED
HUAWEI,03055690,PB01 EX910  - 16*10GE+4*GE RJ45 BOARD,150122PILv,6,USED
HUAWEI,02310LYP,Power Monitor Unit (PMU),150122PILv,6,USED
HUAWEI,03035553,SS-GXCSA-7500 General Cross-connect and S,150122PILv,6,USED
HUAWEI,03020TLF,SSN1PIUB Power Interface Unit,150122PILv,6,USED
HUAWEI,03030AVP,SSN1SLQ1600 OPTIX OSN 3500 4XSTM-16 OPTICAL INTERFACE BOARD,150122PILv,6,USED
HUAWEI,03051857,TI4CBP GE-FC Exchange Rear Board,150122PILv,6,USED
HUAWEI,03020UNJ,TNDD000MD1B00 32*120ohm E1 Interface Board,150122PILv,6,USED
HUAWEI,03022HEL,WD2DUBBPD500 Universal Baseband Processing Unit d5,150122PILv,6,USED
HUAWEI,02319890,WPSU50A01 PSU Module (AC/DC).50A,150122PILv,6,USED
HUAWEI,06040181,"NKVMSTR02 KVM 4 in 1 Control Module -1U -17"" LED -8 KVM ports - 3V3 Power Connector -With Power Cable -Mounting Accessories -English doc --48VDC -Black -With 8 pieces straight USB KVM Cable -Compliant",150122PILv,6,USED
ERICSSON,ROJ208351/1,CSPB,150122PILv,6,USED
ERICSSON,ROJ20403/1,ETC5,150122PILv,6,USED
ERICSSON,KDU137580/1,GPON T202G SWITCH SBU,150122PILv,6,USED
ERICSSON,UKL40168/61HP,RAU2 X 15/61HP,150122PILv,6,USED
ERICSSON,UKL40163/78,RAU2 X 23/78,150122PILv,6,USED
ERICSSON,ROJ208323/3,SCB-RP,150122PILv,6,USED
ERICSSON,ROJ208432/1,SMU2,150122PILv,6,USED
CISCO,7206VXR/NPE-G2,7206VXR with NPE-G2 includes 3GigE/FE/E Ports and,150122PILv,6,USED
CISCO,RSP720-3CXL-10GE,7600 Route Switch Processor 720Gbps - P,150122PILv,6,USED
CISCO,WS-SUP720-3BXL,Catalyst 6500/CISCO 7600 Supervisor 720 Fabric MSF,150122PILv,6,USED
CISCO,N2K-C2248TP,CISCO 48*100/1000-T+4X10GE SWITCH,150122PILv,6,USED
CISCO,SPA-5X1GE-V2-,CISCO 5-port Gigabit Ethernet Shared Port Adapter,150122PILv,6,USED
CISCO,WS-SSC-600,CISCO 6513 SERVICE CARRIER,150122PILv,6,USED
CISCO,RSP720-3CXL-GE,CISCO 7600 Route Switch Processor 720Gbps fabric -P,150122PILv,6,USED
CISCO,A9K-40GE-L,CISCO ASR 9000 40-Port GE Low Queue Line Board,150122PILv,6,USED
CISCO,A9K-SIP-700,CISCO ASR 9000 Series SPA Interface Processor-700,150122PILv,6,USED
CISCO,WS-C2960-8TC-L,CISCO Catalyst 2960 8 Port 10/100 + 1 T/SFP Switch - WS-C2960-8TC-L,150122PILv,6,USED
CISCO,73-3193-02,CISCO7200 Series Board PACKET OVER SONET/SDH,150122PILv,6,USED
CISCO,CRS-FP40,CRS Forwarding Processor Boards,150122PILv,6,USED
CISCO,ASR5K-PSC-32G-K9,Packet Services Board (PSC2) 32GB,150122PILv,6,USED
CISCO,WS-IPSEC-3,WS-SSC-600 Board ,150122PILv,6,USED
HUAWEI,02351930,CR5B0BKP0870  NE40E-X8 Integrated Chassis Components(Including 4 DC Power),150122PILv,5,USED
ERICSSON,BFL901007/2,BML 1500 R2E OLT - BNDL - 17RU ANSI/ETSI REAR EXHA CHASSIS,150122PILv,5,USED
CISCO,FAN-MOD-9SHS,CISCO FAN,150122PILv,5,USED
CISCO,FAN-MOD-4HS,Fan Tray for CISCO 7604/6504-E Chassis ,150122PILv,5,USED
HUAWEI,52412563,ODU(XMC-2-7G) Microwave Outdoor Unit -RTN XMC -7G --2 -245MHz -Sub Band B -High site -H -7729MHz -7813MHz -Without doc -WR-112 -H01.,150122PILv,5,USED
TEKTRONIX,MPCHC0001Q,D5640-013,150122PILv,5,USED
ERICSSON,ROJ212215/1,BMU,150122PILv,5,USED
ERICSSON,ROJ208365/10,Board,150122PILv,5,USED
HUAWEI,03030NSK,CR5D0L2XFA70 2-Port 10GBase LAN/WAN-SFP+ Flexible Card A(P50-A.Occupy one sub-slot).,150122PILv,5,USED
HUAWEI,03020JRN,TN51EFI2 EMI Filter Interface Board,150122PILv,5,USED
HUAWEI,03020DND, LE0DG48CEAT0 36-Port 10/100/1000BASE-T and 12-Port 100/1000BASE-X Interface Card(EA.RJ45/SFP),150122PILv,5,USED
HUAWEI,03020AVW,BTS3012  - GM51DCSU  - COMBINED Chassis SIGNAL COMMECTIONADAPTER COUPLING BOARD,150122PILv,5,USED
HUAWEI,03037463,BTS3012  - GM51DEMU0  - ENVIRONMENT MONITORING UNIT BOARD,150122PILv,5,USED
HUAWEI,03029749,BTS3012 -GM51DCCU -SIGNAL ADAPTER COUPLING BOARD,150122PILv,5,USED
HUAWEI,45080023,SSE-DCM(F)-C-655-FBG(120km) Dispersion Compensation Grating -3.7dB -1528~1568nm(compensation G.655 fiber) --452ps/nm@1545(compensation 120km) - -LC/PC -235*234*28mm,150122PILv,5,USED
HUAWEI,02735110,(0302735) Single Channel Dispersion Compensation Board(60km.LC),150122PILv,5,USED
HUAWEI,03030GYQ,TN12VA101 OSN 6800 1-Channel Variable Optical Attenuator Board,150122PILv,5,USED
HUAWEI,03020SXA, OptiX RTN 900 -SL91SP3SB -16*E1/75ohm Tributary Board -1*1,150122PILv,5,USED
CISCO,DHF-2DC-2100W-V,Router DC power Module,150122PILv,5,USED
CISCO,CISCO7206VXR,7206VXR,150122PILv,5,USED
CISCO,CISCO1841,CISCO Modular Router w/2xFE - 2 WAN slots - 32 FL/12,150122PILv,5,USED
CISCO,CISCO887G-K9,SWITCH,150122PILv,5,USED
HUAWEI,02310HFW,HUAWEI RRU3926,150122PILv,5,USED
HUAWEI,02311JDJ,WD5M21395800 RRU3958 for Multi-mode 2100MHz (2*40W),150122PILv,5,USED
,02311MAE,02311MAE-RRU B07 2600MHZ 4G,150122PILv,5,USED
NOKIA,3HE06791AA,7750 SAR-8,150122PILv,5,USED
NOKIA,3HE00101AB,7750 SR MDA-20 PORT 10/100/1000TX ETHERNET,150122PILv,5,USED
NOKIA,3AL98038AD,SYNTH16 without link Module,150122PILv,5,USED
NEC,NWA-091027-AA4,NEC IPASOLINK AA4 TN,150122PILv,5,USED
NEC,NWA-014820-003,NEC RL OW,150122PILv,5,USED
IBM,4252EAG,EAG - System x3250 M3 Rack Server - NO HDD,150122PILv,5,USED
HUAWEI,03056502,SLB1CSHNA RTN 980 2*STM-1/4(SFP)+2*GE(SFP/RJ45)+2*GE(RJ45) -Nodal System Control and Switching Board,150122PILv,5,USED
HUAWEI,03056763,CN21QXIB0  -Universal Rear Board B(4*10GE+4*GE) for OSTA2.0 T8280,150122PILv,5,USED
HUAWEI,03052284,CN21UPBA0 -UNIVERSAL PROCESS BLADE -2CPU+6*4GDDR2+4G FLASH PART OF ADP MACHINE - OSTA2.0,150122PILv,5,USED
HUAWEI,02310RAV,HUAWEI 1000BASE-T SFP Module - RJ45 Electrical Module,150122PILv,5,USED
HUAWEI,02317806,ME60-X8 CR5M000CMU60 Centralized Monitoring Unit,150122PILv,5,USED
HUAWEI,03030KKU,NETENGINE80E  - CR52LPUK21  - FLEXIBLE CARD LINE PROCESSING UNIT LPUF-21 ,150122PILv,5,USED
HUAWEI,03053102,SL9D00SL1D02  2xSTM-1 Optical Interface Board for wireless IP microwave RTN 980 RTN950,150122PILv,5,USED
HUAWEI,03026734,SSN1D34S OptiX OSN 6xE3/T3 PDH Interface Switching Board,150122PILv,5,USED
HUAWEI,03026811,SSN1ETF8  - 8-Port 10M-100M BaseT Fast Ethernet Interface Board  - 1*1 ,150122PILv,5,USED
HUAWEI,03030ESK,SSR2PD1B 32xE1 Service Processing Board(120ohm),150122PILv,5,USED
HUAWEI,02300529,SST1AFB Subrack ,150122PILv,5,USED
HUAWEI,03039204,TN81EG1601 - 16-PORT PROCESSING ETHERNET CARD|OPTIX PTN 3900,150122PILv,5,USED
HUAWEI,03020PPD,TNDD00CXPH00 System Control.Cross-connect and Multi-protocol Process Unit(120ohm),150122PILv,5,USED
HUAWEI,03055858,WP11DEUA DATA ENHANCEMENT PROCESSING UNIT BOARD,150122PILv,5,USED
HUAWEI,03053557,WP22MPUB4 - Main Processing Unit B4 - PGP,150122PILv,5,USED
HUAWEI,02310LAL,WRFUA FOR WCDMA 2100MHZ 1*100W ,150122PILv,5,USED
ERICSSON,FAP1304447,4Caster G6 encoder with Muse V4.00 (UHD) HEVC 4Kp6,150122PILv,5,USED
ERICSSON,ROJ1192333/1,AMC DSP 6 4 3 Board,150122PILv,5,USED
ERICSSON,ROJ208306/1,ET155-1-0,150122PILv,5,USED
ERICSSON,ROJ1192106/64,GPB,150122PILv,5,USED
ERICSSON,ROJ208439/1,IPU.,150122PILv,5,USED
ERICSSON,BMG907031/1,Power Supply SHELF/PDU; POWER DISTRIBUTI,150122PILv,5,USED
ERICSSON,ROJ208460/2,PRINTED Board ASSEMB/MAUB,150122PILv,5,USED
ERICSSON,UKL40168/68HP,RAU2 X 15/68HP,150122PILv,5,USED
ERICSSON,ROJ212234/1,SPU,150122PILv,5,USED
ERICSSON,UKL40163/A02HP,RAU2 X 23/A02 HP,150122PILv,5,USED
CISCO,WS-C3560G-48TS-S,Catalyst 3560 48 10/100/1000T + 4 SFP Standard Ima,150122PILv,5,USED
CISCO,WS-X6148A-GE-45AF,Catalyst 6500 48 Port Gigabit Module,150122PILv,5,USED
HUAWEI,ACOMD2H06,ACOMD2A00v06 Dual-band combiner - Band 1: 1710-1755&2110-2155 Band 2: 1850-1995 - Double Unit: 185 x 180 x 103  - All DC-Bypass - 300W - ,150122PILv,4,USED
HUAWEI,52432470,A80S06MAC-3NX Microwave Antenna -A80S06MAC-3NX -80G -600mm -UHP-M -Single Polarization -Direct(XMC)/Separate(All RTN ODU) Mount -50.5dBi -0.5deg -30dB -,150122PILv,4,USED
CISCO,ASR-9010-DC,CISCO ASR-9010 DC Chassis,150122PILv,4,USED
CISCO,ASR-9006-AC,ASR-9006 AC Chassis Chassis,150122PILv,4,USED
HUAWEI,02120354,GM5E1BFAN BTS 3012 FAN,150122PILv,4,USED
HUAWEI,52413117,ODU(XMC-2-26G) Microwave Outdoor Unit -RTN XMC -26G --2 -1008MHz -Sub Band A -High site -H -25557MHz -25893MHz -Without doc -WR-42 -H01.,150122PILv,4,USED
HUAWEI,52412564,"ODU(XMC-2-7G) Microwave Outdoor Unit -RTN XMC -7G --2 -245MHz -Sub Band C -Low site -H -7568MHz -7652MHz -Without doc -WR-112 -H01.
",150122PILv,4,USED
TEKTRONIX,870005210,Board for TEKTRONIX Chassis,150122PILv,4,USED
HUAWEI,02310RFR,CR56PMUA Energy/Power Monitoring Module,150122PILv,4,USED
HUAWEI,03030XHX,03030XHX-CR52-P20-1x10GBase WAN/LAN-XFP,150122PILv,4,USED
CISCO,WS-X4516-10GE, Catalyst 4500 Supervisor V-10GE - 2x10GE (X2) and 4x1GE,150122PILv,4,USED
HUAWEI,03028708,BTS3012 -GM51DELC -E1 SIGNAL LIGHTNING-PROTECTION BOARD,150122PILv,4,USED
HUAWEI,03028712,BTS3012 -GM51DMLC -MONITOR SIGNAL LIGHTNING-PROTECTION BOARD FOR DTRU BTS -2*1,150122PILv,4,USED
HUAWEI,03030LPV,TN11DCU13 - Dispersion Compensation Unit(C -60km -for G.655),150122PILv,4,USED
HUAWEI,03030JUD,TN12SC101 Unidirectional Optical Supervisory Channel Board,150122PILv,4,USED
HUAWEI,03033FTV,TNG3CXP01	Universal Cross Connect -System Control and Clock Processing Board OptiX OSN 9800 M24,150122PILv,4,USED
NOKIA,3AL78849AA,1660 SM 3x34/45 Mbit/s HPROT,150122PILv,4,USED
HUAWEI,03030LJY,03030LJY-Optix OSN 6800 WDM/OTN OSN6800 TN11RDU901 RDU9 9-port ROADM,150122PILv,4,USED
HUAWEI,03030NXV,TN14FIU01 Fiber Interface Board OptiX OSN 6800 OLA,150122PILv,4,USED
HUAWEI,03030QLV,TN15FIU01  Fiber Interface Board,150122PILv,4,USED
HUAWEI,02130859,LE0MPSA08 800W AC Power Module(Gray),150122PILv,4,USED
HUAWEI,02131212,PAC-350WB-L 350W AC Power Module,150122PILv,4,USED
ELTEK,241123.102,Converter 230VAC-1500VA 48VDC-0W,150122PILv,4,USED
ELTEK,241122.125,FLATPACK S 48/1800 HE Rectifier,150122PILv,4,USED
CISCO,ASR1002-PWR-DC,DC Power Supply -Spare,150122PILv,4,USED
CISCO,ASR1004-PWR-AC,ASR1004 AC Power Supply,150122PILv,4,USED
HUAWEI,02311GYC,RRU B07 2600MHZ ,150122PILv,4,USED
HUAWEI,02311LDE,RRU3268 - WD5MLRUA8K0L - 862MHZ.,150122PILv,4,USED
RADISYS,ATCA-4300,RADISYS Board A 4300-CPU-6505-R1,150122PILv,4,USED
NOKIA,3AL78835AA,4-PORT STM-1 ELECTRICAL 75 OHM,150122PILv,4,USED
NOKIA,3HE04410AB,7210 SAS-E System 12F12T DC,150122PILv,4,USED
NOKIA,C111970.B2B,C111970 SPGW MME MGW MSS part of ATCA,150122PILv,4,USED
NOKIA,3HE00104AA,NOKIA-Lucent 7750 Sr-12 Slot DC Shelf,150122PILv,4,USED
JUNIPER,PWR-MX960-DC-S-G,MX960 DC Power Supply,150122PILv,4,USED
JUNIPER,FFANTRAY-MX960-HS-S-D,MX960 FAN,150122PILv,4,USED
JUNIPER,SRX3K-PWR-AC-L,Power Entry Module For SRX3600 1200W 100-240v 365D,150122PILv,4,USED
JUNIPER,DCJ17001-01P,PWR-MX960-AC-S-C ,150122PILv,4,USED
HUAWEI,03054295,WP11ESAUa Evolved Service Aware Board REV:a,150122PILv,4,USED
HUAWEI,03030JVY,03030JVY-CN21XCRF0 CARD SWIA0,150122PILv,4,USED
HUAWEI,03053874,CN21SWIB0  - SWITCH BOARD INTERFACE  - WITHOUT L2-L3 CLOCK MODULE OSTA 2.0,150122PILv,4,USED
HUAWEI,03021CCY,FAST/GIGABIT ETHERNET BOARD WITH DATA SWITCH,150122PILv,4,USED
HUAWEI,03020GNV,H60-SHLB UA5000(F01D),150122PILv,4,USED
HUAWEI,03030DGS,NETENGINE5000E  - CR52MPUB0  - MAIN PROCESSING UNIT ,150122PILv,4,USED
HUAWEI,03020HML,Optical PTN 1900 PTN1900 TN81EFG2,150122PILv,4,USED
HUAWEI,03030DFR,OPTIX OSN 3500  - SSN2SLQ1602  - 4X2.5G OPTICAL INTERFACEBOARD ,150122PILv,4,USED
HUAWEI,03020KHP,OPTIX OSN 3500  - SSN5EFS0  - 10M-100M FAST ETHERNET PROCESSING Board,150122PILv,4,USED
HUAWEI,03037391,OptiX OSN 3500 -SSN1SEP101 -8xSTM-1 Signal Process Board,150122PILv,4,USED
HUAWEI,03027MWY,OXC Optical Backplane Insertion Loss Detection Unit,150122PILv,4,USED
HUAWEI,03051551,PARC WP11OMUb Operation and Maintenance Unit REV:b,150122PILv,4,USED
HUAWEI,03020MDP,S5300 QUIDWAY LS5D00E4GF014-Port GE SFP Front Optical Interface Unit ,150122PILv,4,USED
HUAWEI,03037098,SSN1AU01 -SSN1AUX System Auxiliary Interface Board OSN 3500,150122PILv,4,USED
HUAWEI,03026741,SSN1OU08 OSN 3500 8xSTM-1 Optical Access Board（LC -S-1.1),150122PILv,4,USED
HUAWEI,03020DHK,SSN1PIUA Power Interface Board,150122PILv,4,USED
HUAWEI,03029283,SSN2DCU(40km -LC -3dB) Single Channel Dispersion Compensation Board(40km.LC.3dB),150122PILv,4,USED
HUAWEI,03037854,SSN2SLO101 - OPTICAL INTERFACE BOARD,150122PILv,4,USED
HUAWEI,03028246,SST1AUX OSN 7500 System Auxiliary Interface Board,150122PILv,4,USED
HUAWEI,03030AUG,Switch Fabric Unit D - OLD Equipment,150122PILv,4,USED
HUAWEI,03020MRM,TN8D000SCA01 System Control.Communication and Auxiliary Process Unit,150122PILv,4,USED
HUAWEI,02300674,TNN1AFB07 OSN 7500 Subrack,150122PILv,4,USED
HUAWEI,03022NVL,TNS1PIU01 Power interface Unit,150122PILv,4,USED
HUAWEI,03030RAD,TNV1T130S01 30 ANY-RATE PORTS SERVICE PROCESSING BOARD OSN 9800,150122PILv,4,USED
HUAWEI,03031YXX,TNV3T210 10*10G Tributary Service Processing Board,150122PILv,4,USED
HUAWEI,02130608,W0ACPSU00 POWER MODULE --33~65DEGC -90~290VAC --53.5V/30A,150122PILv,4,USED
HUAWEI,03055308,WM19OSMUa16 OSS Self Maintenance Unit ,150122PILv,4,USED
HUAWEI,03052653,WP21EBGFB0  - 12-PORT 100-1000BASE-X SFP FLEXIBLE CARD A ,150122PILv,4,USED
ERICSSON,ROA1284573/2,SSC1 SMART SERVICES Board,150122PILv,4,USED
ERICSSON,ROJ208312/1,DLEB,150122PILv,4,USED
ERICSSON,ROJ212213/1,DSU-D,150122PILv,4,USED
ERICSSON,ROJ208410/3,GESB,150122PILv,4,USED
ERICSSON,ZHA90134/1,MACU,150122PILv,4,USED
ERICSSON,ROJ207143/1,POU-C,150122PILv,4,USED
ERICSSON,ROJ207032/1,POU-R,150122PILv,4,USED
ERICSSON,BMF90479/1,R2A - Ethernet Connector,150122PILv,4,USED
ERICSSON,ROJ207129/1,RPIO2,150122PILv,4,USED
ERICSSON,ROJ20719/1,SPIB,150122PILv,4,USED
ERICSSON,ROJ207141/1,UPBB3,150122PILv,4,USED
DIALOGIC,IGATE-4000-EDGE-4E1,4 port Dialogic I-Gate 4000 EDGE TDM Media Gateway,150122PILv,4,USED
CISCO,7600-ES20-GE3CXL,7600 ES20 Line Board - 20xGE SFP with DFC 3CXL,150122PILv,4,USED
CISCO,WS-C6503-E-FAN,CATALYST 6503-E Chassis FAN Tray,150122PILv,4,USED
CISCO,SPA-2XOC48POS/RPR,CISCO 2-port OC48/STM16 POS/RPR Shared Port Adapte,150122PILv,4,USED
CISCO,WS-X4920-GB-RJ45,CISCO 4900M 20 port 10/100/1000 RJ45,150122PILv,4,USED
CISCO,A9K-4T16GE-SE,CISCO A9K-4T16GE-SE 16x 1GB SFP 4x 10GB SFP+ (Service Edge) Router Line Board,150122PILv,4,USED
CISCO,WS-X6348,Cisco Catalyst 6500 48 port 10/100 module,150122PILv,4,USED
CISCO,N7K-C7018-FAN,CISCO N7k-c7018-fan Nexus 7k Fan Unit,150122PILv,4,USED
CISCO,N7K-SUP2-E,CISCO NEXUS 7000 2 ENGINE Module,150122PILv,4,USED
CISCO,FCZ1003W050,CISCO-2950  switch,150122PILv,4,USED
CISCO,21CFR1040.10,OC3IR1/STM1 S-1.1,150122PILv,4,USED
KATHREIN,78210971,Dualband Combiner double unit 790 862,150122PILv,3,USED
HUAWEI,52432021,Microwave Antenna -A07D06HAC -7/8G -600mm -HP -Dual Polarization -Direct(XMC)/Separate(All RTN ODU) RTN950  antenna and Controller,150122PILv,3,USED
NOKIA,3AL98116AA,"FAN UNIT for FAN SHELF 19""",150122PILv,3,USED
ERICSSON,BKV106054/1,ERICSSON BLM 1500 FRU - FAN Tray,150122PILv,3,USED
ERICSSON,BKV106097/1,FAN TRAY,150122PILv,3,USED
HUAWEI,52412565,"ODU(XMC-2-7G)  Microwave Outdoor Unit -RTN XMC -7G --2 -245MHz -Sub Band C -High site -H -7813MHz -7897MHz -Without doc -WR-112 -H01.
",150122PILv,3,USED
HUAWEI,52412560,ODU(XMC-2-7G) Microwave Outdoor Unit -RTN XMC -7G --2 -245MHz -Sub Band A -Low site -H -7400MHz -7484MHz -Without doc -WR-112 -H01.,150122PILv,3,USED
TEKTRONIX,GEO-0068-03-001,Board for TEKTRONIX Chassis ,150122PILv,3,USED
HUAWEI,03020WAK,TN16XCH OSN 8800 High Cross-connection. System Control and Clock Processing Board,150122PILv,3,USED
HUAWEI,03030NHM,TN13OAU105 C-BAND Optical Amplifier Unit(MAX 0dBm IN and 23dBm OUT -Gain 23~34dB),150122PILv,3,USED
HUAWEI,03030HAH,TN11DCU01 Dispersion Compensation Unit (A - 20km -for G.652),150122PILv,3,USED
HUAWEI,03030HAL,TN11DCU04 Dispersion Compensation Unit (D - 80km -for G.652),150122PILv,3,USED
HUAWEI,03030HAM,TN11DCU05 Dispersion Compensation Unit (E - 100km -for G.652),150122PILv,3,USED
HUAWEI,03030HAG,TN11DCU08 Dispersion Compensation Unit (T - 10km -for G.652).,150122PILv,3,USED
HUAWEI,03030NHH,TN13OAU103 C-BAND Optical Amplifier Unit(MAX -4dBm IN and 20dBm OUT -Gain 24~36dB),150122PILv,3,USED
HUAWEI,03030LMK,TN12DAU101C-BAND Optical Amplifier Unit,150122PILv,3,USED
HUAWEI,03020YVN,TNH2PL3T 3*E3/T3 Electrical Interface Board,150122PILv,3,USED
HUAWEI,03030MPA,TN11WSMD901 9-Port Wavelength selective multiplexing and Demultiplexing board (C_Band -196.05THz~192.10THz -50GHz -LC)	,150122PILv,3,USED
HUAWEI,03030MVG,TN12M4001 40-channel Multiplexing Board(C_ Even -196.00THz~192.10THz -100GHz -Thermal AWG -LC),150122PILv,3,USED
HUAWEI,03020JRQ,TN51PIU OptiX OSN 8800 T64 T32 Power Interface Board,150122PILv,3,USED
HUAWEI,03029118, OPTIX OSN 3500  - SSN1SLQ4A04  - 4XSTM-4 OPTICAL PCBA INTERFACE BOARD SFP  - 1X1 ,150122PILv,3,USED
HUAWEI,03036618,TN11AUX01 System Auxiliary Interface Board 8800-3500,150122PILv,3,USED
HUAWEI,03030FEG,TN11LOGT03|8 OSN 6800 GIGABIT ETHERNET UNIT(AFEC -SUPER WDM -TUNABLE) -50GHZ(800PS/NM -RX1_PIN -TX1_-3DBM~+2DBM -,150122PILv,3,USED
HUAWEI,03030FJC,TN11TQM01 OSN 6800 4 X MULTI-RATE PORTS Tributary,150122PILv,3,USED
HUAWEI,03022AUH,TN12AUX - OSN 8800 System Auxiliary Interface Board,150122PILv,3,USED
HUAWEI,03020YFB,TNH2SL1D 2*STM-1 OPTICAL INTERFACE BOARD  - ESFP OPTICAL Module,150122PILv,3,USED
HUAWEI,03020NSD,TN52STI-Synchronous Timing Interface Board,150122PILv,3,USED
HUAWEI,03030NHU,TN12D4002 40-channel Demultiplexing Board(C_Odd -196.05THz~192.15THz -100GHz -Thermal AWG -LC),150122PILv,3,USED
HUAWEI,03030MEG,TN52XCH02 1.28T Centralized Cross Connect Board-ODUk.VC4,150122PILv,3,USED
HUAWEI,02310HBJ,WD2MR4850G00 - Rectifier Module - R4850 - 1U - 3000W - High Efficiency.,150122PILv,3,USED
ELTEK,241115.105,FLATPACK2 48/2000 High Efficiency Power Supply,150122PILv,3,USED
DELTA,d0105128, FR 48V - 2000 W-E Rectifier POWER,150122PILv,3,USED
CISCO,C3KX-PWR-1100WAC,Catalyst 3K-X 1100W AC Power Supply,150122PILv,3,USED
CISCO,WS-CAC-3000W,Catalyst 6500 3000W AC Power Supply,150122PILv,3,USED
CISCO,PWR-C49M-1000DC,CISCO 4900M DC Power Supply 1000 watts,150122PILv,3,USED
ADVANCED ENERGY,D18368-011,MPCMM0001Q Advanced Energy TCA Chassis Management Module,150122PILv,3,USED
HUAWEI,02120479,DC POWER DISTRIBUTION UNIT - DCDU-03C,150122PILv,1,USED
CISCO,CISCO3845-DC,CISCO 3845 w/DC PWR - 2GE -1 SFP - 4 NME - 4HWIC - IP B,150122PILv,3,USED
CISCO,CISCO7606-S,CISCO 7600 Series,150122PILv,3,USED
CISCO,CISCO7609-S,CISCO Router,150122PILv,3,USED
CISCO,CISCO2911-K9,CISCO2911/K9 Cisco 2911 Router ISR G2,150122PILv,3,USED
,02310LYX,02310LYX-RRU 2100MHZ 3G,150122PILv,3,USED
HUAWEI,02311EKS,RRU 3952M B01 2100MHZ/B03 1800MHZ 3G4G,150122PILv,3,USED
HUAWEI,02311EKM,RRU 3952m B03 1800MHZ/B01 2100MHZ 3G4G,150122PILv,3,USED
HUGHES,HX200,Satellite Router ,150122PILv,3,USED
NOKIA,3HE03685AA,7750SR M2-10GB-XP-XFP ,150122PILv,3,USED
NOKIA,3AG24262AA,1678 MCC ALM ALARM Board,150122PILv,3,USED
JUNIPER,ES2-100G-SFM,450-00067-02 Switch Fabric Module,150122PILv,3,USED
JUNIPER,MX2000-LC-ADAPTER,MX2000 Line Board Adapter - Spare,150122PILv,3,USED
HUAWEI,03020TLC,SSND6GSCC000 System Control and Communication Board,150122PILv,3,USED
HUAWEI,03022PYL,TNF1CE601 6-ports Encrypted Optical Board,150122PILv,3,USED
HUAWEI,02314551,32 PORT EMUA ENVIRONMENT MONITORING Module(-48VDC),150122PILv,3,USED
HUAWEI,02353848,AR157.ADSL2+ ANNEX A/M WAN.4FE LAN.1USB,150122PILv,3,USED
HUAWEI,02352934,AR2220.3GE WAN(1GE Combo).2 USB.4 SIC.2 WSIC.1 DSP Slot.150W AC Power AR0M0022BA00,150122PILv,3,USED
HUAWEI,03030GBV,CR53P1UF0  - NETENGINE80E 1-PORT OC-48C-STM-16C POS-SFP FLEXIBLE CARD,150122PILv,3,USED
HUAWEI,0305G062,CR5DVSUI201A Integrated Versatile Service Unit(VSUI-20-A),150122PILv,3,USED
HUAWEI,03030JUB,NE40E-X8 8-port OC-3c/STM-1c POS-SFP Flexible Board,150122PILv,3,USED
HUAWEI,03030LRD,ODX042101 HXFP8441-210|OPTIX WS OPM GEN -SSX4T2XP60 -10.71G OPTICAL TRANSPONDER(-19DBM~0DBM -1550NM;800PS/NM,150122PILv,3,USED
HUAWEI,03039079,OptiX OSN 1500  - SSR1PL1B01  - 16xE1 Service Processing Board (120ohm),150122PILv,3,USED
HUAWEI,03020SXB,SL91SL1D RTN 980 microwave SL1D 2*STM-1 Optical Interface Board ,150122PILv,3,USED
HUAWEI,03027581,SSN1C34S 3xE3/T3 PDH Interface Swithching Board,150122PILv,3,USED
HUAWEI,03030GQM,SSN2BPA(14/-38.LC) Optical Booster & Pre-amplifier Board(-38dBm~-10dBm.22dB~33dB;-6dBm~+3dBm.14dBm.LC).,150122PILv,3,USED
HUAWEI,02300618,SSNK01EAFB OSN 3500 OPTIX Subrack,150122PILv,3,USED
HUAWEI,03052368,SWUA0,150122PILv,3,USED
HUAWEI,02300651,T8280 INTEGRATED FRAME,150122PILv,3,USED
HUAWEI,03030PGE,TD20,150122PILv,3,USED
HUAWEI,02675610,TSB SSN1TSB8 8channel switching & bridging,150122PILv,3,USED
HUAWEI,03054294,WP11EOMUA EVOLVED OPERATION AND MAINTENANCE UNIT REV:A,150122PILv,3,USED
HUAWEI,02120757,WP1M00EPEM00 Power Entry Module -REV:a(PARCb),150122PILv,3,USED
ERICSSON,ROJ20450/1,EPS,150122PILv,3,USED
ERICSSON,ROJ208364/2,ISLB Board,150122PILv,3,USED
ERICSSON,UKL40242/A03L,MINI LINK 6365 13 A03L RAU,150122PILv,3,USED
ERICSSON,UKL40242/A03H,MINI LINK 6365 13 AO3H RAU,150122PILv,3,USED
ERICSSON,ROJ207142/1,PCIH,150122PILv,3,USED
ERICSSON,ROJ208316/1,PRINTED Board ASSEMB - IRB  (APT 1.5),150122PILv,3,USED
ERICSSON,UKL601114/12,RAU2 N 38/12 - 128QAM,150122PILv,3,USED
ERICSSON,UKL40166/26,RAU2 X 10/26,150122PILv,3,USED
ERICSSON,ROJ207144/1,RPHMI,150122PILv,3,USED
ERICSSON,ROJ208323/1,SCB-RP,150122PILv,3,USED
ERICSSON,ROJ1192103/51,SPB SP5PROC 800MHZ 1,150122PILv,3,USED
CISCO,ASR-9000V-DC,ASR 9000 44x 1GB,150122PILv,3,USED
CISCO,ASR1002,ASR1002 Chassis -4 built-in GE - Dual P,150122PILv,3,USED
CISCO,800-33781-03,ASR9K AC Power Entry Module (RACKMOUNT),150122PILv,3,USED
CISCO,SPA-2XOC3-POS,CISCO 6500 Catalyst switch,150122PILv,3,USED
CISCO,ME-3400EG-12CS-M,CISCO ME3400E 2Combo + 2 SFP Eth Access Switch,150122PILv,3,USED
CISCO,WS-SVC-SAMI-BB-K9,CISCO Service Application Module for IP ( 6 x PPC ,150122PILv,3,USED
CISCO,7200VXR,CISCO.CISCO 7200 Router,150122PILv,3,USED
CISCO,800-01836-08,CISCO7200 PT ADAPTER,150122PILv,3,USED
CISCO,ASR5K-042GE-T-K9,QGLC Rev2 4-Port Ethernet 1000 Line Board w/Copper ,150122PILv,3,USED
CISCO,ASA5505-BUN-K9,SECURITY FIREWALL ASA5505,150122PILv,3,USED
CISCO,ASR5K-SMC-K9,System Management Board 4GB,150122PILv,3,USED
KATHREIN,78210621,Dual Band Combiner DBC 1800/UMTS,150122PILv,2,USED
KATHREIN,78211401,Triple-Band Combiner,150122PILv,2,USED
HUAWEI,02315848,BBU3900 - QWLM1BBU2 - Distributed Base Station Base Band Unit (-48 V),150122PILv,2,USED
HUAWEI,02311AJT,BBU3910A3 WD2M048BBU1A (-48) ,150122PILv,2,USED
NOKIA,3HE00186AA,7750 SR-7  DC Chassis,150122PILv,2,USED
HUAWEI,02114671,ASSEMBLY Chassis BTS 3900A(220 V AC) HUAWEI,150122PILv,2,USED
HUAWEI,02301736,02301736-OPTIX OSN 9800 P32 CHASIS,150122PILv,2,USED
HUAWEI,02300642,TN52AFB  - Assembly Subrack(OSN 8800 T32).,150122PILv,2,USED
HUAWEI,02300704,TN53AFB Assembly Subrack(OSN 8800 T32 Enhanced),150122PILv,2,USED
CISCO,CISCO7613,CISCO 7613  Chassis,150122PILv,2,USED
,BCE12812-DC,BCE12812-DC-DC assembly Chassis 12800 ENGINE,150122PILv,2,USED
HUAWEI,02120477,TN7BE1FANB00,150122PILv,2,USED
CISCO,FAN-MOD-6SHS,7600 Series FAN,150122PILv,2,USED
A10,THUNDER3030S,Application Delivery Controller ,150122PILv,2,USED
HUAWEI,52413072,"ODU(XMC-2-26G)Microwave Outdoor Unit.RTN XMC.26G.-2.1008MHz.Sub Band A.Low site.H.24549MHz.24885MHz.Without doc.WR-42.H01.
",150122PILv,2,USED
HUAWEI,52412561,ODU(XMC-2-7G) Microwave Outdoor Unit -RTN XMC -7G --2 -245MHz -Sub Band A -High site -H -7645MHz -7729MHz -Without doc -WR-112 -H01.,150122PILv,2,USED
HUAWEI,52413602,ODU(XMC-2H-7G Microwave Outdoor Unit -RTN XMC -7G --2H -154MHz -Sub Band D -Low site -H  -7128MHz -7184MHz -Without doc -WR-112 -H01,150122PILv,2,USED
HUAWEI,52413777,ODU(XMC-3) Microwave ODU -RTN XMC -26G --3 -High site -H -25557MHz -25893MHz -24549MHz -24885MHz -Without doc -WR-42 -H01 -1008MHz -Sub Band A -25557MHz -25893MHz,150122PILv,2,USED
TEKTRONIX,870005212,Board for TEKTRONIX Chassis,150122PILv,2,USED
TEKTRONIX,870029800,Board for TEKTRONIX Chassis,150122PILv,2,USED
TEKTRONIX,870092900,Board for TEKTRONIX Chassis,150122PILv,2,USED
NOKIA,3AL38426AA,Board,150122PILv,2,USED
NOKIA,3FE26698AB,Board for NANT-A NOKIA 7302ISAM,150122PILv,2,USED
NOKIA,3AL81295AA,Board P16S16 Board,150122PILv,2,USED
ERICSSON,LBB-RAID-II,Board,150122PILv,2,USED
ERICSSON,ROA1284191/1,Board,150122PILv,2,USED
ERICSSON,ROA2191123/61,Board,150122PILv,2,USED
CISCO,BPX-BXM-E3-8E,Bpx ATM E3 Switch Module BAA649SCAA,150122PILv,2,USED
CISCO,BPX-BCC-4V/B,Broandband Controller Board - 20 GBPS - W/128MB DRAM - 4MB BRAM BPX-BCC-4V/B,150122PILv,2,USED
CISCO,WS-C6509,C6509,150122PILv,2,USED
HUAWEI,03020JNL,TN51EFI1 - EMI Filter Interface Board,150122PILv,2,USED
HUAWEI,03051912,[MRP6600 MR01NIU0 Network Interface Unit],150122PILv,2,USED
HUAWEI,03030QBM,CR5D00C4CF71  4-Port Channelized STM-1c POS-SFP Physical Interface Card(PIC),150122PILv,2,USED
HUAWEI,02311DUV,WD2ME2PDU03D - PDU,150122PILv,2,USED
HUAWEI,03026BAR,TN51AST2 BIDIRECTIONAL OPTICAL SUPERVISORY CHANNEL AND TIMING TRANSMISSION UNIT,150122PILv,2,USED
HUAWEI,03030GBY,TN11DCU07 Dispersion Compensation Unit(S -5km -for G.652),150122PILv,2,USED
HUAWEI,03030SVN,TN13OBU101 C-BAND Optical Booster Unit(MAX -4dBm IN and 16dBm OUT -Gain 20dB),150122PILv,2,USED
HUAWEI,03030SVQ,TN13OBU104	C-BAND Optical Booster Unit(MAX -1dBm IN and 16dBm OUT -Gain 17dB),150122PILv,2,USED
HUAWEI,034070258,TN52OACE101 Pluggable Optical Amplifier - Extended C-band - Gain 20~31dB - Max 21.5dBm Out - Support WD,150122PILv,2,USED
HUAWEI,03030MDD,TN11MCA802 8-Channel Spectrum Analysis Board -Monitoring 40Gbps Signal,150122PILv,2,USED
HUAWEI,03030LMF,TN11AUX02 OptiX OSN 6800 System Auxiliary Interface Board,150122PILv,2,USED
HUAWEI,03030KRK,TN11ITL04 Interleaver Board(C Band -Dual Module) - OSN 8800,150122PILv,2,USED
HUAWEI,03030QLX,TN12RDU901 9-Port ROADM Splitting Board(C_Band),150122PILv,2,USED
TDK,FPS-S1U,PSU 1U RACK 3 SLOT FOR FPS1000 / TDK-LAMBDA,150122PILv,2,USED
HUAWEI,02130809,Rectifier Module,150122PILv,2,USED
ELTEK,242100.200,Smartnode RS232_RS485,150122PILv,2,USED
ELTEK,242100.114,Smartpack GB RS232,150122PILv,2,USED
ELTEK,242100.410,SMARTPACK S Controller,150122PILv,2,USED
DELTA,DPS-600RB,Power Supply,150122PILv,2,USED
CISCO,PWR-6000-DC,6000W DC PS for CISCO7609/7609-S/13 - Cat6506/09/13,150122PILv,2,USED
CISCO,800-33781-02,ASR9K AC Power Entry Module (RACKMOUNT),150122PILv,2,USED
CISCO,C3KX-PWR-715WAC,CATALYST 3K-X 715W Power Supply,150122PILv,2,USED
CISCO,CISCO2901-K9,CISCO 2901 w/2 GE -4 EHWIC -2 DSP -256MB CF -512MB DRA,150122PILv,2,USED
CISCO,CISCO888G-K9,CISCO 888 G.SHDSL Router configurable with a,150122PILv,2,USED
HUAWEI,02318425,BTS3900/A -WD5MMRFU78B -V2 -Multi-Mode Transceiver Unit -900M RX890-915MHz/TX935-960MHz,150122PILv,2,USED
HUAWEI,02316791,RRU3804 -WD5MARU261 -DISTRIBUTED BASE STATION RADIO,150122PILv,2,USED
ALLIED TELESYS,AT-9924TL-EMC2,Allied Telesis AT-9924TL-EMC2 24 Port +4 SFP 16MB Flash Gigabit Switch,150122PILv,2,USED
XPEECH,XSG8000-4S4P,XPEECH.Analog Voice Over IP Gateway,150122PILv,2,USED
TEKTRONIX,870058100,FPC200,150122PILv,2,USED
TEKTRONIX,870054000,LPC200,150122PILv,2,USED
SIEMENS,S42024-L5233-A100,IFOFES-E,150122PILv,2,USED
RADISYS,A6K-RSM-J,A6K-RSM-J ATCA,150122PILv,2,USED
RADISYS,ATCA-7240,OCTEON II CN68XX,150122PILv,2,USED
RADISYS,ATCA-5010,RADISYS 6000 Board A-5010-,150122PILv,2,USED
RADISYS,ATCA-2210,RADISYS6000 Board ATCA-SWH-6505-R1,150122PILv,2,USED
RADISYS,ATCA-7240-IO-RTM,transition Module,150122PILv,2,USED
RAD DATA,RADFCD-E1,Fractional E1 Access Units,150122PILv,2,USED
NOKIA,3AL81269AA,1670 SM 16XSTM-1 HIGH SPEED PROTECTION,150122PILv,2,USED
NOKIA,3AL79076AA,1678 MCC TERMINATION BUS Board,150122PILv,2,USED
NOKIA,3HE00033AA,7750 SR MDA-16 Port OC3/STM1 POS,150122PILv,2,USED
NOKIA,3AG24102AB,FLCCONGI ENH,150122PILv,2,USED
NOKIA,8DG15235AA,SSY - 4XGE SFP ES-16 ACCESS,150122PILv,2,USED
NOKIA,3AL81429AA,1678 MCC HIGH ORDER MATRIX 640 GB (4096XSTM1),150122PILv,2,USED
NOKIA,3AL98240AA,8XSTM-1/2XSTM-4 PORT SFP,150122PILv,2,USED
NOKIA,3AL81915AB,ISA-ES16,150122PILv,2,USED
JUNIPER,CB-M120-S-C,IPUCAHMCTC Chassis 710-011403 ,150122PILv,2,USED
JUNIPER,SRX3K-SPC-1-10-40,JUNIPER LINE Board - NEW,150122PILv,2,USED
JUNIPER,SRX3K-2XGE-XFP-A,MSC - Module - 2X10GE XFP CFM FOR SRX 3X00,150122PILv,2,USED
JUNIPER,RE-S-1800X4-16G-S-D,Quad Core 1800Ghz with 16G Memory - Redundant - MX s,150122PILv,2,USED
IBM,BYP-0T-4S-0L,IBM NETWORK,150122PILv,2,USED
HUAWEI ,03058336,IX620 SERVICE Board,150122PILv,2,USED
HUAWEI,03058661,ANKD001EY101 BOARD,150122PILv,2,USED
HUAWEI,03021PTG,1-PORT VDSL2 OVER POTS WAN INTERFACE CARD BOARD,150122PILv,2,USED
HUAWEI,03022FWW,"ANDD002PIU00 Power Interface Board
",150122PILv,2,USED
HUAWEI,03054389,ANDD32E11202 32 Channels E1 Interface Board(120ohm),150122PILv,2,USED
HUAWEI,03022STN,AR-2X10GL-W 2-Port 10GE Optical Ports Interface Card,150122PILv,2,USED
HUAWEI,03051746,CN21USI1,150122PILv,2,USED
HUAWEI,03057111,CN25UPBA6  - UNIVERSAL PROCESS BLADE  - 1CPU+3*8G DDR3+2*300G HDD OSTA2.0,150122PILv,2,USED
HUAWEI,02120664,CN2E01FMB OSTA.2 8290 FRAME Fan Unit,150122PILv,2,USED
HUAWEI,02120408,CN2E2IFFB  - OSTA2.0 INTEGRATED FRAME Fan Unit ,150122PILv,2,USED
HUAWEI,03030GED,CR52SRUA1 NETENGINE40E SWITCH AND ROUTE PROCESSING UNIT A,150122PILv,2,USED
HUAWEI,03051250,EGS4 Board SSN1EGS412,150122PILv,2,USED
HUAWEI,02310GBM,ES5M0PSD1700 1700W DC power Module,150122PILv,2,USED
HUAWEI,03058335,EX920 SERVICE Board ,150122PILv,2,USED
HUAWEI,02300612,GEPS4890-30AR DC EMBEDDED POWER SYSTEM,150122PILv,2,USED
HUAWEI,02270059,HUAWEI DC/DC POWER Module -3700W --5DEGC -55DEGC --38V,150122PILv,2,USED
HUAWEI,02675010,HUAWEI Optix OSN 1500 PIUA Board,150122PILv,2,USED
HUAWEI,03020QES,LE0MG24SD 24-Port 100/1000BASE-X Interface Board(ED,150122PILv,2,USED
HUAWEI,03020NES,LEOMG48TD 48-Port 100/1000BASE-T Interface Card(ED.RJ45),150122PILv,2,USED
HUAWEI,03053896,MRP6600  - MR01MPF3  - MULTIMEDIA SERVICE PROCESS- 2*MRM BOARD,150122PILv,2,USED
HUAWEI,03030DTY,OPTIX OSN 6800 -TN11SC101 -UNIDIRECTIONAL OPTICAL SUPERVISORY CHANNEL BOARD,150122PILv,2,USED
HUAWEI,03051334,OSN 1500B SSN2SLO1 (S-1.1 -LC) 8 XSTM - 1 BOARD,150122PILv,2,USED
HUAWEI,03020JUL,OSN 8800 - TN51AUX - System Auxiliary Interface Board,150122PILv,2,USED
HUAWEI,02113095,Osn500 Tnhb00case01,150122PILv,2,USED
HUAWEI,02113090,S9306 ASSEMBLY Chassis,150122PILv,2,USED
HUAWEI,03053030,SE01ESRU0 SBC ENHANCED SWITCH AND ROUTE PROCESSING BOARD,150122PILv,2,USED
HUAWEI,03769210,SL64 BOARD  1xSTM-64 Optical Interface Board,150122PILv,2,USED
HUAWEI,03020REB,SL91CXPR| OPTIX RTN 950  MULTI PROTOCOL AND CROSS-CONECT PROCESSING CARD,150122PILv,2,USED
HUAWEI,03037127,SS-PL3 3xE3/T3 Service Processing Board,150122PILv,2,USED
HUAWEI,03706410,SSN1GSCC01 - OSN3500 System control and communication Board,150122PILv,2,USED
HUAWEI,03030GGW,SSN1SLD6402  OSN 3500 2xSTM-64 Optical Interface Board,150122PILv,2,USED
HUAWEI,02300665,SSN1SUBRACK01 Type III Subrack OSN 3500,150122PILv,2,USED
HUAWEI,03030ESL,SSN2PQ1B01 63xE1 Service Processing Board 120ohm,150122PILv,2,USED
HUAWEI,03020CQV,SSN4GSCC System Control and Communication Board,150122PILv,2,USED
HUAWEI,03053487,TNM1EM6F-4 * FE (RJ45)/2 *GE Fast/Gigabit Ethernet Board with Switch Function,150122PILv,2,USED
HUAWEI,03030YSB,TNS1CTU01 SYSTEM CONTROL AND COMMUNICATION BOARD WITH CLOCK PROCESSING FUNCTION ,150122PILv,2,USED
HUAWEI,02121114,TNS1FCD| - Fan Unit,150122PILv,2,USED
HUAWEI,03030RXG,TNV1T401C01|OPTIX OSN 9800 -TNV1T401C01 -1*100G TRIBUTARY SERVICE PROCESSING BOARD (CFP) BOARD,150122PILv,2,USED
HUAWEI,03020XCN,WBBPD3,150122PILv,2,USED
HUAWEI,03024CFA,WD22UBBPEM BASEBAND PROCESSING UNIT  - DBS5900,150122PILv,2,USED
HUAWEI,03052275,WP23LPUF50CA00 03020KGT  DMPU  daughter multi-purpose process unit  DMPU  subcard,150122PILv,2,USED
HUAWEI,02310QSM,xPON/GE Multi-service Access Module Assembly Chassis(double DC.2GE ETH+2GE ETH/Fiber COMBO.supporting 3 CLOCK.without Optical Transceiver).,150122PILv,2,USED
GENBAND,805-0073-141,GENBAND Board G9 AI,150122PILv,2,USED
GENBAND,805-0099-141,GENBAND G9 Board SG-1,150122PILv,2,USED
GENBAND,805-0070-144,GENBAND G9 Board SI,150122PILv,2,USED
GENBAND,805-0077-142,GENBAND T9 Board PAC,150122PILv,2,USED
GENBAND,805-0079-142,GENBAND T9 Board VS-813,150122PILv,2,USED
GENBAND,805-0072-141,GP9 Board GENBAND Gbe,150122PILv,2,USED
F5,F5-BIG-LTM-3600-E-R,F5-BIG-LTM-3600-E-R w/ LTM - MAX SSL - ARM - Advanced Routing Bundle,150122PILv,2,USED
ERICSSON,ROA1284190/2,SMART SERVICES CARD - SSC1-V2 - SSR,150122PILv,2,USED
ERICSSON,NBA101032/1,CCF - 24 E1/T1,150122PILv,2,USED
ERICSSON,ROJ206003/1,CCU-3,150122PILv,2,USED
ERICSSON,CPCI-744,Controller board PENT/CPCI-744 1G-1100-L1,150122PILv,2,USED
ERICSSON,ROJ207091/1,CTB,150122PILv,2,USED
ERICSSON,ROJ208454/1,GEP2-12GB4F Board,150122PILv,2,USED
ERICSSON,ROJ208128/1,GPBv3 (General Processing Board version 3) PRINTED,150122PILv,2,USED
ERICSSON,ROJ207503/1,IPNX,150122PILv,2,USED
ERICSSON,BFB10951/2,LARGE NODE IPNA 768MB BFB 109 51/2 W03 BFB10951/2 LBB/AM RAID CPCI-730 APG40C/2 node,150122PILv,2,USED
ERICSSON,BFB10987/1,LBB/LN/C24,150122PILv,2,USED
ERICSSON,UKL50157/21L,MINI-LINK 6352 - ML6352  Terminal - 100 Mbps Base,150122PILv,2,USED
ERICSSON,ROJ208453/1,PMDM.,150122PILv,2,USED
ERICSSON,ROJ208143/2,PRINTED Board ASSEMB/IBENV4 ,150122PILv,2,USED
ERICSSON,ROJ1192254/7,PRINTED Board ASSEMB/TX6HS-03;TRANSMITTE,150122PILv,2,USED
ERICSSON,UKL40166/A26HP,RA2 X10 /A26HP Transmission 10GHZ,150122PILv,2,USED
ERICSSON,ROJ208436/1,RPBI-S.,150122PILv,2,USED
ERICSSON,ROJ1192325/1R1C,SAU3 ,150122PILv,2,USED
ERICSSON,ROJ1192334/2,SCB-DF,150122PILv,2,USED
ERICSSON,ROJ208438/1,SPU.,150122PILv,2,USED
ERICSSON,BFC101102,SUBRACK,150122PILv,2,USED
ERICSSON,ROJ20720/1,TS4B,150122PILv,2,USED
ERICSSON,ROJ208305/1,XNB BOARD,150122PILv,2,USED
ERICSSON,UKL40163/A06HP,RAU2 X 23/A06HP Transmission 23ghz High,150122PILv,2,USED
COMPAQ,PS-6301-1,Power Supply,150122PILv,2,USED
CISCO,SPA-1XCHSTM1/OC3,1-PORT CHANNELIZED STM-1/OC-3C TO DS0 SHARED PORT,150122PILv,2,USED
CISCO,VWIC2-2MFT-T1/E1,2-Port 2nd Gen Multiflex Trunk Voice/WAN  Int. Car,150122PILv,2,USED
CISCO,WS-C3850-48T-S,48-Port RJ-45 Stackable GE Switch + C3850-NM-4-10G 1x PSU,150122PILv,2,USED
CISCO,BPX-BXM-155-4DX,8600 4-Port OC-3/STM-1 Module.,150122PILv,2,USED
CISCO,BPX-SMF-155-4-BC,8600 Series BPX 4 port OC3 Board Single Mode BA3APYUCAA,150122PILv,2,USED
CISCO,WS-SVC-AGM-1-K9,ANOMALY GUARD Module FOR CISCO 6500/7200 Series,150122PILv,2,USED
CISCO,ACE20-MOD-K9,APPLICATION Control ENGINE SERVICE Module,150122PILv,2,USED
CISCO,C3KX-NM-1G,Catalyst 3K-X 1G Network Module option PID,150122PILv,2,USED
CISCO,WS-C6504-E,Catalyst 6500 Enhanced 4-slot chassis -5RU -no PS -no Fan Tray,150122PILv,2,USED
CISCO,SPA-2XT3/E3,CISCO 1-Port Channelized STM-1/OC-3c - 2- And 4-Port Clear Channel T3/E3 - And 2- And 4-Port Channelized T3 to DS0 Shared Port Adapter,150122PILv,2,USED
CISCO,WS-X6148-RJ-45,CISCO 48-port 10/100 switch Module,150122PILv,2,USED
CISCO,N7K-M206FQ-23L,CISCO 7009 Series Board,150122PILv,2,USED
CISCO,341-0186,CISCO 7600 POWER Module,150122PILv,2,USED
CISCO,7600-SIP-400,CISCO 7600 Series SPA Interface Processor - 400,150122PILv,2,USED
CISCO,ASR-9010-ROUTER,CISCO ASR 90010 ROUTER Chassis,150122PILv,2,USED
CISCO,ASR1000-SIP10,CISCO ASR1000 SPA Interface Processor 10,150122PILv,2,USED
CISCO,ASR1002-PWR-AC,CISCO ASR1002-PWR-AC AC Power Supply ,150122PILv,2,USED
CISCO,N7K-F312FQ-25,CISCO Nexus 7000 F3-Series 12-Port 40 Gigabit Ethernet Module,150122PILv,2,USED
CISCO,N7K-M202CF-22L,CISCO Nexus 7000 M2-Series 2-Port 100GbE Board,150122PILv,2,USED
CISCO,7600-ES+40G3CXL,ETHERNET SERVICE Module ,150122PILv,2,USED
CISCO,N7K-C7010,CISCO Nexus 7010 Chassis (ver. : v3 - ),150122PILv,2,USED
CISCO,SPA-2XOC12-POS,OC12/STM4 POS Shared Port Adapter,150122PILv,2,USED
CISCO,ASR5K-RCC-K9,Redundancy Crossbar,150122PILv,2,USED
CISCO,ASA5550-BUN-K9,SSM-4GE ASA 5500 Firewall 3DES/AES.,150122PILv,2,USED
CISCO,WS-F6K-PFC3BXL,SUP720 PFC-3BXL,150122PILv,2,USED
CISCO,SF300-24,SWITCH  24 PORT,150122PILv,2,USED
CISCO,WS-C3650-48TS,SWITCH IP BASE CISCO,150122PILv,2,USED
CISCO,WS-X6K-SUP1A-2GE,WS-X6K-SUP1A-2GE,150122PILv,2,USED
CISCO,ASR5K-0110G-MM-K9,XGLC 1-Port 10 Gigabit Ethernet Line Board w/MM SFP,150122PILv,2,USED
,350_24T_4G,350_24T_4G-Eu 24 Port Managed Gigabit Switch,150122PILv,2,USED
,S42024-L5267-A100-5,S42024-L5267-A100-5-hiT 7070 S42024-L5267-A 100 IFS10GB,150122PILv,2,USED
KATHREIN,78210660,Dual-Band Combiner,150122PILv,1,USED
KATHREIN,78210644,Quad-Band Combiner,150122PILv,1,USED
HUAWEI,27030489,Outdoor Combiner -2100&1800 -Dual Band Single Unit -1710MHz~1880MHz -1920MHz~2170MHz -Q DIN/female -6/17 DIN/female,150122PILv,1,USED
HUAWEI,52431122,A26S03HAC Microwave Antenna -A26S03HAC -26G -300mm -HP -Single Polarization -Direct(XMC)/Separate(All RTN ODU) Mount -36.6dBi -2.5deg -63dB -30dB -,150122PILv,1,USED
HUAWEI,52432444,A80S03MAC-3NX Microwave Antenna -A80S03MAC-3NX -80G -300mm -UHP-M -Single Polarization -Direct(XMC)/Separate(All RTN ODU) Mount -46dBi -0.8deg -30dB,150122PILv,1,USED
COMMSCOPE,E15S08P71,Tower Mounted Amplifier - Dual UMTS 2100 with AISG,150122PILv,1,USED
RADISYS,TD140CHASSIS,Chassis,150122PILv,1,USED
HUAWEI,02300652,"TN1K3AFB Assembly Subrack(OSN 6800).
",150122PILv,1,USED
CISCO,BAMAMHOERD,CISCO BPX8600 Series BAMAMHOERD SWITCH Chassis,150122PILv,1,USED
CISCO,WS-4507R-E,Cat4500 E-Series 7-Slot Chassis - fan - no ps - Red Sup Capable (WS-C4507R+E Replacement Product),150122PILv,1,USED
NOKIA ,3HE00191BA,7750 SR-7  High Flow Fan Tray,150122PILv,1,USED
NOKIA,3AL79773AA,"1660 SM FANS SHELF 19""",150122PILv,1,USED
HUAWEI,02120516,TN1E2FAN,150122PILv,1,USED
HUAWEI,02120406,BSC 32 FAN - CR5E2TSR,150122PILv,1,USED
HUAWEI,02120481,BSC 6600 H80F01FCBB81 - Fan Unit for 48-port VDSL2,150122PILv,1,USED
HUAWEI,02311VGW,FANd WD2M000FAN 2U FAN MODULE ,150122PILv,1,USED
HUAWEI,02120244,FANSSRX000FAN00 - OPTIX OSN 1500 Fan Unit,150122PILv,1,USED
CISCO,WS-C6504-E-S32-GE,6504-E Chasis  Fan Tray  Sup32-GE,150122PILv,1,USED
RADISYS,SW-2000,aTCA-3150S/TK SW-2000 AdvancedTCA Processor Blade,150122PILv,1,USED
RADISYS,SYS6000,Radisys Chassis Chassis SYS6000 48VDC 90AMP,150122PILv,1,USED
NOKIA,IP01200,NOKIA REGULATORY MODEL IP01200,150122PILv,1,USED
IQ,SINGULUSG2X,OS2-00G2X-001,150122PILv,1,USED
CITRIX,CITRIX12000,Netscaler 8 port SFP Application Firewall,150122PILv,1,USED
CHECKPOINT,CONNECTRA-9072,Check Point Connectra 9072 Security Appliance,150122PILv,1,USED
CHECKPOINT,CHECKPOINTP-10,CHECK POINT P-10,150122PILv,1,USED
CHECKPOINT,CHECKPOINTP-20,CHECK POINT P-20,150122PILv,1,USED
HUAWEI,52442974,OMT26-A Microwave electric Accessory -OMT26-A -26G -153IEC-R220,150122PILv,1,USED
HUAWEI,52450832,Full Outdoor MicroWave -RTN 320 -23G --3 -F233LA -Low site -H -22260MHz -22610MHz -23268MHz -23618MHz -DC -7 -Without doc -WR-42 -H01 -1008MHz -Sub Band B -22260MHz -22610MHz,150122PILv,1,USED
HUAWEI,52413310,Microwave ODU -Optix Sub-6GHz-5.4G- PTP54500&Bandwidth License&Extended Warranty-5470MHz- 5725MHz-,150122PILv,1,USED
HUAWEI,52414903,Microwave ODU -RTN XMC -26G --3E -High site -H -25557MHz -25893MHz -24549MHz -24885MHz -1008MHz -Sub Band A -25557MHz -25893MHz,150122PILv,1,USED
HUAWEI,52413883,ODU XMC-3Microwave ODU -RTN XMC -23G --3 -High site -H -23268MHz -23618MHz -22260MHz -22610MHz -Without doc -WR-42 -H01 -1008MHz -Sub Band B -23268MHz -23618MHz.,150122PILv,1,USED
HUAWEI,52412509,ODU(XMC-2-15G) Microwave Outdoor Unit -RTN XMC -15G --2 -728MHz -Sub Band A -High site -H  -15228MHz -15353MHz -without doc -WR-62 -H01. RTN 950,150122PILv,1,USED
HUAWEI,52413271,ODU(XMC-2-23G)  Microwave Outdoor Unit -RTN XMC -23G --2 -1008MHz -Sub Band C -High site -H  -23268MHz -23618MHz -Without doc -WR-42 -H01.,150122PILv,1,USED
HUAWEI,52413075,ODU(XMC-2-38G) Microwave Outdoor Unit - RTN XMC -38G --2 -1260MHz -Sub Band A -Low site -H  -37044MHz -37632MHz -Without doc -WR-28 -H01.,150122PILv,1,USED
HUAWEI,52413603,ODU(XMC-2H-7G) Microwave Outdoor Unit -RTN XMC -7G --2H -154MHz -Sub Band C -Low site -H -7512MHz -7568MHz -Without doc -WR-112 -H01,150122PILv,1,USED
HUAWEI,52413607,ODU(XMC-2H-7G) Microwave Outdoor Unit -RTN XMC -7G --2H -154MHz -Sub Band F -High site -H  -7366MHz -7422MHz -Without doc -WR-112 -H01,150122PILv,1,USED
HUAWEI,52413606,ODU(XMC-2H-7G) Microwave Outdoor Unit -RTN XMC -7G --2H -154MHz -Sub Band F -Low site -H  -7212MHz -7268MHz -Without doc -WR-112 -H01,150122PILv,1,USED
HUAWEI,52414068,ODU(XMC-3-7G) Microwave ODU -RTN XMC -7G --3 -Low site -H -7212MHz -7268MHz -7366MHz -7429MHz -Without doc -WR-112 -H01 -154MHz/161MHz -Sub Band F/R -7212MHz/7212MHz -7268MHz/7268MHz,150122PILv,1,USED
TEKTRONIX,LP-2000,Board,150122PILv,1,USED
TEKTRONIX,870005200,Board for HD1200 TEKRONIX,150122PILv,1,USED
RADISYS,ATCA-5400-CPU-RTM-OEM,Board for TEKTRONIX Chassis,150122PILv,1,USED
RADISYS,MPCBL0001F04,C55360-022,150122PILv,1,USED
NOKIA,3AL80407AA,Board ,150122PILv,1,USED
NOKIA,3AL78816AA,Board SERGI,150122PILv,1,USED
ERICSSON,ROJ1192106/5,Board,150122PILv,1,USED
CISCO,WS-X4506-GB-T,Board,150122PILv,1,USED
CISCO,CRS-8-RP,Board ,150122PILv,1,USED
CISCO,BAL8DPODAB,BPX T3/E3 CISCO Board FOR 8600 CISCO 73-2759-02-BO,150122PILv,1,USED
HUAWEI,03021CGE,TN16SCC System Control and Communication Board,150122PILv,1,USED
HUAWEI,03033LAH,CR5D0EFGFM70 24 port 100 / 1000Base-X-SFP MACSEC flexible card (P53) NE40E-X3A,150122PILv,1,USED
HUAWEI,03050FQJ,CR5DLPUFME73 Flexible Card Line Processing Unit E (LPUF-485-E) ) ,150122PILv,1,USED
CISCO,WS-X6716-10GE,  CISCO Catalyst 6500 16-port 10 Gigabit Ethernet fiber Module,150122PILv,1,USED
RADISYS,MPRTM0040S00Q,D38077-012 Board for TEKTRONIX Chassis / Intel MPRTM0040 Rear Transition Module,150122PILv,1,USED
NOKIA,3AL97042AB,POWER Board NOKIA,150122PILv,1,USED
NOKIA,X8345R,Power Supply ETA Distribution ,150122PILv,1,USED
NOKIA,3AL78830AA,1660 SM Control And Common I/F,150122PILv,1,USED
HUAWEI,03030HAJ,TN11DCU02 Dispersion Compensation Unit (B - 40Km -for G.652),150122PILv,1,USED
HUAWEI,03030HAN,TN11DCU06 Dispersion Compensation Unit (F - 120km - for G.652),150122PILv,1,USED
HUAWEI,03030SVP,TN13OBU103	C-BAND Optical Booster Unit(MAX -3dBm IN and 20dBm OUT -Gain 23dB),150122PILv,1,USED
HUAWEI,03030SVR,TN13OBU105	C-BAND Optical Booster Unit(MAX 0dBm IN and 23dBm OUT -Gain 23dB),150122PILv,1,USED
HUAWEI,03021ETT,TNF1LDX 2*10Gbit/s Wavelength Conversion Board,150122PILv,1,USED
HUAWEI,03023BTJ,TNF2LDX 2*10Gbit/s Wavelength Conversion Board OSN1800 OSN8800,150122PILv,1,USED
NOKIA,3AL78823AA,1660 SM 4XSTM1 ELECTR. PORT/1,150122PILv,1,USED
HUAWEI,03020LTK,TNHD00PL3T01 3*E3/T3 Electrical Interface Board,150122PILv,1,USED
HUAWEI,03033BST,TN55OPM801	8 channel flexible bandwidth optical power monitor board,150122PILv,1,USED
HUAWEI,03030GFK,TN11M4002 40-channel Multiplexing Board(C_Odd -196.05THz~192.15THz -100GHz -Thermal AWG -LC),150122PILv,1,USED
HUAWEI,03030DXE,TN11WSD901 OPTIX OSN 6800 9-PORT WAVELENGTH SELECTIVE SWITCHING DEMULTIPLEXING BOARD C_EVEN,150122PILv,1,USED
HUAWEI,03030KAA,TNF1MR802 8-ch Add/Drop Multiplexer -100GHz(192.9/193.0/193.1/193.2/193.3/193.4/193.5/193.6THz),150122PILv,1,USED
HUAWEI,03021QAM,03021QAM-OPTICAL CARD TM20,150122PILv,1,USED
HUAWEI,03021TUT,03021TUT-SN1EFS0A01 EFSOA Optical Board,150122PILv,1,USED
HUAWEI,03028HGP,03028HGP-OptiX OSN 9800 M12 03028HGP TMP2MON3201 OXC,150122PILv,1,USED
HUAWEI,03030UUP,03030UUP-TN96WSM9 OptiX OSN 8800,150122PILv,1,USED
HUAWEI,03052885,03052885-8xSTM-1 & 8xSTM-4 Optical Interface Board,150122PILv,1,USED
HUAWEI,03030ESQ,TN11VA101 RMU9 BOARD,150122PILv,1,USED
HUAWEI,03030GXA,TN13FIU01 -OSN 9800 Fiber Interface Board,150122PILv,1,USED
HUAWEI,03021DHQ,TN53NS201 1 x 10G Line Service Processing Board,150122PILv,1,USED
HUAWEI,03021CYJ,TN53TDX01 2*10g Tributary Service Processing Board,150122PILv,1,USED
CISCO,WS-X6408A-GBIC,Gigabit Ethernet Optical Interface Module - 8 ports; 1000BASE-SX - ‑LX/LH - ‑ZX - -T; 1000BASE-CWDM - ‑DWDM; SC connecter,150122PILv,1,USED
CISCO,WS-X6416-GBIC,Gigabit Ethernet Optical Interface Module 16 port,150122PILv,1,USED
TDK,FPS3000-48/P,Lambda Rack Mount Power Supplies 1000W 48V 63A dat,150122PILv,1,USED
Motorola,PWRXP9246,Magnetek Power Supply board,150122PILv,1,USED
IBM,2145UPS-1UENVIRONMENT,Battery Backup UPS 31P1318 ssg520m,150122PILv,1,USED
HUAWEI,02315111,BTS3606 EPMU01 Power Supply RECTIFIER - GM51DEPM,150122PILv,1,USED
HUAWEI,01071381,Rectifier EPU05A-02,150122PILv,1,USED
HUAWEI,02310FJD,Rectifier Module - R4850 - 2U - 3000W - High Efficiency,150122PILv,1,USED
EMERSON,BML440051/1,Rectifier,150122PILv,1,USED
CISCO,PWR-2700-AC,2700W AC Power Supply for CISCO 7604/6504-E,150122PILv,1,USED
HUAWEI,02120472,DC POWER DISTRIBUTION UNIT - DCDU-03B,150122PILv,1,USED
HUAWEI,03020CKS,DC Power Input Unit,150122PILv,1,USED
CISCO,CISCO1941,1900 Series,150122PILv,1,USED
CISCO,CISCO3845,3845 CISCO Router Mother Board,150122PILv,1,USED
CISCO,CISCO3845-MB,CISCO 3845 Router,150122PILv,1,USED
CISCO,CISCO887-K9,CISCO.CISCO 887 ADSL Integrated Services Router,150122PILv,1,USED
CISCO,CISCO887VA,Integrated Services Router,150122PILv,1,USED
CISCO,CISCO1941-K9,CISCO 1941 Integrated Services Router,150122PILv,1,USED
CISCO,CISCO2921-K9,SWITCH,150122PILv,1,USED
HUAWEI,02311BJS,BTS3911E 2100M+1800M WDMIMB DGX0A 02311HEQ WD6MIMB,150122PILv,1,USED
HUAWEI,02311EQL,LRFUe BTS3900/BTS5900  WD5M08LRFUE1 800MHZ 4G,150122PILv,1,USED
HUAWEI,02311BYE,RRU3959 for Multi-mode 1800MHz (2*60W),150122PILv,1,USED
ERICSSON,KRD901060/20,SMALCELL 6402 RBS R2B 48V MAX 2A IP20,150122PILv,1,USED
"IBM
",X3650,SERVER - W/O HDD,150122PILv,1,USED
Tellabs,STM1/0C3,STM1/0C3-1-Port Channelised,150122PILv,1,USED
Symmetricom,090-50322-01,GPS Module TimeProvider5000,150122PILv,1,USED
SIEMENS,S42024-L5217-A200-9,Description is not found,150122PILv,1,USED
SIEMENS,S42024-L5218-A200-10,Description is not found,150122PILv,1,USED
SIEMENS,S42024-L5223-B100-3,Description is not found,150122PILv,1,USED
SIEMENS,S42024-L5232-B100-2,Description is not found,150122PILv,1,USED
QUANTUM,AXM2400,TENOR AX Series GATEWAY AXSeries SERVER EQUIPMENT,150122PILv,1,USED
NOKIA,3AL81072AA,1660SM MATRIX ENHANCED UNIT,150122PILv,1,USED
NOKIA,3AL79135AB,1670-1660 SM ASEL Control & GENERAL I/F HC 3W,150122PILv,1,USED
NOKIA,3AG24476AA,1678 MCC 2X 10 GBE PRT/XFP,150122PILv,1,USED
NOKIA,3AG33295AA,1830/1870 PSS 10X10G UNIVERSAL /XFP,150122PILv,1,USED
NOKIA,3AG24176AA,3AG24176AA-1678-MCC 4 X STM16 PT/SFP,150122PILv,1,USED
NOKIA,3FE26685AA,7302 ISAM FD-16 10G subrack - 48V only - excl. fan ,150122PILv,1,USED
NOKIA,3FE53701AC,7360 ISAM FX 480Gbps NT with ETSI E1 BITS - Synchr,150122PILv,1,USED
NOKIA,3HE08428AA,7750 SR SFM5-12,150122PILv,1,USED
NOKIA,3AL97086AA,E3B-1 EMUX Module,150122PILv,1,USED
NOKIA,3AL97043AC,FAU Board NOKIA,150122PILv,1,USED
NOKIA,3AL97165AC,ISA-ES18FE NOKIA Board,150122PILv,1,USED
NOKIA,3EC37533NB,ISAM FD Fan With Dustfilter - 48V only,150122PILv,1,USED
NOKIA,3KC19274AB,MT1T9C PSS-36 MATRIX 1.9T,150122PILv,1,USED
NOKIA,3AL97081AC,MU48-1642 EDGE MULTIPLEXER,150122PILv,1,USED
NOKIA,3AL97079AC,SDC1B28 NOKIA Board,150122PILv,1,USED
NOKIA,3AL98269AA,SERGI CARD,150122PILv,1,USED
NOKIA,8DG15432AA,STM64 PORT XFP PLUGGABLE,150122PILv,1,USED
NOKIA,3HE05029AB,SYS - 7210 SAS M24F DC,150122PILv,1,USED
MRV,LX-4016T-112DC,4000T Series SWITCH MRV USA,150122PILv,1,USED
JUNIPER,710-007300,CHANNELIZED STM1 SMF-IR,150122PILv,1,USED
JUNIPER,SRX3K-RE-12-10,COUCAG0BAA - 750-021914 Routing Engine - router - p,150122PILv,1,USED
JUNIPER,SSG520M-SH,Enterprise Secure Services Security Gateway Appliance,150122PILv,1,USED
JUNIPER,NS-050-005,Juniper Netscreen 50 NS-050-005 Advanced VPN/Firew,150122PILv,1,USED
JUNIPER,SRX3K-NPC,Juniper Networks SRX 3000 Network Processing Board,150122PILv,1,USED
JUNIPER,FFANTRAY-MX960-S-C,MX960 FAN,150122PILv,1,USED
JUNIPER,SRX3K-SFB-12GE-A,Port Gigabit Ethernet Switch Fabric Module,150122PILv,1,USED
JUNIPER,SSG-20-SH,Services Gateway - Firewall - VPN,150122PILv,1,USED
JUNIPER,SRX3600-CHASA,SRX3600-CHASA-SRX3K-2XGE-XFP SRX3K-16GE-TX SRX3K-SFB-12GE 4x AC,150122PILv,1,USED
JUNIPER,SRX3600-FAN,SRX3600-FAN,150122PILv,1,USED
JUNIPER,MX-MPC2-3D,Universal Edge Router MPC2 Module,150122PILv,1,USED
INFINERA,DTC-ANSI-B-B2+,GC-DTC-ANSI-B-B2+-CH,150122PILv,1,USED
HUAWEI,03056916,CN26UPBA0  - UNIVERSAL PROCESS BLADE  - XEON E5-2618L V4 SERVER (1CPU+2*16G DDR4+4G FLASH -  MSOFTX3000,150122PILv,1,USED
HUAWEI,02300711,CN2K01T8290  OSTA 2.0 8290 Frame,150122PILv,1,USED
HUAWEI,03030GSH,CR52-P20-12x100/1000Base-X-SFP 12-Port 100/1000Base-SFP Flexible Card,150122PILv,1,USED
HUAWEI,03030ETQ,CR52EAGFG0 NE80E 10-port GbE SFP Optical Interface LPU,150122PILv,1,USED
HUAWEI,02310QMP,CR5M002FBX72 X2 M16 Fan Unit,150122PILv,1,USED
HUAWEI,03030BWS,EMS4,150122PILv,1,USED
HUAWEI,02121961,FT482A10 FAN TNG1FAN,150122PILv,1,USED
HUAWEI,03020QCQ,H80D00GICK01 2-port GE Optical/Electrical Interface Board,150122PILv,1,USED
HUAWEI,03021DVB,H80D00SCUH01 Super Control Unit Board,150122PILv,1,USED
HUAWEI,02351082,H80Z1MABC  H80Z1 ETSI SERVICE SHELF 48V/60V FAN,150122PILv,1,USED
HUAWEI,03020PFJ,H83D00VDSE01 24-port VDSL2 over POTS Service Board(with 600 ohm Impedance Splitter),150122PILv,1,USED
HUAWEI,03020MCT,H83D05VDGE01 16-port VDSL over POTS Service Board(with 600 ohm Impedance Splitter),150122PILv,1,USED
HUAWEI,02310QSL,H83MMA569823. xPON/GE Multi-service Access Module Assembly Chassis(AC. supporting backup power.2GE ETH+2GE ETH/Fiber COMBO.supporting 3 CLOCK. without Optical Transceiver).,150122PILv,1,USED
HUAWEI,SCR52-NE40E-BASE8-AC,HUAWEI Router 40E Chassis,150122PILv,1,USED
HUAWEI,03020LGG,LE0MG48SC-48-Port 100/1000BASE-X Interface Board (EC.SFP) ,150122PILv,1,USED
HUAWEI,03020UBB,MA5616 H83D00CCUC01 Multi-Service Centralized Control Unit Board,150122PILv,1,USED
HUAWEI,03027541,OptiX OSN 3500 SSN1DCU Single Channel Dispersion Compensation Board (80km -LC),150122PILv,1,USED
HUAWEI,03022QGW,OptiX OSN 8800 TN54STG Clock Board,150122PILv,1,USED
HUAWEI,03020JTU,OSN500 TNH1ISUA - 8xFE/21xE1/120ohm(T1/100ohm)/2xSTM-1/4 Integrated system Control Unit,150122PILv,1,USED
HUAWEI,02120713,POWER DISTRIBUTION BOX AC/DC Power Rack,150122PILv,1,USED
HUAWEI,02352765,S6348-EI Mainframe (48 GE SFP/10 GE SFP+. Chassis. Dual Slots of power. Without Power Module,150122PILv,1,USED
HUAWEI,03535010,SE1D4002 -40-CHANNEL DEMULTIPLEXING UNIT(C_EVEN -THERMAL AWG -LC) OptiX DWDM,150122PILv,1,USED
HUAWEI,03833210,SL1 BOARD,150122PILv,1,USED
HUAWEI,03020RDK,SL9D00EM6T01 4 * FE (RJ45)/2 *GE(RJ45) Fast/Gigabit Ethernet Board with switch function,150122PILv,1,USED
HUAWEI,02310VBV,SLD3IRU101 RTN 905 System 4*GE(RJ45)+2*GE(SFP)+16*E1+2*STM-1(SFP)+2*Combo Port+1*IF IDU Unit(-48VDC). INDOOR MWave,150122PILv,1,USED
HUAWEI,03785410,SLO1 BOARD 8xSTM-16 Optical Interface Board,150122PILv,1,USED
HUAWEI,03892010,SLT1 Board,150122PILv,1,USED
HUAWEI,03887910,SSE1SC207 SC2 Board,150122PILv,1,USED
HUAWEI,03997810,SSE30PUC03C Board OPU,150122PILv,1,USED
HUAWEI,03039978,SSE3OPUC03C C-BAND Optical Pre-Amplifier 23DB GAIN  - 15DBM OUT,150122PILv,1,USED
HUAWEI,03030JRX,SSE7LWFST01-STM-64 Transmit-receive Line Wavelength Conversion Board,150122PILv,1,USED
HUAWEI,03737410,SSN1SL16A02,150122PILv,1,USED
HUAWEI,03030CCS,SSN1SL64(Ls-64.2 -LC) 10G STM-64 optical interface board (Ls-64.2 - LC),150122PILv,1,USED
HUAWEI,03021SJC,SSN2PQ1B03 63xE1 Service Processing Board(E1/120ohm),150122PILv,1,USED
HUAWEI,03020QCD,SSN2PSXCSA OSN 3500-200G TDM and 100G Packet Switching and Synchronous Timing Board,150122PILv,1,USED
HUAWEI,03050658,SSN2SLQ410,150122PILv,1,USED
HUAWEI,03030EAE,SSN4EFS001 10M/100M Fast Ethernet Processing Board,150122PILv,1,USED
HUAWEI,03030AMW,SSQ2CXL16 STM-16 System Control -Cross-connect -Optical,150122PILv,1,USED
HUAWEI,03020TNR,SST1PIUB OptiX OSN 7500 Power Interface Unit,150122PILv,1,USED
HUAWEI,03025VXX,TMF1SCC System Control and Communication board,150122PILv,1,USED
HUAWEI,03020GMJ,TN8D000EG800 81EG8 8xPorts Processing Board,150122PILv,1,USED
HUAWEI,02300615,TNB1AFB Chassis OPTIX PTN 3900,150122PILv,1,USED
HUAWEI,03020RXQ,TNM1AUX Assistant Channel Interface Board,150122PILv,1,USED
HUAWEI,03020VWP,TNN1PSXCS Super Cross-connect and Synchronous Timing Board,150122PILv,1,USED
HUAWEI,03022PBR,TNS1EFI01 EMI Filter Interface Board(U16) EFI,150122PILv,1,USED
HUAWEI,03024JUL,TNU2CTU01 System Control and Communication Board With Clock Processing Function OSN 9800 T64,150122PILv,1,USED
HUAWEI,03032KCL,TNV3T401C21 1*100G TRIBUTARY SERVICEPROCESSING BOARD - OSN 9800,150122PILv,1,USED
HUAWEI,02120464,TPFAN01A  FAN Unit,150122PILv,1,USED
HUAWEI,03023CAJ,WD22PMIA POWER MONITOR INTERFACE APM30H APM5930,150122PILv,1,USED
HUAWEI,03022HEK,WD2DUBBPD400 Universal Baseband Processing Unit d4,150122PILv,1,USED
HUAWEI,03055289,WP11SPUC Signal Processing Unit ,150122PILv,1,USED
GENBAND,825-0057-141,GENBAND GP Chassis Chassis Chassis 65AMP MAX,150122PILv,1,USED
ERICSSON,ROJ20412/31,CCD,150122PILv,1,USED
ERICSSON,ROJ206001/1,CCU-1,150122PILv,1,USED
ERICSSON,BFD101109/5,CPSB 12GW,150122PILv,1,USED
ERICSSON,ROJ207009/1,CPU-60/C1,150122PILv,1,USED
ERICSSON,ROJ1192257/1,ET-C41,150122PILv,1,USED
ERICSSON,ROJ1192257/3,ET-C41,150122PILv,1,USED
ERICSSON,BFD10193/2,LBB/LC/C24,150122PILv,1,USED
ERICSSON,ROJ208442/2,MAU,150122PILv,1,USED
ERICSSON,ROJ212206/1,MAU,150122PILv,1,USED
ERICSSON,ROJ212206/3,MAU-33,150122PILv,1,USED
ERICSSON,UKL50157/21H,MINI-LINK 6352 - ML6352 Terminal - 100 Mbps Base,150122PILv,1,USED
ERICSSON,ROJ208465/1,NWI-E 450A,150122PILv,1,USED
ERICSSON,ROJ208124/1,PEBv2 Board AIMg2 -5,150122PILv,1,USED
ERICSSON,ROJ208130/1,PEBv3,150122PILv,1,USED
ERICSSON,ROJ1192315/3,PRINTED Board ASSEMB/ET-MFX;V11 APP320,150122PILv,1,USED
ERICSSON,UKL40166/A22HP,RA2 X10 /A22HP Transmission 10GHZ,150122PILv,1,USED
ERICSSON,RA2301056/00,RADIO,150122PILv,1,USED
ERICSSON,UKL40166/22,RAU2 X 10/22,150122PILv,1,USED
ERICSSON,UKL40170/A28HP,RAU2 X 70/A28 HP,150122PILv,1,USED
ERICSSON,ROJ20408/2,RPG2-E,150122PILv,1,USED
ERICSSON,SOUCAEPTAA,XCRP4 Redback ,150122PILv,1,USED
EMC,100-562-716,AX4 NX4 Storage Processor Module,150122PILv,1,USED
DOT HILL,FRUKA06-01,FRUKA06-01 Dot Hill Chassis,150122PILv,1,USED
DELL,PowerConnect5324,24 Port Gigabit Ethernet Managed Switch,150122PILv,1,USED
CSA,UL-60950-1,UL-60950-1 Probe,150122PILv,1,USED
CISCO,WS-C3560-8PC-S,3560 Compact 8 Port 10/100 PoE + 1,150122PILv,1,USED
CISCO,WS-C3560X-48T-L,48 Gigabit Ethernet POE+ ports standalone switch,150122PILv,1,USED
CISCO,73-8733-01,7200 Series Board ENHANCED ATM,150122PILv,1,USED
CISCO,BPX-ASM-BC,ASM CISCO Board FOR 8600 (73-211910-00-C2),150122PILv,1,USED
CISCO,A9K-MPA-2X10GE,ASR 9000 2-port 10GE Modular Port Adapter,150122PILv,1,USED
CISCO,A9K-MPA-20X10GE,ASR 9000 20-PORTS 10 GE,150122PILv,1,USED
CISCO,WS-C3560X-48P-S,Catalyst 3560X 48 Port PoE IP Base Switch,150122PILv,1,USED
CISCO,WS-F6700-DFC3B,Catalyst 6500 Policy Ftr Board/Dist Fwrd Board,150122PILv,1,USED
CISCO,VS-SUP2T-10G,Catalyst 6500 Series Supervisor Engine 2T,150122PILv,1,USED
CISCO,WS-X6904-40G,Catalyst 6900 Series 4-Port 40 Gigabit Ethernet Module,150122PILv,1,USED
CISCO,SPA-1X10GE-L,CISCO 1-PORT 10GIGABIT ETHERNET SHARED PORT ADAPTE,150122PILv,1,USED
CISCO,SPA-1X10GE-L-V2,CISCO 1-PORT 10GIGABIT ETHERNET SHARED PORT ADAPTE,150122PILv,1,USED
CISCO,12000-SIP-601,CISCO 12000 Multirate 10G IP Services Engines (Modular),150122PILv,1,USED
CISCO,WS-X4908-10GE,CISCO 4900M  8 port 2:1 10 GE Board,150122PILv,1,USED
CISCO,WS-C4900M,CISCO 4900M Switch Base System with 8 X2 ports and,150122PILv,1,USED
CISCO,WS-X4012,CISCO 6513 Series Chassis Board SUPERVISOR ENGINE,150122PILv,1,USED
CISCO,73-1580-10,CISCO 7200 Series Board,150122PILv,1,USED
CISCO,73-3192-02,CISCO 7200 Series Board PACKET OVER SONET/SDH,150122PILv,1,USED
CISCO,73-1580-05,CISCO 7200 Series Board SERIAL V35,150122PILv,1,USED
CISCO,ASR1000-ESP20,CISCO ASR1000 Embedded Services Processor - 20G,150122PILv,1,USED
CISCO,ASR1000-RP1,CISCO ASR1000 Route Processor 1 -4GB DRAM,150122PILv,1,USED
CISCO,WS-X4448-GB-RJ45,CISCO Catalyst 4500 Series 48-Port 10/100/1000-Mbps,150122PILv,1,USED
CISCO,34-1535-01,CISCO Catalyst 6000 2500W AC Power Supply,150122PILv,1,USED
CISCO,WS-X6148A-45AF,CISCO Catalyst 6500 48-Port PoE 802.3af 10/100 -car,150122PILv,1,USED
CISCO,WS-F6700-DFC3BXL,CISCO Catalyst 6500 Dist Fwd Board- 3BXL - for WS-X6,150122PILv,1,USED
CISCO,WS-F6K-PFC3B,CISCO Catalyst WS-SUP720-3B,150122PILv,1,USED
CISCO,CRS-MSC-40G-B,CISCO CRS-1 Series Modular Services Board revision,150122PILv,1,USED
CISCO,SCE8000-SIP,CISCO SCE8000 SPA INTERFACE PROCESSOR,150122PILv,1,USED
CISCO,800-01836-07,CISCO7000 PT ADAPTER,150122PILv,1,USED
CISCO,800-01836-10,CISCO7200 PT ADAPTER,150122PILv,1,USED
CISCO,SPA-1X10GE-L-V2V02,Description is not found,150122PILv,1,USED
CISCO,WS-C2950-24,SWITCH,150122PILv,1,USED
CISCO,WS-C3560-48TS-S,SWITCH,150122PILv,1,USED
CISCO,SRW224G4,SWITCH LINKSYS 24 PORT,150122PILv,1,USED
HUAWEI,52432477,03020PSS Microwave Antenna -A26D06MAC-3NX -26G -600mm -UHP-M -Dual Polarization -Direct(XMC)/Separate(All RTN ODU) Mount -41.2dBi -1.3deg -30dB,150122PILv,0,USED
HUAWEI,52413844,ODU XMC-3 Microwave ODU -RTN XMC -38G --3 -Low site -H -37044MHz -37632MHz -38304MHz -38892MHz -Without doc -WR-28 -H01 -1260MHz -Sub Band A -37044MHz -37632MHz.,150122PILv,0,USED
NOKIA,3AL79624AA,SYNTH 4,150122PILv,0,USED
HUAWEI,02237123,WP11OMUa Board,150122PILv,0,USED
ERICSSON,ROJ212206/2,MAU,150122PILv,0,USED
ERICSSON,FAP1304372/7,SERVER D51B-1U,150122PILv,0,USED
ERICSSON,ROJ212232/1,POWC,150122PILv,0,USED
ERICSSON,ROJ21104/1,NPU3D,150122PILv,0,USED
ERICSSON,KRC11876/1,Transceiver/RRUS 01 B1;Radio UNIT (2100 MHZ),150122PILv,341,USED
ERICSSON,KRC11842/3,RRUW - 01 B1 Radio Unit RBS 3418,150122PILv,20,USED
ERICSSON,KRC11842/2,RRUW;01 B1 Radio Unit RBS 3418,150122PILv,15,USED
ERICSSON,KRC11862/2,Transceiver RUS 01 (900 MHZ),150122PILv,15,USED
ERICSSON,KRC11891/2,RRUS11B20 ,150122PILv,13,USED
HUAWEI,03030QBL,NETENGINE40E -CR51E8GEB0 -8-PORT 100/1000BASE-RJ45 PHYSICAL INTERFACE CARD,150122PILv,88,USED
HUAWEI,02310QAT,AR160 Series Access Router,150122PILv,46,USED
NOKIA,9962DUALENTERPRISEAP,NOKIA 3G FEMTOCELL,150122PILv,35,USED
HUAWEI,03030PME,"CR5D0L2XFA71 NE40E-X8A 2-Port 10GBase LAN/WAN-SFP+ Flexible Card A(P51-A).
",150122PILv,26,USED
HP,378705-421,PROLIANT DL360,150122PILv,23,USED
RADISYS,MPCBL0040N02Q,Intel MPCBL0001F04Q CPU Boards. NetStructure Single Board Computer | 2.0GHz Intel Xeon Processor | PMC & IDE Slots | Dual Gigabit LAN | Fibre Channel (RoHS compliant),150122PILv,19,USED
ERICSSON,ROJ208754/1R2A,Board,150122PILv,12,USED
NETSCOUT,AP5000,Board,150122PILv,10,USED
HUAWEI,03053538,PARC  - WP11NIUA  - NETWORK INTELLIGENCE UNIT BOARD,150122PILv,10,USED
CISCO,34-0687-04-B0,CISCO 280w Power Supply Unit,150122PILv,9,USED
TELTONIKA,TELTONIKARUT950,Teltonika RUT950 4G/LTE Wlan Router,150122PILv,7,USED
CISCO,CISCO1921-K9,CISCO ISR 1900 Series - CISCO 1921 Modular Router - ,150122PILv,6,USED
HP,DL380,378737-421 SERVER  W/O HDD,150122PILv,6,USED
CISCO,UCSB420M4,CISCO UCS B420 M4Blade Server,150122PILv,6,USED
HP,DL385G2,SERVER,150122PILv,5,USED
HUAWEI,03030LGB,TN52STG01 - Clock Syncronisation Board,150122PILv,5,USED
HUAWEI,03028262,BTS3012  - GM51DSAC  - SIGNAL ACCESS CARD FOR DTRU ,150122PILv,4,USED
HUAWEI,ANGMHSTG0101,ATN 910 C-G Series Access Router 12x10GE ports,150122PILv,4,USED
JUNIPER,SSG140,NO REFERENCE - Networks Secure Services Gateway,150122PILv,3,USED
HP,DL585,HP SERVER,150122PILv,3,USED
HP,579237-b21,ProLiant DL385 G6 Server0,150122PILv,3,USED
FORTINET,FORTIANALYZER200D,1 RU Rackmount 4x GE,150122PILv,3,USED
CISCO,341-0400-04-A0,2KW DC Power Module Version 2,150122PILv,3,USED
HP,HP-BladeSystem-C7000,HP Blade System C7000,150122PILv,2,USED
HP,573161-001,ProLiant DL385 G6 Server0,150122PILv,2,USED
HP,HSTNM-N035,QR481B HP SN6000B 16GB 48/48PWR PACK SWITCH,150122PILv,2,USED
HP,DL385G6,SERVER,150122PILv,2,USED
HP,SPARCENTERPRISEM5000,SERVER,150122PILv,2,USED
HP,STORAGEWORKSMSA50,SERVER,150122PILv,2,USED
CISCO,CATALYST4507RSWITCH,WRONG PN- not enough PN for CATALYST 4507R SWITCH,150122PILv,2,USED
RADISYS,ATCA-7240-CFG2-TEK,Board,150122PILv,2,USED
RADISYS,TD140IORTM,Board,150122PILv,2,USED
RADISYS,TD140FAN,FAN Tray,150122PILv,2,USED
JUNIPER,740-017976,RE-A-2000-HD IPUCAK0CTB Board with HDD (Rev2 available),150122PILv,2,USED
CISCO,NPE-G1,7200 Network Processing Engine with 3 GE/FE/E ports,,2,
HP,DPS-7000GB,Power Supply,150122PILv,1,USED
HUAWEI,02311APA,WD5M18395300 RRU3953 for Multi-mode 1800MHz (2*80W),150122PILv,1,USED
SUN,NETRAT20003003A,SERVER,150122PILv,1,USED
HP,DL380G7,583914-B21,150122PILv,1,USED
HP,DL580,HP SERVER,150122PILv,1,USED
HP,311143-421,PROLIANT DL380 2U RACK SERVER,150122PILv,1,USED
HP,DL380G5,SERVER,150122PILv,1,USED
RADISYS,MPCBL0001F04Q,SBC-G-TKT200-000 Intel MPCBL0001F04Q CPU Boards. NetStructure Single Board Computer | 2.0GHz Intel Xeon Processor | PMC & IDE Slots | Dual Gigabit LAN | Fibre Channel (RoHS compliant),150122PILv,1,USED
FORTINET,FORTIGATE300C,10x 1000Base-T Ports,150122PILv,1,USED
FORTINET,FORTIGATE100D,Network VPN,150122PILv,1,USED
ERICSSON,ROA1283184/1,IPUIANTCAA GE1020 ENET 1Gb (Redback),150124JGKn,1,USED
CISCO,CATALYST4506SWITCH,Campus LAN Switches - Access,150122PILv,1,USED
CISCO,SPA-2X1GEV02,CISCO 2-Port Gigabit Ethernet Shared Port Adapter Version 2,150122PILv,1,USED
HP,DL320,SERVER,150122PILv,0,USED
HUAWEI,014130367,Optical Cable LC-SC-10MT-SINGLE MODE ,150122PILv,90,USED
TTAF,LC-LC-150MT-SM-TTAF,Optical Cable LC-LC-150MT-SM-TTAF SingleMode,150122PILv,60,USED
HUAWEI,014130222,Optical Cable LC-LC-10MT-MULTI MODE ,150122PILv,50,USED
HUAWEI,04130697-002,Description is not found,150122PILv,46,USED
ERICSSON,RPM777484/01500,SIGNAL CABLE ,150122PILv,30,USED
CISCO,WS-CAC-4000W-INT,4000W AC Power Supply - International ( cable),150122PILv,20,USED
ERICSSON,TSR432151/10M,CONNECTION SIGNAL CABLE,150122PILv,15,USED
ANDREW,F112KKC3-HU,Cable MICROWAVE RAU COMMSCOPE 76MM 152MM 264DEG/M,150122PILv,11,USED
HUAWEI,02239643,Grounding Cable Power cable 2.5mm + Set of connectors etc,150122PILv,3,USED
HUAWEI,02239646,Grounding Cable+Power Cable 2.5mm+Set of connectors etc,150122PILv,3,USED
DELTA,52020BFL,DELTA Control UNIT Board,150122PILv,922,USED
DELTA,52020BFM,DELTA Rectifier UNIT 2700 Watt (-48V/24V),150122PILv,444,USED
DELTA,52020BER,DELTA Rectifier Purpose Control Unit Screen,150122PILv,324,USED
DELTA,52020BJM,DELTA Rectifier Access Board,150122PILv,263,USED
NOKIA,C109045.B1C,CDSP-D Board,150122PILv,180,USED
DELTA,52020BFO,DELTA CONVERTER UNIT 1000 Watt (-48V/24V),150122PILv,113,USED
HUAWEI,02234857,TMA Macro cell And 40WRRU Double Tower Mounted Amp,150122PILv,83,USED
HUAWEI,03030JCY,CR53-P10-4xPOS/STM4-SFP 4-port OC-12c/STM-4c POS-SFP Flexible Board,150122PILv,59,USED
NOKIA,C109974.A1A,BISFC,150122PILv,53,USED
FIBERXON,FTM-3101C-L15-AT,Fiberxon FTM-3101C-L15-AT SFP Transceiver Module,150122PILv,49,USED
DELTA,52020BKJ,DELTA ALARM Control Unit Version 2,150122PILv,48,USED
NOKIA,C71700.C1E,TBUF TIMING BUFFER,150122PILv,43,USED
DELTA,52020BJN,DELTA Rectifier 2U Chassis,150122PILv,42,USED
OPWAY,OP-8910,SFP,150122PILv,38,USED
ERICSSON,ROJ1192106/74,GPB Board,150122PILv,38,USED
ELTEK,52020BFK,ELTEK FLATPACK CONVERTER UNIT 1100 Watt (-48V/24V),150122PILv,35,USED
OPWAY,OP-MP434L1SD-20,SFP,150122PILv,34,USED
CISCO,TN7K-M148GT-11L,NEXUS 7000-48 PORT,150122PILv,30,USED
COMBA,COMBASN-5200,800MHz+900MHz+2100MHz Tri-Band Digital Pico Repeat,150122PILv,29,USED
SUN,375-3301-01,SUN SFP,150122PILv,28,USED
DELTA,52020BJL,DELTA HE PLUGIN Control UNIT(-48V/24V),150122PILv,27,USED
HG GENUINE,MXPD-123S-F,SFP,150122PILv,26,USED
SUMITOMO,S-16.1DDM,SFP,150122PILv,26,USED
NOKIA,C109447.B1C,NOKIA Board,150122PILv,25,USED
DELTA,52020BGG,DELTA Rectifier 6U-5U,150122PILv,20,USED
CISCO,800-05176-01,8PRI Module,150122PILv,20,USED
NOKIA,C109702.B1A,IW1S1,150122PILv,16,USED
NOKIA,C109472.A01,PD30,150122PILv,14,USED
OTHER,RXTM159-400,SFP,150122PILv,13,USED
DELTA,52020BES,DELTA Rectifier UNIT 2700 Watt,150122PILv,12,USED
NOKIA,C111034.A3C,CCP18-C,150122PILv,12,USED
NOKIA,C109093.C5A,Board,150122PILv,9,USED
NOKIA,C111134.B2B,Board,150122PILv,9,USED
NOKIA,C111195.A3A,CDSP-DT,150122PILv,9,USED
ERICSSON,ROJH207001/1,MERED (TRA R5),150122PILv,9,USED
OTHER,JAY4663YB0V-Y,CONTACTOR 60,150122PILv,8,USED
DELTA,52020BLR,DELTA Rectifier UNIT DPR 600B-48,150122PILv,8,USED
NOKIA,MXPD-243SI,SFP,150122PILv,8,USED
NOKIA,C109451.A1C,Board,150122PILv,8,USED
NOKIA,C110911.C3B,MX1G6-A,150122PILv,8,USED
HUAWEI,03020QLT,NO REFERENCE,150122PILv,7,USED
HUAWEI,03054111,NO REFERENCE,150122PILv,7,USED
COMBA,MP-100(T7V),COMBA PICO REPEATER 4G,150122PILv,7,USED
FIBERXON,FTM-8120C-L-AT,SFP 1AB187280033 Transceiver 1GbESXDDM optical,150122PILv,7,USED
NOKIA,C109093.B02,CCP18-A,150122PILv,7,USED
NOKIA,C103491.C2B,IW1S1,150122PILv,7,USED
HUAWEI,02120730,DCDU-12A,150122PILv,7,USED
COMBA,CM-DW2D-OA2I,OTHER,150122PILv,6,USED
DELTA,52020BIZ,DELTA HE Rectifier UNIT 2900 Watt (-48V/24V),150122PILv,6,USED
COMBA,RX2123,Pico repeater COMBA RX 2123,150122PILv,6,USED
NOKIA,C108885.D02,Board,150122PILv,6,USED
HUAWEI,03030PTB,CR5D00C8CF71 8-Port Channelized STM-1c POS-SFP Flexible Card(P50).,150122PILv,6,USED
HUAWEI,02231CRN,SPM60A AC Lightning protection box,150122PILv,6,USED
NOKIA,C109045.B1A,CDSP-D  ,150122PILv,5,USED
KINGSIGNAL,200WLOADPD080211,DP120 SERVICE INFORMATION CISCO,150122PILv,5,USED
COMBA,MBDA-2133,COMBA 2100MHz Digital Band Selective Repeater 3G,150122PILv,4,USED
SMT,RTXM-191-400-C37,SFP,150122PILv,4,USED
OTHER,1GS-000146-D1A,SFP,150122PILv,4,USED
OPWAY,OP-3420D,SFP,150122PILv,4,USED
OPWAY,OP8940,SFP,150122PILv,4,USED
NOKIA,SP-GB-LX-INFN-SA2,SFP,150122PILv,4,USED
NOKIA,C111134.B1A,Board ,150122PILv,4,USED
NOKIA,C109093.C4B,EHAT,150122PILv,4,USED
NOKIA,C108427.C2A,ESA24,150122PILv,4,USED
NOKIA,C108427.C2B,ESA24,150122PILv,4,USED
NOKIA,C08986.E3D,TSS3,150122PILv,4,USED
HUAWEI,02121775,FAN-HERT MPE-WD2E15FAN-OFU03D.,150122PILv,4,USED
CISCO,WS-X4516,SUPERVISOR ENGINE,150122PILv,4,USED
COMBA,MP-100(T52),DIGITAL PICO REPEATER 4G  INPUT DC12V,150122PILv,3,USED
AVS,AVSBSR933C, Signal Amplifier,150122PILv,3,USED
OTHER,ANET3W4AA,NNTM 310K7GNT,150122PILv,3,USED
NOKIA,C103491.C1A,Board,150122PILv,3,USED
NOKIA,C109702.B2B,Board,150122PILv,3,USED
NOKIA,C111587.D3D,Board,150122PILv,3,USED
KINGSIGNAL,2X2HYBCOMB23030077,2X2 HYBCOMBINER 674/2700MHZ 2*200W ,150122PILv,3,USED
HUAWEI,03030PCB,CR5D00P4CF70,150122PILv,3,USED
HUAWEI,03031HRN,No REF,150122PILv,3,USED
ELTEK,DB8938.1000,Eltek Dist.cab FPC bce 4x dist MCB (SP1),150122PILv,3,USED
NOKIA,8DG25562AA,Board - Notfound in Nokia Spares (2025),VODAFONE,2,USED
HUAWEI,02310EUM,ATOM BTS -WD6MMDOCK1a -Dock-1a Unit,150122PILv,2,USED
COMBA,MP-100(T21),DIGIGTAL 3G PICO REPEATER,150122PILv,2,USED
SUMITOMO,SCP6G44-H2-BWE,SFP,150122PILv,2,USED
OPWAY,OP8980,SFP,150122PILv,2,USED
NOKIA,3FE54823AA,O-010S-P  SFP ONT W/O IEEE1588 SUPPORT (versions : AB - ),150122PILv,2,USED
NOKIA,C109976.A1A,BISFD,150122PILv,2,USED
NOKIA,C109093.A02,Board,150122PILv,2,USED
NOKIA,C109365.A2B,Board,150122PILv,2,USED
NOKIA,C110547.B02,Board,150122PILv,2,USED
NOKIA,C109941.A01,HDS-B,150122PILv,2,USED
MARCONI,03HAT00030ABQ,1600 STM4 2P OR STM1 8P NO SFP,150122PILv,2,USED
KINGSIGNAL,100WLOADPD080210,100 W Terminator,150122PILv,2,USED
CISCO,SPA-4XOC3-POS-V2V01,CISCO 4-Port OC,150122PILv,2,USED
COMBA,CM-BK2D-ON1,Combiner UNIT,150122PILv,1,USED
Motorola,SVLN8466B,Magnetek Power Supply,150122PILv,1,USED
DELTA,52020BFN,DELTA Rectifier ,150122PILv,1,USED
CISCO,34-0830-01,DC Power Supply WS-CDC-1300W CNP1CD0CAA.,150122PILv,1,USED
HUAWEI,02310QDS,Description is not found,150122PILv,1,USED
ZURNA,020184-001.D,NETWORK,150122PILv,1,USED
NOKIA,C08839.A02,Board,150122PILv,1,USED
NOKIA,C08839.A03,Board,150122PILv,1,USED
NOKIA,C100880.B02,Board,150122PILv,1,USED
NOKIA,C103491.C01,Board,150122PILv,1,USED
NOKIA,C108488.E4C,Board,150122PILv,1,USED
NOKIA,C108885.E2B,Board,150122PILv,1,USED
NOKIA,C109093.B01,Board,150122PILv,1,USED
NOKIA,C109482.B3C,Board,150122PILv,1,USED
NOKIA,C109702.B2C,Board,150122PILv,1,USED
NOKIA,C109702.C2C,Board,150122PILv,1,USED
NOKIA,C111179.A1A,Board,150122PILv,1,USED
NOKIA,C109093.C02,CCP18-A,150122PILv,1,USED
NOKIA,C109093.C4A,CCP18-A,150122PILv,1,USED
NOKIA,C109093.C4C,CCP18-A,150122PILv,1,USED
NOKIA,C111034.A3B,CCP18-C,150122PILv,1,USED
NOKIA,C111249.A2A,CL2TG-U,150122PILv,1,USED
NOKIA,C111134.C2B,CP816-AC Board,150122PILv,1,USED
NOKIA,C109474.E4D,ETS2 C109474.E4D Board,150122PILv,1,USED
NOKIA,C109447.B1B,NOKIA Board,150122PILv,1,USED
NOKIA,C109472.A1B,PD30,150122PILv,1,USED
NOKIA,C109472.AIE,PD30 C10472.AIE Board,150122PILv,1,USED
INFINERA,800-0048-005,WMMPL00 DTN OPT TRANS CHAS ANSI WMMPL00ER,150122PILv,1,USED
HUAWEI,03053920,TNRD0MPUB470 Main Processing Unit,150122PILv,1,USED
ERICSSON,23030065,2 WAY SPLITTER,150122PILv,1,USED
CISCO,800-02888-02,7200 Series,150122PILv,1,USED
CISCO,8OC3X/POS-IR-LC-B,8-Port OC-3/STM-1 Packet-over-SONET line Card Service Module,150122PILv,1,USED
CISCO,800-02757-08-BO,Board,150122PILv,1,USED
CISCO,PRP-2V06,CISCO,150122PILv,1,USED
CISCO,SPA-4XT3/E3V02,CISCO,150122PILv,1,USED
CISCO,WS-X4515,SUPERVISOR ENGINE,150122PILv,1,USED
ANDREW,VHLP1-26-RR1,Antenna,150122PILv,0,USED
ANDREW,F090KKS3-HU,Cable MICROWAVE RAU commscope 64MM 127MM 310DEG/M,150122PILv,0,USED
COMBA,CM-KY2D-OA2D,Outdoor Dual-band Combiner,150122PILv,0,USED
FIBERXON,FTM-3012C-SLIG-ETS,SFP,150122PILv,0,USED
NOKIA,3FE64936AB,GPON 7360 ISAM FX Rack,150122PILv,0,USED
HUAWEI,02120725,HERT WD2MUFAN03C FAN,150122PILv,0,USED
EMERSON,BMP903090/4,Control UNIT,150122PILv,0,USED
AMPHENOL,AS-HM-ATT-100W-30-A,100W 30dB ATTENUATOR,150122PILv,99,USED
HUAWEI,03030PMA,CR5D0EFGFA70 24-Port 100/1000Base-X-SFP Flexible Card A(P51-A),150122PILv,17,USED
HUAWEI,02315692,DOUBLE Radio And FILTER UNIT-DRFU Module,150122PILv,302,USED
ERICSSON,ROJR211001/1,PFU1,150122PILv,117,USED
HUAWEI,03030GSP,TN1-NS2T05-50GHz-AFEC -Super WDM -Tunable-DR,150122PILv,100,USED
ERICSSON,ROJR208008/1,ETU2,150122PILv,92,USED
HUAWEI,03030QAE,CX600-16 CR51NPU500,150122PILv,65,USED
HUAWEI,03054012,NO REFERENCE,150122PILv,39,USED
HUAWEI,03030SAF,TNRD00MPUK70 BOARD,150122PILv,30,USED
HUAWEI,03054109,NO REFERENCE,150122PILv,28,USED
ERICSSON,ROJR208002/1,LTU 16x2,150122PILv,26,USED
HUAWEI,03054308,SRUA Switch and Route Processing Unit,150122PILv,24,USED
ERICSSON,ROJR211007/1,ETU3,150122PILv,21,USED
CISCO,800-27310-01,WIC-1SHDSL-V3 1 Port WAN Board,150122PILv,20,USED
HUAWEI,CR52EEGFN0,CR52EEGFN0 P40-20XGE/FE-SFP 20 optical port plug-in card,150122PILv,19,USED
HUAWEI,CR57L5XXA0,P100-5X10GBASELAN/WAN-XFP-1588V2,150122PILv,18,USED
HUAWEI,03030MGE,CX600 -CX67PSUD0 -Power Supply BOARD,150122PILv,17,USED
HUAWEI,03030NGT,WRONG PN,150122PILv,16,USED
HUAWEI,030GXT,WRONG PN,150122PILv,14,USED
HUAWEI,03020KSG,TN51THMA,150122PILv,12,USED
HUAWEI,02310YAQ,HV0M1UCS Universal Calculate Server -12C128G -,150122PILv,11,USED
HUAWEI,03030BMY,GM51DTMU0  Transmission&Timing&Management Unit for DTRU BTS 3012,150122PILv,9,USED
HUAWEI,03054309,SFUI ? ,150122PILv,9,USED
HUAWEI,03030BDL,TQS Board,150122PILv,9,USED
HUAWEI,02312ESG,OPTIX RTN 320 F OAU 2 F,150122PILv,8,USED
HUAWEI,03054310,NO REFERENCE,150122PILv,7,USED
AIRSPAN,AIRVELOCITYNG1200,FEMTOCELL 2 -6GHZ - High Speed Indoor LTE Small Cell,150122PILv,7,USED
NOKIA,3AL81205AB,1678 MCC NG FAN UNIT,150122PILv,7,USED
HUAWEI,03037408,SS-PQ1(120) 63xE1 Service Processing Board,150122PILv,7,USED
ERICSSON,ROJR219014/1,PFU3B,150122PILv,7,USED
NOKIA,3FE54823AC,1XGE SFP PLUGIN(I-TEMP) -SUPPORTING 1588 (versions: AB - ),150122PILv,6,USED
NOKIA,3FE54823ACAB,3FE54823AC (version AB),150124TJKn,0,USED
HUAWEI,03055017, ANDD000PQ100  4 Channels  OC-3/STM-1 POS Optical Interface Board,150122PILv,6,USED
HUAWEI,03030EKL,TN81MD101 32 ch E1 Mixed Sub-board,150122PILv,6,USED
AGISSON,27100046,DTMA2100 ATA212001 Low Noise Amplifier,150122PILv,6,USED
HUAWEI,02311QRL,Antenna pRRU3911-WD6MXAAD6AV0,150122PILv,5,USED
OTHER,PEL-ANLY2R-336PT-G2-XX,PEL-ANLY2R-336PT-G2-XX SWITCH,150122PILv,5,USED
SDPTELEKOM,CPL03ADA011,COUPLER 3DB HYBRID COMBINER,150122PILv,5,USED
HUAWEI,03053429,NO REFERENCE,150122PILv,4,USED
O-NET,SFPM-023119,1525-1570NM/SFP VOA,150122PILv,4,USED
NOKIA,3AL81209AB,1678 MCC TERMINATION BUS,150122PILv,4,USED
NOKIA,C110926.B1E,Board,150122PILv,4,USED
HUAWEI,03030GNU,4-Port 10GBase LAN-XFP Line Processing Unit,150122PILv,4,USED
HUAWEI,02310UGP,RH2288-8 disks,150122PILv,4,USED
HUAWEI,03030GFY,SSN3SL16A00 STM-16 optical interface board,150122PILv,4,USED
SOURCE,SP-12-IR1-CDFH-AT,SFP,150122PILv,3,USED
ERICSSON,ROJR211004/1,NPU3,150122PILv,3,USED
HUAWEI,03020PLX,NO REFERENCE,150122PILv,2,USED
HUAWEI,03030CVA,NO REFERENCE,150122PILv,2,USED
HUAWEI,03054332,NO REFERENCE,150122PILv,2,USED
HUAWEI,131.8822/02.02,NO REFERENCE,150122PILv,2,USED
DELL,0235G7MQ,SERVER,150122PILv,2,USED
NOKIA,3AL36306AA,1660 SM Rel.5 HPROT (15+1),150122PILv,2,USED
HUAWEI,03030GNB,2-Port 10GBase LAN-XFP Line Processing Unit E CR52,150122PILv,2,USED
HUAWEI,02351304,HUAWEI INTEGRATED SHELF,150122PILv,2,USED
HUAWEI,03030AVG,HUAWEI N1 SLQ16,150122PILv,2,USED
HUAWEI,03020AXQ,Undefined Board,150122PILv,2,USED
CITRIX,MPX9700/10500/12500,MPX 9700/10500/12500/15500,150122PILv,2,USED
HUAWEI,03054089,NO REFERENCE,150122PILv,1,USED
HUAWEI,27020197,HAS0727N300L-03 Power Splitter ,150122PILv,1,USED
LS,3WAY-1000-DF,3 WAY-1000-DF,150122PILv,1,USED
HUAWEI,03020NDF,MA5600 DSLAM 32-port VDSL2 Service Board,150122PILv,1,USED
HUAWEI,03030CNB,SS-SL64A(I-64.2 LC) /STM-64 Optical Interf,150122PILv,1,USED
HUAWEI,03534710,SSE1M4002-CE M40 BOARD,150122PILv,1,USED
HUAWEI,SSN1EGT201,SSN1EGT201 -2Port Gigbit ETTB,150122PILv,1,USED
HUAWEI,03030BCA,SSN1MST401,150122PILv,1,USED
HUAWEI,03020CMA,Undefined Board,150122PILv,1,USED
ERICSSON,ROJ208385/1,( 22P ) EXB5,150122PILv,1,USED
ERICSSON,ROJR208012/1,ETU 2B,150122PILv,1,USED
ERICSSON,ROJR211002/1,NPU2,150122PILv,1,USED
CITRIX,MPX7500/9500,NETSCALER MPX 7500/9500 Load Balancer - w/o HDD,150122PILv,1,USED
CITRIX,MPX17000-15000,QUAD CORE CPU - 32GB RAM 2 AC ; MPN: MPX 17000/1500,150122PILv,1,USED
HUAWEI,02310UMD,SERVER E9000 SHELF Module(6*AC POWER 14*FAN B,150122PILv,0,USED
SUMITOMO,S-1.1,SCP6801-A1-ZW,150122PILv,0,USED
HUAWEI,02310BTQ,N/A,150122PILv,0,USED
AGISSON,ATA212001,DTMA21 007 2100 12dB AISG2 0 ATA212001,150122PILv,0,USED
HUAWEI,03051488,BSC 33 FG2a FG2A = PACKET OVER  8-PORT FE OR 2-PORT,150122PILv,258,USED
HUAWEI,03030NTD,TNM1PCXLX1606 STM-16 HYBRID SYSTEM CONTROL AND CROSS-CONNECT BOARD,150122PILv,234,USED
HUAWEI,03020FAT,H56-SHEB-32-port SHDSL.BIS Service Board,150122PILv,80,USED
NOKIA,3AG24150AA,Board LA20,150122PILv,73,USED
OTHER,SCP6G01-GL-BWH,SFP,150122PILv,48,USED
NOKIA,S30813-Q426-X901-4/01,Board,150122PILv,47,USED
HUAWEI,03020GFM,TN71L12,150122PILv,35,USED
NOKIA ,3HE03078AA,7750 SR MDA-1 PORT CH OC3/STM1 CES,150122PILv,34,USED
HUAWEI,03020PQY,NO REFERENCE,150122PILv,33,USED
HUAWEI,03030GBP,TN11OBU103 C-BAND Optical Booster Card(MAX -3dBm IN and 20dBm OUT Gain 23dB),150122PILv,29,USED
HUAWEI,03020GBS,TN8D000D1200 32 x E1 120-ohm Electrical Interface Board.,150122PILv,26,USED
HUAWEI,03020MWY,LPUF-40-A FLEXIBLE CARD LINE PROCESSING UNIT 2 SUB-SLOTS,150122PILv,24,USED
HUAWEI,03053845,NO REFERENCE,150122PILv,23,USED
HUAWEI,03020GAJ,PTN 3900,150122PILv,20,USED
HUAWEI,03020GGB,TN81POD41,150122PILv,19,USED
HUAWEI,03020NFT,OPTIX PTN3900 -CROSS-CONNECT AND SYNCHRONOUS TIMING UNIT -XCS,150122PILv,17,USED
HUAWEI,03030ESS,TN11OBU101 OSN 6800 C-BAND Optical Booster Unit ,150122PILv,17,USED
NOKIA,3AG24328AA,1678 MCC LX 160 LO Centerstage MATRIX Board 160 Gb,150122PILv,14,USED
HUAWEI,03030HUT,OPTIX PTN 3900 -TN81MQ101 -63 CH E1 MIXED SUB-BOARD,150122PILv,13,USED
HUAWEI,03054581,AE31SMME0 Chassis Management Module 2,150122PILv,11,USED
ERICSSON,ROJ208831/2,PRINTED Board ASSEMB/GEP2-8-E1/T1,150122PILv,11,USED
HUAWEI,03030FXJ,TN11OAU103 OSN 6800 -TN11OAU103 -C-BAND OPTICAL AMPLIFIER UNIT(MAX -4DBM IN AND 20DBM OUT -GAIN 24,150122PILv,10,USED
HUAWEI,03030DTX,TN11SC201 03030DTX Optix OSN 6800 TN11SC2,150122PILv,10,USED
HUAWEI,03020FEX,10Gigabit Ethernet Proc Board,150122PILv,10,USED
HUAWEI,03051821,Board GS3GE,150122PILv,10,USED
NOKIA,8DG02822AA,SSY - EQUIPMENT CONTROLLER (TSS-100),150122PILv,8,USED
HUAWEI,03030DUA,TN11ROAM01,150122PILv,8,USED
HUAWEI,03039289,TN7D000PIU00 Power Interface Board PTN 1900,150122PILv,7,USED
ERICSSON,an00231477,1600 128X128 STM-1 SWITCH,150122PILv,6,USED
HUAWEI,03020FQG,DBS3800 -WD22UFLP -Universial FE Lighting Protection,150122PILv,5,USED
HUAWEI,02231GJH,WD2M00EEUM00 Embedded Environment Monitoring Unit,150122PILv,5,USED
HUAWEI,03030HYA,C-BAND OPTICAL AMPLIFIER UNITMAX 0DBM INAND 23DBM OUT -GAIN 23~34DB,150122PILv,4,USED
HUAWEI,03020AGQ,TN11PIU /Power Interface Board,150122PILv,4,USED
HUAWEI,03030KHJ,TN72CXP01 CONTROL SYSTEM AND CROSS-CONNECTOR AND MULTI-PROTOCOL PROCESSOR BOARD,150122PILv,4,USED
HUAWEI,03020UKW,SSR1SLQ103 - 4xSTM-1 Optical Interface Board,150122PILv,3,USED
HUAWEI,03030ETC,TN11FIU OSN 8800 Fiber Interface Board,150122PILv,3,USED
HUAWEI,03020LGV,KW3D00EECA01,150122PILv,2,USED
HUAWEI,03033991,SSE1SCC01 System Control&Communication Board,150122PILv,2,USED
HUAWEI,02300549,SSEK5AFB OPTIX 1600 Chassis,150122PILv,2,USED
HUAWEI,03030ETS,4*OC-3c/STM-1 POS-SFP Optical Interface LPU,150122PILv,1,USED
HUAWEI,03020RFR,SSND0SLQ1640 4xSTM-16 Optical Interface Board,150122PILv,1,USED
HUAWEI,02310QXA,MPW800-48A-1 -AC/DC POWER  Module,150122PILv,0,USED
HUAWEI,03020UGQ,TNH2SL4D - 2*STM-4 Optical Interface Board,150122PILv,0,USED
ALBRIGHT,SW250A-1004-60V,CONTACTOR,150122PILv,331,USED
ALBRIGHT,SW150A-100460V,Albright SW150A-1004 60V  Bara contactor,150122PILv,81,USED
ALBRIGHT,SW260-47M,Albright SW260-47M 60V  BUSBAR CONTACTOR,150122PILv,45,USED
ALBRIGHT,RU80F-5009M,Low Voltage Contactor,150122PILv,44,USED
ALBRIGHT,SU80F-5056M,CONTACTOR,150122PILv,31,USED
ALBRIGHT,SW280-47M48V,Albright SW280-47M 48V DC CONTACTOR,150122PILv,27,USED
ALBRIGHT,SU80-5056FM,Albright SU80-5056FM 60V CONTACTOR,150122PILv,23,USED
ALBRIGHT,CZJ-300S/48-48AL,CONTACTOR,150122PILv,16,USED
ALBRIGHT,SW300-1004M,Albright SW300-1004M 48/60V  CONTACTOR,150122PILv,13,USED
OTHER,ZJW350CDC,ZJW350C DC CONTACTOR,150122PILv,10,USED
OTHER,ZJW250CDC,ZJW250C DC CONTACTOR,150122PILv,7,USED
TIANSHUI,GSZ2-200S/DC48V,Tianshui GSZ2-200S/DC48V DC Contactor,150122PILv,4,USED
OTHER,ZJW-350/48V,CONTACTOR 48,150122PILv,4,USED
OTHER,RV300-5009M,CONTACTOR 60V,150122PILv,3,USED
ZHEJIANG D,ZLJM-200C/48A1.S,ZLJM-200C /48A1.S DC Contactor,150122PILv,2,USED
ALBRIGHT,SW560-45M,Albright SW560-45M 60V BUSBAR CONTACTOR,150122PILv,2,USED
ALBRIGHT,CZJ-150S/48-48AL,CONTACTOR,150122PILv,2,USED
OTHER,GSZ2-200SB/DC,CONTACTOR 48,150122PILv,1,USED
OTHER,CZJ-500S,CONTACTOR 48V,150122PILv,1,USED
METEK,JBA4607EB0C200A60V,METEK JBA4607EB0C 200A 60V DC Contactor,150122PILv,1,USED
METEK,JBB4602DB00200A48V,METEK JBB4602DB00 200A 48V DC Contactor,150122PILv,1,USED
GUIZHOU,MZJ-50D/60.48A,MZJ-400S/48 48A5 DC Contactor,150122PILv,1,USED
ALBRIGHT,SW800-53M-60V,CONTACTOR,150122PILv,1,USED
COMBA,RX9123,Digital Channel Selective Repeater 3G,150122PILv,17,USED
LS,LSRPT0900100A,Band Selective Pico Repeater 10 dBm - LS,150122PILv,4,USED
COMBA,RD9132,GSM Digitally Adjustable Band Selective Repeater 3,150122PILv,1,USED
COMBA,SP2110,REPEATER 2100MHZ 3G ,150122PILv,1,USED
OTHER,TILTBRACKET,Antenna TILT Apparatus ,150122PILv,10,USED
TURKCELL,KRN-IAP-LX,IAP LX Appliance [AC Power] - with No License,150122PILv,1,USED
SATELCOM,21212,SAME BAND COMBINER 7/16 2100MHZ,150122PILv,96,USED
COMBA,SBC-21,SAME BAND COMBINER 2100MHZ,150122PILv,45,USED
TONGYU,TYT-C122D001,DUAL BAND Combiner,150122PILv,3,USED
LS,SP300156R,2-WAY Splitter SPT,150122PILv,264,USED
LS,TA30015R-10,10DB-500-DF,150122PILv,107,USED
BARAN,52070AOB,Frecoling Control Unit Baran,150122PILv,24,USED
EPM PAPST ,52060ADI,FCS3 Free Cooling Unit,150122PILv,15,USED
TONGYU,TY-ICUB20,RET,150122PILv,12,USED
LS,TA300156R-10,10 DB-500-DF,150122PILv,8,USED
PROTECH,52070APG,Freecooling FCCX 048 Protech PTE,150122PILv,6,USED
Motorola,SVLF9150G,Motorola 900 Mhz Duplexer Filter,150122PILv,5,USED
Motorola,SWHN9127B,Chassis FAN Module ROHS ASSY,150122PILv,3,USED
MARCONI,AN00231484,ALARM LTU,150122PILv,3,USED
DATAKOM,D500-GPRS-COMM,Control UNIT,150122PILv,3,USED
RAD DATA,RAD_UCI_HS,MODEM,150122PILv,2,USED
Motorola,SVLF9150D,BTS,150122PILv,1,USED
ROSENBERGE,DC-10-7F-NF-01,10 DB COUPLER TAPPER ROSENBERGER,150122PILv,1,USED
QUIQCELL,QS-3W-1F-NF-00,3 WAY SPLITTER ,150122PILv,1,USED
NETOPTICS,RGND-GCU-S4,Network tap,150122PILv,1,USED
Motorola,SVLN8470AB,Chassis ROHS ASSY HLCA28RX,150122PILv,1,USED
Motorola,SYWF4876G,Motorola GSM 900  CTU2D 900 2G,150122PILv,1,USED
LS,MUL082244A,LS 4x4 Hybrid Matrix Combiner MCM - 800~2200MHz - N,150122PILv,1,USED
KAREL,51130AKS,IP CAMERA RF,150122PILv,1,USED
Motorola,SVPN9142C,POWER -48 / -60 VDC CONVERTER,150122PILv,4,USED
DELTA,DPS-72,POWER,150122PILv,2,USED
CISCO,DS-SFP-FC8G-SW,8 Gbps Fibre Channel SW SFP+ - LC.,150122PILv,599,USED
ERICSSON,RDH10247/2,OPTICAL Transceiver/TRX SM CPRI 614.4-24,150122PILv,454,USED
CISCO,GLC-SX-MM,SFP,150122PILv,440,USED
NOKIA,3HE00027CA,SFP - GIGE SX - LC ROHS 6/6 DDM -40/85C,150122PILv,309,USED
FINISAR,FTLF8519P2BNL-HW,SFP,150122PILv,309,USED
SUMITOMO,S-1.1DDMW,SFP OPTICAL 1AB194670007,150122PILv,301,USED
FINISAR,FTLF1323P1BTR,SFP,150122PILv,299,USED
HUAWEI,034060365,"eSFP(S)-850nm-FC400 MM Optical Transceiver -eSFP -850nm -4.25G multi-rate --9dBm~-1.5dBm --15dBm -LC -MM -0.3km.
",150122PILv,288,USED
CISCO,SFP-10G-SR,10GBASE-SR SFP Module,150122PILv,264,USED
SUMITOMO,1AB194670007,SFP OPTICAL SDH Optical SFP S-1.1DDMW,150122PILv,228,USED
CISCO,GLC-SX-MM-COM,SFP,150122PILv,218,USED
NOKIA,1AB196370001,SCP6808-A1-ZM,150122PILv,188,USED
NOKIA,3HE00062AA,SFP RJ45 SFP  Module - 1000Base 10/100/1000 RJ45 100,150122PILv,174,USED
NOKIA,1AB196370013,SFP 1678 MCC I-16.1 Optical SFP Transceiver,150122PILv,165,USED
NOKIA,3HE00028AA,SFP 7750 SR / 7210 SAS SFP - GIGE LX OPTIC Module,150122PILv,164,USED
DELTA,RTXM139-400,SFP,150122PILv,159,USED
HUAWEI,S4015755,eSFP-FE-LX-SM1310 Optical Transceiver (eSFP -1310nm -STM1 --15dBm~-8dBm --28dBm -Singlemode -LC -15Km NE20E-S8 NE08E,150122PILv,155,USED
CISCO,DS-SFP-FC4G-SW,4 Gbps Fibre Channel-SW SFP - LC,150122PILv,153,USED
NOKIA,3HE00027AA,7750 SR / 7210 SAS SFP - GIGE SX SFP Optic Module ,150122PILv,147,USED
ERICSSON,RDH10252/7,QSFP+ 40GBASE-SR4 850nm,150122PILv,127,USED
CISCO,10-2566-02,SFP Optical 10GB + Fabric Extender Transceiver,150122PILv,101,USED
JUNIPER,740-031980,10GBASE-SR,150122PILv,91,USED
CISCO,XFP-10G-MM-SR,10GBASE-SR XFP Module,150122PILv,88,USED
HUAWEI,034060276,eSFP-FE-LX-SM1310 Optical Transceiver -eSFP -1310nm -STM1 --15~-8dBm --28dBm -LC -SM -15km.,150122PILv,88,USED
ERICSSON,RDH90120/49800,SFP-T FCLF-8521-3-ER RJ45 copper 100m 1000BASE-T,150122PILv,86,USED
HP,455885-001,HP 10Gb Sr Sfp+ ,150122PILv,85,USED
HUAWEI,034060607,OMV010N02 Optical Transceiver -SFP+ -850nm -6.144G --9dBm --1dBm --11.1dBm -LC -MMF  -0.12km,150122PILv,82,USED
CISCO,SFP-GE-S,CISCO 1000BASE-SX SFP (DOM),150122PILv,79,USED
AVAGO,SP-03-IR1-IDFH,SFP,150122PILv,74,USED
HUAWEI,034060286,OPTICAL TRANSCEIVER -ESFP -850NM -2.125GB/S(MULTI RAT,150122PILv,71,USED
FINISAR,FTLF8524P2BNL,SFP Finisar 4GB 850nm SFP Optical Transceiver Module,150122PILv,67,USED
CISCO,GLC-LH-SM,SFP,150122PILv,61,USED
HUAWEI,034060473,eSFP-1310nm-1000Base-Lx SM Optical transceiver -eSFP -1310nm -1.25Gb/s --9~-3dBm --20dBm -LC -Single Mode -10km.,150122PILv,61,USED
SUMITOMO,1AB194670004,SFP 155MBase Optical-3c/STM-1 IR LC - 15 Km - 1310NM,150122PILv,57,USED
JDSU,PLRXPL-VE-SG4-62-N,SFP JDSU 4.25GB/s · Wavelength: 850nm OPTICAL,150122PILv,54,USED
,CFP2-100G-LR4,CFP2-100G-LR4-SFP MODULE,150122PILv,52,USED
HUAWEI,034060494,OMXD30001 Optical transceiver -SFP+ -850nm -10Gb/s --7.3~-1dBm --9.9dBm -LC - MM -0.3km.,150122PILv,51,USED
HUAWEI,02315205,Optical Transceiver -eSFP -100M/155M -Single-mode Module(1310nm -15km -LC),150122PILv,50,USED
HP,453154-B21,SFP,150122PILv,49,USED
JUNIPER,740-011614,LX10 1000BASE-LX SFP Transceiver,150122PILv,47,USED
CISCO,X2-10GB-SR,CISCO 10GBASE-SR X2 Module,150122PILv,45,USED
NOKIA,S-1.1DDM,SFP,150122PILv,44,USED
AVAGO,ABCU-5710RZ,SFP,150122PILv,43,USED
FINISAR,FTLF8528P2BCV-QL,SFP OPTICAL8GB Multi-Mode Fiber 150m 850nm SFP Mod,150122PILv,43,USED
NOKIA,3HE00035CA,SFP - OC-3/STM-1 IR-1 R6/6 DDM -40/85C,150122PILv,43,USED
HUAWEI,034060290,eSFP(S)-1310nm-1000Base-Lx Low Speed Transceiver -eSFP -1310nm -1.25Gb/s --9dBm --3dBm --19dBm -LC(-40~85) -10km,150122PILv,42,USED
HP,FTLF8528P2BNV-HP,HP TRANSCEIVER 8GB SHORT WAVE FIBRE CHANNEL FC SFP+ OPTICAL ,150122PILv,40,USED
WTD,RTXM191-550,3 WTD Transceiver Module RTXM191-550 1250m-550m-850nm-MM-ESFP,150122PILv,40,USED
CISCO,10-1989-03,XFP-10GLR-OC1925R 10GBase-LR OC192SR Fiber Optic SFP Transceiver,150122PILv,39,USED
HUAWEI,02310MNW,SFP-10G-USR  10GBASE-USR OPTICAL Transceiver -SFP+ -,150122PILv,37,USED
OTHER,MXPD-243S,HUAWEI 1250Mbps SFP Transceiver - LC Connector P/N 2315200,150122PILv,37,USED
CISCO,10-1838-04,XENPAK-10GB-LR,150122PILv,35,USED
GENUINE,MXPD-033S-F,SFP,150122PILv,33,USED
FINISAR,FTLF1428P2BNV-IB,SFP,150122PILv,32,USED
HP,AFBR-57R6AEZ-HP,SFP,150122PILv,30,USED
HG GENUINE,MXPD-033S,SFP,150122PILv,30,USED
HUAWEI,S4017456,OSN010N04 Optical transceiver -CFP -1295/1300/1304/1309nm -103.125Gbps --4.3dBm -4.5dBm --8.6dBm -LC -SMF -10km,150122PILv,29,USED
NOKIA,3HE00564CA,XFP-10E LR-LC,150122PILv,29,USED
ERICSSON,RDH901007/1,SFP XFP-10GE-SR 850NM MMF FTLX8512D3BTL-EQ ,150122PILv,28,USED
NOKIA,3AL91790AA,1660 SM S-1.1 OPTIC.INTER. LC connector,150122PILv,28,USED
CISCO,SFP-OC3-SR,CISCO OC3/STM1 SFP - Single-mode fiber - Short Reach,150122PILv,27,USED
NOKIA,1AB214540001,XFP I-64.1/10GBE BASE L,150122PILv,27,USED
CISCO,10-2205-05,10G CISCO X2-10GB-SR 10GBASE-SR X2 MODULE,150122PILv,27,USED
ERICSSON,RDH10250/3,OPTICAL Transceiver / SFP 10 GB-LR,150122PILv,26,USED
AVAGO,AFBR-57F5M2-ELX,SFP,150122PILv,25,USED
AVAGO,AFBR-709ASMZ,SFP 850nm laser Prod 21cfr,150122PILv,24,USED
NOKIA,1ab187280033,FTM-8120C-L-AT,150122PILv,24,USED
HUAWEI,PLRXPL-SC-S43-22-N,HUAWEI OMXD30000 10G  SFP+.,150122PILv,23,USED
OTHER,TRF5426AMLB309,100BASE LX-10,150122PILv,23,USED
ERICSSON,RDH90120/20213,SFP S.1.1 1310nm OPTICAL,150122PILv,22,USED
CISCO,10-2410-02,SFP,150122PILv,21,USED
FINISAR,FTLF8524P2BNV-E6,SFP,150122PILv,21,USED
HUAWEI,PT7320-31-1W,100M single-mode optical module SFP 155M 1310NM 15KM,150122PILv,21,USED
AVAGO,AFBR-57DFAPZ-E2,SFP,150122PILv,20,USED
FINISAR,FTLF8529P3BCV-EM,SFP,150122PILv,20,USED
HUAWEI,034060487,eSFP-1310nm-1.25G-10km - Optical Transceiver -eSFP -1310nm -1.25Gb/s --9.5~-3dBm --20dBm -LC -SM -10km.,150122PILv,20,USED
HUAWEI,034060787,OSC015N00 Optical Transceiver -eSFP -1310nm -STM1 --15~-8dBm --31dBm -LC -SM -15km,150122PILv,20,USED
JUNIPER,740-057909,SRX SFPP-10G-LR SMF 1310nm,150122PILv,19,USED
FINISAR,FCLF-8521-3,Tx/Rx Optical Fiber 1.25Gbps 20-Pin,150122PILv,19,USED
AVAGO,AFBR-57M5APZ,SFP,150122PILv,18,USED
FINISAR,FTLX8571D3BCL,Transceiver - 840nm Min - 860nm Max - 10500Mbps(Tx) - 10500Mbps(Rx) - LC Connector,150122PILv,18,USED
FINISAR,FTLF8529P3BNV-HP,SFP,150122PILv,18,USED
HUAWEI,034060521,8GB 850NM 0.15KM SW SFP+ OPTICAL TRANSCEIVER,150122PILv,17,USED
CISCO,GLC-T-LL,SFP RJ45 1000BASE-T SFP 100M,150122PILv,16,USED
ERICSSON,RDH10250/1,SFP+ MM 10G SR,150122PILv,15,USED
CITRIX,FTLX8571D3BCVCTX,SFP 10G/1G DUAL MODE SR,150122PILv,15,USED
CISCO,SFP-10G-LR,CISCO SFP 10-2457-02 ,150122PILv,15,USED
NETCNA,SFP-8012C-L, OPTICAL TRANSCEIVER 1.25GB SFP 850NM,150122PILv,15,USED
AVAGO,AFCT-5715LZ,SFP,150122PILv,14,USED
AV,AFBR-703SDZ,SFP,150122PILv,14,USED
HUAWEI,02318169,LE0M0XSM88  - Optical Transceiver  - SFP+  - 10G  - Multi-mode Module (850nm  - 0.3km  - LC),150122PILv,14,USED
ERICSSON,RDH10265/2,OPTICAL TRANSCEIVER - SFP+ SM 10.3Gb/s 1.4km 1310nm -40/+85C 3.3V,150122PILv,14,USED
CISCO,10-1991-02,XENPAK-10GB-LX4,150122PILv,14,USED
ERICSSON,RDH9011055/1,100GBASE-LR4 CFP2 MODUL CDUX52423,150122PILv,13,USED
CISCO,XFP-10GLR-OC192SR,CISCO Multirate XFP Module for 10GBASE-LR And OC19,150122PILv,13,USED
CISCO,10-2410-01,XFP-10G-MM-SR,150122PILv,13,USED
HUAWEI,034060485,eSFP-SM1310-155M~2.5G-15km Optical Transceiver -eSFP -1310nm -155M~2.67G --5~0dBm --21dBm -LC -SM -15km.,150122PILv,13,USED
HP,FTLF8528P2BNV-H2,8Gb FC 850nm SFP+ Optical Transceiver AJ716A (AMX),150122PILv,13,USED
HP,AJ718A,SFP HP 8G SW FC SFP+,150122PILv,13,USED
AVAGO,AFCT-5710APZ,AFCT-5710APZ,150122PILv,12,USED
HUAWEI,S4017457,OSN010003 Optical Transceiver.CFP.850nm.10*10.3125Gb/s.-7.6dBm.2.4dBm.-5.4dBm.mpo.MM.0.1km,150122PILv,12,USED
CISCO,CVR-QSFP-SFP10G,SFP Adapter Module,150122PILv,12,USED
ERICSSON,RDH90120/D0210,SFP OPTICAL 1000 BASE-LX10 1310NM 1XFC SP-GB-LX-ID,150122PILv,12,USED
HUAWEI,034060634,OSN010001 Optical transceiver -CFP -1295/1300/1304/1309nm -103.125Gbps --4.3dBm -4.5dBm --8.6dBm -LC -SMF -10km,150122PILv,11,USED
CISCO,CFP-100G-SR10,100GBASE-SR10 CFP transceiver - 100m OM3 MMF,150122PILv,10,USED
ERICSSON,RDH90164/1,XFP-10GE-SR,150122PILv,10,USED
HUAWEI,02315204,Optical Transceiver -eSFP -GE -Multi-mode Module(850nm -0.55km -LC),150122PILv,10,USED
FINISAR,FCLF-8520-3-ER,TX/RX Optical Fiber 1.25Gbps 20-Pin,150122PILv,10,USED
NOKIA,3HE00035AA,7750 SR SFP - OC-3/STM-1 SFP OPTIC Module IR-1,150122PILv,10,USED
CISCO,X2-10GB-LR,CISCO 10GBASE-LR X2 Transceiver Module for SMF - 13,150122PILv,9,USED
CISCO,10-1747-01,10-1747-01 100/200-M5/M6-SN-I/1000BASE-SX GBIC - SN-SFP-FCGEMM-LC,150122PILv,9,USED
JDSU,PLRXPL-VI-S24-HW,SFP,150122PILv,9,USED
FINISAR,FTLF8524P2BNV-EC,SFP,150122PILv,9,USED
IBM,FTLF8528P2BCV-IB,IBM CORP SFP 8GB SW ,150122PILv,9,USED
OTHER,TRPA03I1AAXS-AL,SFP,150122PILv,8,USED
CISCO,CPAK-100G-SR10,CISCO SFP 800-41495-03G0,150122PILv,8,USED
FINISAR,FTLX8573D3BTL,TX/RX Optical Fiber 10.5Gbps 20-Pin,150122PILv,8,USED
LONGLINE,GLC-T-LL,SFP RJ45 1000BASE-T SFP 100M,150122PILv,8,USED
FINISAR,FCLF8520P2BTL-AL,1000BASE-T GEN2 RJ-45 COPPER SFP TRANSCEIVER,150122PILv,8,USED
AV,AFBR-57R5APZ,SFP 4.25Gb - 850nm -0.5Km,150122PILv,8,USED
HUAWEI,02311ASE,Optical transceiver-SFP+-850nm-8.5Gbps--8dBm--1.3dBm--11.2dBm-LC-MM-0.15km,150122PILv,8,USED
OTHER,RTMX191-400,Transceiver Module HUAWEI/Wtd RTXM191-400 1.25G-1310NM-10KM-SM-ESFP,150122PILv,8,USED
CISCO,10-2144-01,CISCO SFP-GE-L 1GB SFP TRANSCEIVER MODULE,150122PILv,8,USED
CISCO,SFP-OC3-IR1,OC3/STM1 SFP - Single-mode fiber - Intermediate Reac,150122PILv,8,USED
NOKIA,1AB375380007,SFP I-64.1/10GBASE-LR/LW,150122PILv,8,USED
CISCO,GLC-SX-MMD,GE SFP - LC connector SX Transceiver,150122PILv,7,USED
BROCADE,57-1000117-01,SFP,150122PILv,7,USED
AVAGO,AFBR-8420Z,SFP 850nm laser prod21cfr,150122PILv,7,USED
BROCADE,57-0000088-01,SFP 16G SW,150122PILv,7,USED
HUAWEI,034060327,eSFP-1310nm-I-16 Optical Transceiver -eSFP -1310nm -2.67Gb/s --9.5~-3dBm --18.0dBm -LC -SM -2km.,150122PILv,7,USED
AVAGO,AFBR-8422IDZ,SFP 850nm laser Prod 21cfr,150122PILv,6,USED
HUAWEI,034060709,OMND10N03 Optical Transceiver -CFP -850nm -10*10.3125Gb/s --7.6dBm --1dBm --5.4dBm -mpo -MM -0.1km,150122PILv,6,USED
HUAWEI,S4017483,OSX001002 Optical Transceiver(SFP+ -1310nm -10Gb/s --8.2~0.5dBm --12.6dBm -LC -SM -10km),150122PILv,6,USED
F5 NETWORKS,OPT-0016-00,10G F5-UPG-SFP+-R 10GBASE-SR SFP+ Transceiver ,150122PILv,6,USED
AVAGO,AFBR-703SDZ-SN1,SFP 10G BASE-SR 1000BASE -SX OPTICAL SFP,150122PILv,6,USED
EXTREME,QSFP+SR4,SFP Module USA EXTREME NETWORKS,150122PILv,6,USED
NOKIA,3HE00041AA,7750 SR SFP - OC-12/STM-4 SFP Optic Module IR-1,150122PILv,6,USED
HUAWEI,034060321,eSFP-850nm-1000Base-Sx Transceiver -ESFP -850nm -1.25Gb/s --2.5dBm --10dBm --17dBm -LC(-40~85) -0.55km -multimode.,150122PILv,5,USED
FINISAR,034060484,eSFP-1310nm-155M-2.5G-LC-SM-2km,150122PILv,5,USED
ERICSSON,RDH901018,SFP GPON OLT B+,150122PILv,5,USED
HUAWEI,034060475,SFP-GE-LX-SM1490-BIDI BiDi Transceiver -eSFP -Tx1490nm/Rx1310nm -1.25Gb/s --9dBm --3dBm --19.5dBm -LC -SM -10km.,150122PILv,5,USED
ERICSSON,RDH901002/1,100/1000 TX SSR - SFP ERICCSON FCLF8521BTL-EQ,150122PILv,5,USED
HUAWEI,034060713,OSV010N03 Optical Transceiver -SFP+ -1310nm -9.8G --8.2dBm~+0.5dBm --10.3dBm -LC -SM -1.4km,150122PILv,4,USED
HUAWEI,S4015772,OSX010N08 Optical Transceiver (XFP - 1310nm - 9.95~10.71Gb/s - -6dBm~-1dBm - -14.4dBm - Singlemode - LC - 10km),150122PILv,4,USED
NOKIA,SCP6G08-A1-ZME,SFP,150122PILv,4,USED
HP,A7446B,HP 4GB SHORT WAVE FIBRE CHANNEL SFP AFBR-57R5AEZ,150122PILv,4,USED
CISCO,30-1421-01,SFP-GE-T EXT,150122PILv,4,USED
MITSUBISHI,25FXD-001ZB,OPTO TRX SFP S-16.1 DDM,150122PILv,4,USED
CISCO,CVR-X2-SFP,CISCO 10GBASE-SR X2 Module,150122PILv,3,USED
FINISAR,FTLF8519P2BNL,SFP,150122PILv,3,USED
CISCO,GLC-TE,SFP 30.1475-01  RJ45,150122PILv,3,USED
OTHER,RPXM-192-466-C37,2.67G 1310NM 15KM Gigabit single-mode fiber optic module,150122PILv,3,USED
FINISAR,FTLX1412M3BCL,10GBASE-LR/OC-192 SR-1 10km XFP Optical Transceiver,150122PILv,2,USED
SKYLANE,SFP13010GE2D521,1310nm Gigabit Ethernet 1000 BASE-LX Dual Fibre LC Singlemode 10km,150122PILv,2,USED
HP,AJ941A,HPE AJ941A D2700 SFF 2.5 DISK ENCLOSURE0,150122PILv,2,USED
HUAWEI,034060277,eSFP-1310nm-S-4.1/ESCON SM/DVB ASI SM Optical Transceiver -eSFP -1310nm -STM4 --15~-8dBm --30dBm -LC -SM -15km,150122PILv,2,USED
JUNIPER,CFP-100GBASE-LR4,740-32210 SFP Module,150122PILv,1,USED
FINISAR,FTLC8281RCNM-HW,100G-10 CFP HUAWEI,150122PILv,1,USED
ERICSSON,RDH901015/1,100GE LR4 CFP -SSR CD4UWE2T0K MODUL FTLC1183RDNL,150122PILv,1,USED
ERICSSON,RDH10270/1,SFP 10GBASE-BX20-U SFP+ CPRI OPTICAL,150122PILv,1,USED
CISCO,SFP-10G-LR-X,10Gbase-Lr X Sfp+ Transceiver Mod - Smf 1310Nm,150122PILv,1,USED
CISCO,XFP-10GLR-OC192SR_2014,Multirate XFP Module for 10GBASE-LR And OC19,150122PILv,1,USED
LONG LINE,GLC-BX-U-DDM-LL, 1000Base BX-U - 80 Km - TX: 1310 nm - RX: 1490 nm SFP transceiver. 100% Cisco compatible.,150122PILv,1,USED
NOKIA,3FE54823BA,GPON ONT SFP I-010S-P BVL3AV8BAA (versions: AB - ),150122PILv,1,USED
HUAWEI,034060556,OSN010N01 - Optical transceiver -CFP -4*25GB/S(1310NM BAND) -103.125GB/S --1.3DBM -4.5DBM --8.6DBM -ANGLED LC -SMF -OMA OPTICAL POWER -100GBASE-LR4,150122PILv,1,USED
NOKIA,3AG34224AA,100G UNIVERSAL /CFP 1 AN 100G,150122PILv,1,USED
NOKIA,3HE00028CA,SFP-GIGE-LX-LC,150122PILv,1,USED
HUAWEI,S4016067,"OSG010N05 Optical transceiver(eSFP -1310nm -1.25Gb/s --9dBm~-3dBm --20dBm -LC -SM -10km).
",150122PILv,1,USED
ACCEDIAN,AMN-1000-TE,Accedian AMN-1000-TE Network Interface Device ,150122PILv,1,USED
OTHER,2XCPOS/STM1-SFP,Board,150122PILv,1,USED
OTHER,300A60mV05,Shunt  300A 60mV 0 -5,150122PILv,49,USED
OTHER,300A25mV03,Shunt  300A 25mV 0 -3,150122PILv,40,USED
OTHER,400A60mV05,Shunt 400A 60mV 0 -5,150122PILv,24,USED
OTHER,200A75mV05,Shunt  200A 75MV 0 -5,150122PILv,19,USED
OTHER,1000A75mV05,Shunt  1000A 75mV 0.5,150122PILv,18,USED
OTHER,150A60mV05,Shunt  150A 60mV  0 -5,150122PILv,11,USED
OTHER,250A60mV05,Shunt  250A 60mV  0 -5,150122PILv,11,USED
OTHER,200A60mV05,Shunt  200A 60mV 0 -5,150122PILv,8,USED
OTHER,50A60mV,Shunt  50A 60mV  (??),150122PILv,6,USED
OTHER,600A25mV,Shunt 600A 25mV ,150122PILv,5,USED
OTHER,500A75mV05,Shunt  500A 75MV 0 -5,150122PILv,4,USED
OTHER,600A60mV05,Shunt 600A 60mV 0 -5,150122PILv,4,USED
OTHER,750A50mV,Shunt 750A 50mV ,150122PILv,4,USED
OTHER,250A60mV,Shunt  250 AMPER 60MV,150122PILv,2,USED
OTHER,100A60mV,Shunt 100A 60mV (0.XX value is not given - WRONG PN),150122PILv,1,USED
Tubitak,502-10-II-0002,SRC155A IF MODEM Board.,150122PILv,53,USED
Tubitak,502-00-II-0001,SRC155A - 7 GHz TXRX Unit,150122PILv,19,USED
Tubitak,502-00-II-0006,SRC155A DC-DC cEViRiCi 140W Board.,150122PILv,14,USED
Tubitak,502-10-II-0009,SRC155A GE Interface Board.,150122PILv,12,USED
Tubitak,502-10-II-0005,SRC155A Control Board.,150122PILv,10,USED
Tubitak,520-09-11-0003,SPDT RF Coaxial Switch (1+1 HSB Tx Switchingi,150122PILv,6,USED
Tubitak,520-06-03-0041,SRC155A - 7 GHz DIPLEXER-1 ( Low1/High1),150122PILv,3,USED
Tubitak,501-06-II-1112,SRC155A 1+1 HSB ODU 7 GHz / Low2,150122PILv,3,USED
Tubitak,520-06-03-0042,SRC155A - 7 GHz DIPLEXER-2 (Low2/High2),150122PILv,2,USED
Tubitak,501-06-II-1111,SRC155A 1+1 HSB ODU 7 GHz / Low1,150122PILv,2,USED
Tubitak,501-06-II-1121,SRC155A 1+1 HSB ODU 7 GHz / High1,150122PILv,1,USED
SIEMENS,S42024-L5233-A100-5,S42024-L5233-A100,150122PILv,0,USED
SATELCOM,021212,Description is not found,150124TJKn,0,USED
RADISYS,MPCMM0001Q, D18368-011,150122PILv,0,USED
OTHER,50A60MVSHUNT,50A60MV,150122PILv,0,USED
OTHER,400ASHUNT,400A60MV05,150124TJKn,0,USED
OTHER,052090AHZ,52090AHZ,150124TJKn,0,USED
OTHER,750A,Description is not found,150124TJKn,0,USED
NOKIA,3al79088acaa01,3AL79088AC (version AA01),150122PILv,0,USED
NOKIA,3al89590aa03,3AL89590AA,150122PILv,0,USED
NOKIA,8DG02822AAA,8DG02822AA,150122PILv,0,USED
NOKIA,CPRT4-A,C111970.B2B,150122PILv,0,USED
NOKIA,S-4.1DDM,1AB196360004,150122PILv,0,USED
NOKIA,8DG02666AAAC02,8DG02666AA,150124JGKn,,USED
NOKIA,3AL92112AA.02,3AL92112AA,150124TJKn,0,USED
NOKIA,3FE54823AAAB,3FE54823AA (version AB) ,150124TJKn,0,USED
NOKIA,3FE54823BAAB,3FE54823BA (version AB),150124TJKn,0,USED
NOKIA,3AL92113AA.02,3AL92113AA,150122PILv,0,USED
NOKIA,8DG25684AA.AA01,8DG25684AA,150122PILv,,USED
NOKIA,3AL78830AE.03,3AL78830AE,150122PILv,0,USED
NOKIA,3AL78830AE.AA02,3AL78830AE,150122PILv,0,USED
NOKIA,3AL89561AB.AC05,3AL89561AB,150122PILv,0,USED
NETSCOUT,LP-2000-2,870005103,150122PILv,0,USED
KATHREIN,86010148V01,86010148,150122PILv,0,USED
HUAWEI,TN81SCA, 03020FXB,150122PILv,0,USED
HUAWEI,021204726,02120472,150122PILv,0,USED
HUAWEI,021204796,02120479,150122PILv,0,USED
HUAWEI,0302120757,02120757,150122PILv,0,USED
HUAWEI,PAC-350WB-L,02131212,150122PILv,0,USED
HUAWEI,SPM60A,02231CRN,150122PILv,0,USED
HUAWEI,2300642,02300642,150122PILv,0,USED
HUAWEI,OSN8800T32SUBRACK,02300642,150122PILv,0,USED
HUAWEI,HXFP8541,02310CNF,150122PILv,0,USED
HUAWEI,0302310SHW,02310SHW,150122PILv,0,USED
HUAWEI,02310ANF,02312ANF,150122PILv,0,USED
HUAWEI,AR0MXEGFTA00,02352933,150122PILv,0,USED
HUAWEI,AR1220V,02352933,150122PILv,0,USED
HUAWEI,ADU451503,027010829,150122PILv,0,USED
HUAWEI,GM51DCSU,03020AVW,150122PILv,0,USED
HUAWEI,SSR1PIU,03020EWG,150122PILv,0,USED
HUAWEI,0302LLT,03020LLT,150122PILv,0,USED
HUAWEI,020MWY,03020MWY,150122PILv,0,USED
HUAWEI,020QYR,03020QYR,150122PILv,0,USED
HUAWEI,022VUU,03022VUU,150122PILv,0,USED
HUAWEI,SSN1D12S,03026728,150122PILv,0,USED
HUAWEI,SSN1D34S,03026734,150122PILv,0,USED
HUAWEI,SSN1OU08,03026741,150122PILv,0,USED
HUAWEI,SSN1TSB8,03026756,150122PILv,0,USED
HUAWEI,SSN1ETF8,03026811,150122PILv,0,USED
HUAWEI,SSN1C34S,03027581,150122PILv,0,USED
HUAWEI,02824510,03028245,150122PILv,0,USED
HUAWEI,SST1E0W,03028245,150122PILv,0,USED
HUAWEI,SST1AUX,03028246,150122PILv,0,USED
HUAWEI,GM51DSAC,03028262,150122PILv,0,USED
HUAWEI,GM51DELC,03028708,150122PILv,0,USED
HUAWEI,GM51DMLC,03028712,150122PILv,0,USED
HUAWEI,030291186,NO REFERENCESLQ4A Board-> 2 pc to 03029118,150122PILv,0,USED
HUAWEI,SSN1SLQ4A04-B3,03029118,150122PILv,0,USED
HUAWEI,GM51DCCU,03029749,150122PILv,0,USED
HUAWEI,030GSP,03030GSP,150122PILv,0,USED
HUAWEI,03030GYN01,03030GYN,150122PILv,0,USED
HUAWEI,03030GYQ01,03030GYQ,150122PILv,0,USED
HUAWEI,03030KJY.,03030KJY,150122PILv,0,USED
HUAWEI,030KKQ,03030KKQ,150122PILv,0,USED
HUAWEI,030KKR,03030KKR,150122PILv,0,USED
HUAWEI,HXFP8441,03030LRD,150122PILv,0,USED
HUAWEI,030QAE,03030QAE,150122PILv,0,USED
HUAWEI,030QBL,03030QBL,150122PILv,0,USED
HUAWEI,030QDP,03030QDP,150122PILv,0,USED
HUAWEI,03030RAD01,03030RAD,150122PILv,0,USED
HUAWEI,TN11AUX01,03036618,150122PILv,0,USED
HUAWEI,CR52L2XXN0,03036752,150122PILv,0,USED
HUAWEI,CR5M0EEGFA20,03037070,150122PILv,0,USED
HUAWEI,SSN1AUX01,03037098,150122PILv,0,USED
HUAWEI,SSN1SEP101,03037391,150122PILv,0,USED
HUAWEI,GM51DEMU0,03037463,150122PILv,0,USED
HUAWEI,SSR1EOW01,03037557,150122PILv,0,USED
HUAWEI,SSN1SL6401,03037692,150122PILv,0,USED
HUAWEI,SSN2SLO101,03037854,150122PILv,0,USED
HUAWEI,0383346,03038334,150122PILv,0,USED
HUAWEI,SSR1SLQ101,03038334,150122PILv,0,USED
HUAWEI,CR53-LPUF-10,03038461,150122PILv,0,USED
HUAWEI,CR53LPUFC0,03038461,150122PILv,0,USED
HUAWEI,SSR2AUX,03038480,150122PILv,0,USED
HUAWEI,SSR2AUX01,03038480,150122PILv,0,USED
HUAWEI,SSR1PL1B01,03039079,150122PILv,0,USED
HUAWEI,TN81EG1601,03039204,150122PILv,0,USED
HUAWEI,TN71PIU01,03039289,150122PILv,0,USED
HUAWEI,03030FQJ,03050FQJ,150122PILv,0,USED
HUAWEI,003051119,03051119,150122PILv,0,USED
HUAWEI,003051488,03051488,150122PILv,0,USED
HUAWEI,ARCU02004,27150136,150122PILv,0,USED
HUAWEI,34070276-002,34070276,150122PILv,0,USED
HUAWEI,52414905RTNXMC26G-3E,52414905,150122PILv,0,USED
HUAWEI,A80S03HAC,52431759,150122PILv,0,USED
HUAWEI,A07D06HAC,52432021,150122PILv,0,USED
HUAWEI,A26S06MAC-3NX,52432465,150122PILv,0,USED
HUAWEI,A80S06MAC-3NX,52432470,150122PILv,0,USED
HUAWEI,A26D06MAC-3NX,52432477,150122PILv,0,USED
HUAWEI,ATN910C-G,ANGMHSTG0101,150122PILv,0,USED
HUAWEI,2317806, 02317806,150122PILv,0,USED
HUAWEI,6040181,06040181,150122PILv,0,USED
HUAWEI,023030065,Description is not found,150124TJKn,,USED
HUAWEI,1071381,01071381,150124TJKn,0,USED
HUAWEI,3071174,03071174,150124TJKn,0,USED
HUAWEI,F233LA,52450832 (if correct?),150124TJKn,0,USED
HUAWEI,027020197,Description is not found,,0,
HP,HPPROLIANTDL380G7,311143-421,150122PILv,0,USED
HP,PROLIANTDL360-G5,378705-421,150122PILv,0,USED
HP,HP1GBSFPRJ-45Module,453154-B21 (alt. 453578-001 453156-001),150122PILv,0,USED
HP,HPBLADESYSTEMC7000,HP-BladeSystem-C7000,150122PILv,0,USED
HP,HPPROLIANTDL320,DL320,150122PILv,0,USED
FINISAR,FTLF8529P3BNVAHP,FTLF8529P3BNV-HP,150122PILv,0,USED
ERICSSON,LBB/AM,BFB10951/2,150122PILv,0,USED
ERICSSON,C22PSup6601,BFL901009/4,150122PILv,0,USED
ERICSSON,BMG1361006/1,BGM1361006/1,150122PILv,0,USED
ERICSSON,DUW303G,KDU127161/3,150122PILv,0,USED
ERICSSON,DUW31,KDU127174/3,150122PILv,0,USED
ERICSSON,SETOFMATERIALS/SparepartSUP6601,NTB101291,150122PILv,0,USED
ERICSSON,REDBACKGE1020ENET1GB,ROA1283184/1,,0,USED
DELTA,FR48V-2000W-E,d0105128,150122PILv,0,USED
DELTA,FR48V-2000W-EREV20,d0105128,150122PILv,0,USED
COMBA,MBDA2133,MBDA-2133,150122PILv,0,USED
COMBA,COMBASP-2110,SP2110,150122PILv,0,USED
CISCO,WS-X4516-6-E,WS-X4516-10GE,150122PILv,0,USED
CISCO,SFP-GE-L10-2144-01,10-2144-01,150122PILv,0,USED
CISCO,FET-10G10-2566-02,10-2566-02,150122PILv,0,USED
CISCO,SFP-GE-TEXT,30-1421-01,150122PILv,0,USED
CISCO,CISCOP/N341-0186,341-0186,150122PILv,0,USED
CISCO,A9K-3KW-AC V01,A9K-3KW-AC-V01,150122PILv,0,USED
CISCO,BAAUDD03AB,BPX-ASM-BC,150122PILv,0,USED
CISCO,BAA6EEBCAA,BPX-BCC-4V/B,150122PILv,0,USED
CISCO,BAA65CPCAA,BPX-BXM-155-4DX,150122PILv,0,USED
CISCO,BAA649SCAA,BPX-BXM-E3-8,150122PILv,0,USED
CISCO,BA3APYUCAA,BPX-SMF-155-4-BC,150122PILv,0,USED
CISCO,CATALYST4507R-ESWITCH,WS-4507R-E,150122PILv,0,USED
CISCO,C6506-E-FAN,WS-C6506-E-FAN,150122PILv,0,USED
CISCO,C6509-E-FAN,WS-C6509-E-FAN,150122PILv,0,USED
CISCO,WS-C6K-13SLT-FAN2,WS-C6K-13SLOT-FAN2,150122PILv,0,USED
CISCO,ASR903,ASR903-CHASSIS,150124TJKn,0,USED
CISCO,BPX8600SERIES,BAMAMHOERD,150124TJKn,0,USED
CISCO,CISCO2901/K9,CISCO2901-K9,150124TJKn,0,USED
CISCO,CISCO2921/K9,CISCO2921-K9,150124TJKn,0,USED
CISCO,34-0687-04B0,34-0687-04-B0,TTY-2,0,USED
CISCO,N7K-C7010V3,N7K-C7010,150124TJKn,0,USED
AGISSON,027100046,Description is not found,150122PILv,0,USED
,027030489,27030489,150122PILv,0,USED
,341-0400-04A0,341-0400-04-A0,150122PILv,0,USED
,740-017976REV02,740-017976,150122PILv,0,USED
,CONNECTRA9072,CONNECTRA-9072,150122PILv,0,USED
,NOKIAIP01200,IP01200,150122PILv,0,USED
,DUW41,KDU127174/4,150122PILv,0,USED
,POWERCONNECT,PowerConnect5324,150122PILv,0,USED
,60950-1,UL-60950-1,150122PILv,0,USED
,9962DUALENTERPRICEAP,9962DUALENTERPRISEAP,150124TJKn,0,USED
,SGSE-SGCC-300-,SGSE-SGCC-300,150124TJKn,0,USED
,TD140KABINET,TD140CHASSIS,150124TJKn,0,USED
,14130222,014130222,ZAXZU,0,USED
,14130367,014130367,ZAXZU,0,USED
,03030LMT-,03030LMT,ZAXZU,0,USED
,03031YXT-,03031YXT,ZAXZU,0,USED
,1KA75MV05,1000A75MV05,ZAXZU,0,USED
,100A60MShunt,100a60mv,ZAXZU,0,USED
,3AL78830AE03,3AL78830AE,ZAXZU,0,USED
,3AL78830AEAA02,3AL78830AE,ZAXZU,0,USED
,3AL89561ABAC05,Description is not found,ZAXZU,0,USED
,3AL92112AA02,3AL92112AA,ZAXZU,0,USED
,3AL92113AA02,3AL92113AA,ZAXZU,0,USED
,3HE05106AARB,3HE05106AA,ZAXZU,0,USED
,3HE07943AAA,3HE07943AA,ZAXZU,0,USED
,600A25MVShunt,600A25MV,ZAXZU,0,USED
,Shunt750A,Description is not found,ZAXZU,0,USED
,8DG02608AB02,Description is not found,ZAXZU,0,USED
,8DG25684AAAA01,8DG25684AA.AA01,ZAXZU,0,USED
,A9K-3KW-ACV01,A9K-3KW-AC-V01,ZAXZU,0,USED
,CVR-QSFP-SFP10G=,Description is not found,ZAXZU,0,USED
SUN,0375-3301-01,Description is not found,150122PILv,0,USED
HUAWEI,0350_24T_4G,Description is not found,150122PILv,0,USED
CISCO,7206VXR/NPE-G1,NPE-G1,150122PILv,0,USED
OTHER,LTU-48ADSL-3,Board ,150122PILv,17,USED
HUAWEI,030FSW,NO REFERENCE,150122PILv,11,USED
HUAWEI,02120554,LE0M00FBXB00 Wide Voltage 68 Fan Unit,150122PILv,10,USED
OTHER,PCBA513-577,Board,150122PILv,10,USED
HUAWEI,0384611,Description is not found,150122PILv,10,USED
HUAWEI,03051856,NO REFERENCE,150122PILv,8,USED
HUAWEI,02312ANF,Intel Xeon Platinum 8176(2.1GHz/28-core/38.5MB/165W) Processor (with narrow Integrated heatsink). BC6MD0CPU,150122PILv,7,USED
HUAWEI,03020GNX,PIU Board noREF,150122PILv,7,USED
CISCO,HWIC-2TV04,NO REFERENCEBoard,150122PILv,7,USED
HUAWEI,03053520,CN2K2INTE AE3X,150122PILv,5,USED
HUAWEI,03053169,GS34AEEEE noREF,150122PILv,4,USED
HUAWEI,021QVV,NO REFERENCE,150122PILv,4,USED
ERICSSON,ROJ208811/1,GEP-4GBD,150122PILv,4,USED
HUAWEI,03020GWA,Board NoREF,150122PILv,3,USED
HUAWEI,27100025,NO REFERENCE,150122PILv,3,USED
HUAWEI,03707010,P40-20 XGE/FE-SFP-A,150122PILv,3,USED
OTHER,PCBA513-653,Board,150122PILv,2,USED
HUAWEI,02353425,Chassis - NO REFERENCE Mistake is expected,150122PILv,2,USED
CISCO,BAL48DOHAA,BCC-3BC CISCO Board(73-2671-01 D1).   BAL48DOHAA,150122PILv,2,USED
,SBC-G-TKT300-300,Description is not found,150124TJKn,2,USED
OTHER,P-5500,IPAM Hardware Appliance,150122PILv,1,USED
TEKTRONIX,IAP320,Board,150122PILv,1,USED
TEKTRONIX,IAP420,Board,150122PILv,1,USED
NOKIA,8D660912AA,Board,150122PILv,1,USED
HUAWEI,02QAF,NO REFERENCE,150122PILv,1,USED
HUAWEI,03023TQT,NO REFERENCE,150122PILv,1,USED
HUAWEI,0373761,NO REFERENCE,150122PILv,1,USED
HUAWEI,03030NST,TNH1ISUB06 noREF,150122PILv,1,USED
DIALOGIC,DIALOGIC,Dialogic MEDIA-GATEWAY ,150122PILv,1,USED
CISCO,MLTP-C38-01,FRONT PANEL,150122PILv,1,USED
,ST1M,Description is not found,150124TJKn,1,USED
HUAWEI,52431759,A80S03HAC Microwave Antenna -A80S03HAC -80GHz -300mm -HP -Single Polarization -Compact Mount -43.8dBi -0.9deg -27dB,150122PILv,0,USED
ANDREW,VHLP2-23-NC3,23GHz-60cm,150122PILv,0,USED
ANDREW,VHLP1-80-HW2,ANTENNA DIA 0.3m 80GHz  5psi(35kPa),150122PILv,0,USED
HUAWEI,154IEC-PBR100,Cable MICROWAVE RAU 10/11G,150122PILv,0,USED
HUAWEI,02234854,"DBS 1/2"" SuperFlexible Cable -Antenna Feeder Accessories Kit Per Sector",150122PILv,0,USED
HUAWEI,02234858,SBT Kit with AISG CABLE,150122PILv,0,USED
HENGXIN,52020BEK,JUMPER CABLE ( 2M ) MALE-MALE 7/16 CONNECTOR ,150122PILv,0,USED
HENGXIN,52020BEL,JUMPER CABLE (3M) MALE-MALE 7/16 CONNECTOR ,150122PILv,0,USED
HENGXIN,NKJ157,JUMPER CABLE 3.5m RFF - 1/2   - 7/16m-7/16 RIGHT ANGLE MAL,150122PILv,0,USED
HENGXIN,52030AAL,RF Jumper cable 3m - 4.3-10 male /4.3-10 male,150122PILv,0,USED
HENGXIN,52030AAD,RF Jumper cable 3m - 7-16 DIN male/4.3-10 male,150122PILv,0,USED
HENGXIN,52030AAM,RF Jumper cable 4m - 4.3-10 male /4.3-10 male,150122PILv,0,USED
HENGXIN,52030AAC,RF Jumper cable 4m - 7-16 DIN male/4.3-10 male,150122PILv,0,USED
HENGXIN,04130067,RF Jumper Cable 4m - DIN50SM-II - COAX50-8.7/3.5,150122PILv,0,USED
HENGXIN,52030AAN,RF Jumper cable 6m - 4.3-10 male /4.3-10 male,150122PILv,0,USED
HENGXIN,52030AAE,RF Jumper cable 6m - 7-16 DIN male/4.3-10 male,150122PILv,0,USED
HENGXIN,52030AAO,RF Jumper cable 8m - 4.3-10 male /4.3-10 male,150122PILv,0,USED
ERICSSON,TSR432151/1000,CONNECTION/SIGNAL CABLE,150122PILv,0,USED
HUAWEI,02311WJQ,SLD4IRU201 OptiX RTN 905F - Function Module -SLD4IRU201 -4*GE(RJ45)+2*GE(SFP)+4*10GE(SFP+)+2*STM-1(SFP)+16*E1+2*IF IDU Unit(-48VDC),150124JGKn,0,USED
NOKIA,3HE12321AA,XCM - 7950 XRS-20E XCM2,150124JGKn,0,USED
NOKIA,3HE11096AA,7950 XRS-20E QUAD POWER CONNECT MODULE,150124JGKn,0,USED
ERICSSON,BOE90103/1,Alarm relays back Board for the BPX 8600 BAAUDD03AB-Bpx-Asm-Bc 800-21190-10,150122PILv,0,USED
HUAWEI,03020LGL,TN54TEM28 24xGE+4x10GE Ethernet Tributary Unit,150124JGKn,0,USED
ERICSSON,ROA1285784/1,Enet 2x100ge 2x10ge SSR,150124JGKn,0,USED
HUAWEI,03031TWN,"TN51HBA01 Extended C-Band High-power Booster Amplifier Board.
",150122PILv,0,USED
HUAWEI,03030YCE,TN12RAU201. C-BAND Backward Raman and Erbium Doped Fiber Hybrid Optical Amplifier Unit(MAX -2dBm LINE IN and MAX 20dBm OUT.Gain 30~41dB for G.652).,150122PILv,0,USED
EMERSON,02590920,Rectifier Access Module EMERSON,150122PILv,0,USED
COMMSCOPE,E15S08P98,Tower Mounted Amplifier - Dual UMTS 2100 with AISG,150122PILv,0,USED
CISCO,A9K-MOD400-TR,.400G Modular Linecard - Packet Transport Optimized,150122PILv,0,USED
HUAWEI,02312BCY,RRU5905 900 Mhz,150124JGKn,0,USED
ERICSSON,KRC161637/1,Radio 4415 B3 -1800mhz RRU,150122PILv,0,USED
ERICSSON,KRC161297/2,RRUS 12 B1 3G RRU,150122PILv,0,USED
ERICSSON,KRC161412/1,RRUS 32 B7 4G,150122PILv,0,USED
HP,BL620CG7,BLADE SERVER,150122PILv,0,USED
HP,DL380G6,SERVER,150122PILv,0,USED
WTD,RTXM192-466-C37,SFP,150122PILv,0,USED
SUMITOMO,SCP6F44-GL-BWE,SFP,150122PILv,0,USED
SOURCE,SP-03-IR1-CDFH-AT,SFP,150122PILv,0,USED
SMT,TPP1XGDSOIZABE2G,SFP,150122PILv,0,USED
SMT,TRPAG1LXDBBS-HWS,SFP,150122PILv,0,USED
OTHER,30-0759-01,1000 BASE-SX SFP,150122PILv,0,USED
OTHER,30-1301-03,SFP,150122PILv,0,USED
OTHER,45891-001,SFP,150122PILv,0,USED
OTHER,57-1000013-01,SFP,150122PILv,0,USED
OTHER,CNI9Z83AAA,SFP,150122PILv,0,USED
OTHER,FTLX8571D3BCL-HW,SFP,150122PILv,0,USED
OTHER,HBCU-5710R,SFP,150122PILv,0,USED
OTHER,LCP-1250B4QSRBTE,SFP,150122PILv,0,USED
OTHER,PLRXXL-SC-S43-C1,SFP,150122PILv,0,USED
OTHER,RTXM191-400,SFP,150122PILv,0,USED
OTHER,RTXM192-404-C24,SFP,150122PILv,0,USED
OTHER,SFP-3012-C-L-10,SFP,150122PILv,0,USED
OPMEXT,TRF5426AMLB409,SFP,150122PILv,0,USED
OPLINK,45030056,VOA SFP -1525~1570nm -0~20dB -1.5dB -40dB -LC/PC,150122PILv,0,USED
OCP,TRP-03L3I1AALC,SFP,150122PILv,0,USED
OCP,TRPDO3MM3BAS,SFP ,150122PILv,0,USED
NOKIA,1GBELXDDM,SFP,150122PILv,0,USED
NEOPHOTONI,PT7320-51-1W-KHW,SFP,150122PILv,0,USED
NEOPHOTONI,PT7320-41-1W,STM4-15KM-1310NM SFP,150122PILv,0,USED
LONG LINE,glc-lh-sm-ll,SFP,150122PILv,0,USED
LONG LINE,GLC-SX-MM-LL,SFP,150122PILv,0,USED
Line,SFP-10G-LR-LL,SFP,150122PILv,0,USED
JUNIPER,740-014279,SFP,150122PILv,0,USED
JUNIPER,740-014289REV03,SFP,150122PILv,0,USED
JDSU,JSH-42S3AR3-B,SFP,150122PILv,0,USED
ITR,HTR6932R30-E,SFP,150122PILv,0,USED
INTEL,AFBR-703SDZ-IN2,SFP,150122PILv,0,USED
INTEL,FTLX8571D3BCV-IT,SFP,150122PILv,0,USED
HUAWEI,034061362,155M-CWDM-1511nm-150km-SM-ESFP 150km OSC Transceiver(OTDR 2.0),150122PILv,0,USED
HUAWEI,034060488,eSFP-1550nm-L-16.2 Optical Transceiver -eSFP -1550nm -STM16 --2~3dBm --30dBm -LC -SM -80km,150122PILv,0,USED
HUAWEI,02315285,Optical Transceiver -eSFP -GE -BIDI Single-mode Module(TX1310/RX1490 -10km -LC),150122PILv,0,USED
HUAWEI,02315286,Optical Transceiver -eSFP -GE -BIDI Single-mode Module(TX1490/RX1310 -10km -LC),150122PILv,0,USED
HUAWEI,034060495,OSX001001 Optical transceiver -SFP+ -1310nm -10Gb/s --8.2~0.5dBm --12.6dBm -LC -SM -10km.,150122PILv,0,USED
HUAWEI,034100144,Description is not found,150122PILv,0,USED
HUAWEI,GLC-LH-SM-DDM-LL,SFP,150122PILv,0,USED
HP,453156-001,SFP,150122PILv,0,USED
HP,468506-001,SFP,150122PILv,0,USED
HP,906204,SFP,150122PILv,0,USED
HP,AFBR-57D7APZ-HP1,SFP,150122PILv,0,USED
HP,AJ716B,SFP,150122PILv,0,USED
HP,PLRXPL-VE-SH4-3H,SFP,150122PILv,0,USED
FINISAR,FTLF1318P2BTL-E1,1.25 Gb/s RoHS Compliant Long-Wavelength Pluggable SFP,150122PILv,0,USED
FINISAR,FTLF8528P3BNV-EM,850Nm Oxide Vcsel - 2X/4X/8X Fc - 8.5 Gb/S Transceiver,150122PILv,0,USED
FINISAR,FTLF8528P2BNV-EM,CA 94089,150122PILv,0,USED
FINISAR,FTLF8528P3BCV-QL,EMM-SPP,150122PILv,0,USED
FINISAR,FTLX8511D3-HW,FINISAR SFP,150122PILv,0,USED
FINISAR,AFBR-703SDZ-BN1,SFP,150122PILv,0,USED
FINISAR,FCLF8521P2BTL,SFP,150122PILv,0,USED
FINISAR,FTLF1318P2BTL-HW,SFP,150122PILv,0,USED
FINISAR,FTLF1323P1BTR-HW,SFP,150122PILv,0,USED
FINISAR,FTLF1324P2BTL-IB,SFP,150122PILv,0,USED
FINISAR,FTLF1421P1BTL-A8,SFP,150122PILv,0,USED
FINISAR,FTLF1421P1BTL-M1,SFP,150122PILv,0,USED
FINISAR,FTLF8519P1BNL-H2,SFP,150122PILv,0,USED
FINISAR,FTLF8519P2BNL-M1,SFP,150122PILv,0,USED
FINISAR,FTLF8519P3BNL-J1,SFP,150122PILv,0,USED
FINISAR,FTLF8519P3BTL-HW,SFP,150122PILv,0,USED
FINISAR,FTLF8524P2BNL-SU,SFP,150122PILv,0,USED
FINISAR,FTLF8524P2BNV,SFP,150122PILv,0,USED
FINISAR,FTLF8524P2BNV-E5,SFP,150122PILv,0,USED
FINISAR,FTLF8524P2BNV-HD,SFP,150122PILv,0,USED
FINISAR,FTLF8524P2BNV-HJ,SFP,150122PILv,0,USED
FINISAR,FTLF8527P3BCL-IB,SFP,150122PILv,0,USED
FINISAR,FTLF8528P2BNV-E5,SFP,150122PILv,0,USED
FINISAR,FTLF8528P3BNV-H2,SFP,150122PILv,0,USED
FINISAR,FTLF8528P3BNV-HP,SFP,150122PILv,0,USED
FINISAR,FTLF8529P3BCV,SFP,150122PILv,0,USED
FINISAR,FTLX8571D3BCL-CL,SFP,150122PILv,0,USED
FINISAR,FTRJ8519P1WNL-SU,SFP,150122PILv,0,USED
FINISAR,I-16.1DDMW,SFP,150122PILv,0,USED
FINISAR,FCLF-8520-3,TX/RX Optical Fiber 1.25Gbps 20-Pin,150122PILv,0,USED
ERICSSON,RDH90126/1,ERICSSON.SFP Module - 10 km - 1000baseLX,150122PILv,0,USED
ERICSSON,BFD508002/1,GEM,150122PILv,0,USED
ERICSSON,RDH90120/B0213,OPTICAL Transceiver/SFP S.1.1 1310nm,150122PILv,0,USED
ERICSSON,RDH10244/1,SFP,150122PILv,0,USED
ERICSSON,RDH90120/20213R4A,SFP,150122PILv,0,USED
CISCO,30-1299-02,CISCO 1000BASE-LX/LH SFP,150122PILv,0,USED
CISCO,74741-0002,CISCO 7600 Series Ethernet Services Plus 4x10GELine Board,150122PILv,0,USED
CISCO,10-2143-01,SFP,150122PILv,0,USED
CISCO,DS-SFP-FC8G-LW,SFP,150122PILv,0,USED
CISCO,GLC-BX-D-LL,SFP,150122PILv,0,USED
CISCO,QSFP-40GB-SR-BD,SFP,150122PILv,0,USED
CISCO,SFP-OC12-IR1,SFP,150122PILv,0,USED
CISCO,SFP-OC12-SR,SFP,150122PILv,0,USED
CISCO,10-2014-03,XENPAK-10GB-SR,150122PILv,0,USED
BROCODE,57-1000012-01,SFP 8G SW,150122PILv,0,USED
BLADE,BN-CKM-SP-LR,SFP,150122PILv,0,USED
BEEK,BN-S10G-LR,SFP,150122PILv,0,USED
AVAGO,AFBR-57R6APZ-EMC,OBJ-02 MM SPS,150122PILv,0,USED
AVAGO,AFBR-5715P2-JU1,SFP,150122PILv,0,USED
AVAGO,AFBR-57D5APZ-ELX,SFP,150122PILv,0,USED
AVAGO,AFBR-57D7AMZ-QL,SFP,150122PILv,0,USED
AVAGO,AFBR-57D7APZ-E2,SFP,150122PILv,0,USED
AVAGO,AFBR-57D7APZ-ELX,SFP,150122PILv,0,USED
AVAGO,AFBR-57D7APZ-HP4,SFP,150122PILv,0,USED
AVAGO,AFBR-57D7APZ-IB1,SFP,150122PILv,0,USED
AVAGO,AFBR-57D9AMZ,SFP,150122PILv,0,USED
AVAGO,AFBR-57D9AMZ-HP4,SFP,150122PILv,0,USED
AVAGO,AFBR-57D9AMZ-HP7,SFP,150122PILv,0,USED
AVAGO,AFBR-57F5AMZ-HP1,SFP,150122PILv,0,USED
AVAGO,AFBR-57F5AMZ-HP3,SFP,150122PILv,0,USED
AVAGO,AFBR-57R5AEZ,SFP,150122PILv,0,USED
AVAGO,AFBR-57R5AEZ-HP1,SFP,150122PILv,0,USED
AVAGO,AFCT-57R5APZ-IB,SFP,150122PILv,0,USED
AVAGO,AFCT-721XPDZ,SFP,150122PILv,0,USED
AVAGO,HFBR57E5APZ,SFP,150122PILv,0,USED
AVAGO,HFCT-721XPD,SFP,150122PILv,0,USED
AVAGO,HFCT5760TP,SFP,150122PILv,0,USED
AVAGO,JSHR42L305AB6,SFP,150122PILv,0,USED
HUAWEI,S4017482,OPTICAL TRANSCEIVER (SFP 10GB/S),150122PILv,0,USED
NOKIA,3HE00027CA01,FTLF8519P2BTL-A5,150122PILv,0,USED
FINISAR,RYT921609/1,SFP GB-TX  RJ45 Ethernet Transceiver 1000Base-T 1,150122PILv,0,USED
AVAGO,ABCU-5710RZ-BN1,1 Gigabit BASE-T Optical SFP Transceiver,150122PILv,0,USED
NOKIA,SCP6G08-H2-BNE,2.488G-1310NM 15KM SM ESFP,150122PILv,0,USED
HUAWEI,02315200,HUAWEI 1250Mbps SFP Transceiver - LC Connector P/N 2315201,150122PILv,0,USED
DELTA,LCP-1250B4QDR,1310NM 1.25GBD,150122PILv,0,USED
DELTA,LCP-1250A4FDR,850NM 1.25GBD SFP,150122PILv,0,USED
CISCO,30-1421-02,SFP-GE-T,150122PILv,0,USED
AVAGO,ABCU-5700RZ-NT4,1000Base-T SFP+ RJ-45 1.25GBd Transceiver Module,150122PILv,0,USED
NOKIA,3AL78899CA,1660 SM L-16.2 PORT SC/PC/16C,150122PILv,0,USED
NOKIA,3AL81879BA,Board 1660 SM ES4-8FE,150122PILv,0,USED
CISCO,CVR-CFP-4SFP10G,CFP to SFP10G Adapter Module,150122PILv,0,USED
NOKIA,1AB196360004,622MBase OC-12/STM-4 IR LC - 15 Km - 1310 nm SFP transceiver,150122PILv,0,USED
HUAWEI,S4015760,NE40E-X8 Optical Transceiver (eSFP -1310nm -STM4 --1,150122PILv,0,USED
Symmetricom,090-50331-02,GPS 5000 Module Timeprovider5000 ,150122PILv,0,USED
SUN,NETRA-T2000-3003D,Description is not found,150122PILv,0,USED
NOKIA,3AL81292AA,1678 MCC 4xI64.1 PORT SC/PC,150122PILv,0,USED
NOKIA,8DG60912AA,AM2125B Board WOGUAWJUAG,150122PILv,0,USED
NOKIA,3AL81915BA,ISA-ES16B,150122PILv,0,USED
KATHREIN,86010025,Remote Control Unit RCU - AISG 1.1,150122PILv,0,USED
JUNIPER,SCB-MX960-S-G,Board,150122PILv,0,USED
JUNIPER,RE-S-2000,Routing Engine Components,150122PILv,0,USED
HUAWEI,03027LKA,03027LKA-TMP1EF02 CARD OSN 9800 P32,150122PILv,0,USED
HUAWEI,03027LKC,03027LKC-TMP1PIUC CARD OSN 9800 P32,150122PILv,0,USED
HUAWEI,03030UUR,03030UUR-TN96WSD9 OptiX OSN 9800 U64,150122PILv,0,USED
HUAWEI,03032WRN,03032WRN-OXCFP CARD OSN 9800 P32 ,150122PILv,0,USED
HUAWEI,03032WRR,03032WRR-TMP1OXCFP03 CARD OSN9800 P32 ,150122PILv,0,USED
HUAWEI,03031QAM,20-ports flexible and tunable wavelength multiplexing board (C_Band -192.05~196.075THz -37.5GHz~400GHz),150122PILv,0,USED
HUAWEI,03054681,CR5D0LBXFA70 12-Port 10GBase LAN/WAN-SFP+ Integrated Line Processing Unit(LPUI-120) - NE40E-X8A,150122PILv,0,USED
HUAWEI,02122720,DCDU16D,150122PILv,0,USED
HUAWEI,02238587,OMUa WP11OMUa,150122PILv,0,USED
HUAWEI,03056367,SL91EX1 1 CHANNEL 10GE SERVICE PROCESSING BOARD,150122PILv,0,USED
HUAWEI,03059250,SLF3CSHOF01 16*E1(TDM)+4*GE(RJ45)+2*10GE(SFP+)+2*GE/STM-1(SFP) Hybrid System Control and Cross-connect Board.,150122PILv,0,USED
HUAWEI,03020RUK,SSND0SLD6440 2xSTM-64 Optical Interface Board,150122PILv,0,USED
HUAWEI,03030KCJ,TN11MR8V01 8-Channel Optical Add/Drop Multiplexing Board with VOA(100GHz -192.1THz~192.8THz),150122PILv,0,USED
HUAWEI,03030PBW,TN11RAU201 FIBER INTERFACE Board,150122PILv,0,USED
HUAWEI,03032VNA,TN12C1CFPT61 100G CFPT61(ULH -SDFEC2 -Coherent wDCM -Tunable -Extended C Band --5dBm --1dBm --16dBm -Fixed),150122PILv,0,USED
HUAWEI,03032YHC,TN12C2CFPT23 200G CFPT23(LHD - SDFEC2@200G e16QAM/100G QPSK/etc. -flex rate - Coherent -Tunable -Extended C Band --5dBm-0dBm --16dBm -Flexgrid),150122PILv,0,USED
HUAWEI,03030NHS,TN12M4002 40-channel Multiplexing Board(C_Odd -196.05THz~192.15THz -100GHz -Thermal AWG -LC),150122PILv,0,USED
HUAWEI,03030LMY,TN52TQX01 Tributary Service Processing Board,150122PILv,0,USED
HUAWEI,03021ETL,TN55TQX - 4 x 10G Tributary Service Processing Board,150122PILv,0,USED
HUAWEI,03022NDK,TN55TTX  -OSN 8800 10 X 10G TRIBUTARY SERVICE PROCESSING BOARD,150122PILv,0,USED
HUAWEI,03030RRQ,TN56NS3T01 40Gbit/s Line Service Processing Board(ULH -HFEC -Coherent -Tunable,150122PILv,0,USED
HUAWEI,03031GGX,TN58NS4T61 100Gbit/s Line Service Processing Board(ULH -SDFEC2 -wDCM - Coherent -Tunable -50GHz -LC).,150122PILv,0,USED
HUAWEI,02310EKR,TN5M3ND201 -Optix OSN 8800 -Line Serv Brd,150122PILv,0,USED
HUAWEI,03032YVW,TNF3C1CFPT61 100G CFPT61(ULH -SDFEC2 -Coherent wDCM -Tunable -Extended C Band --10dBm-4dBm --18dBm -Fixed).,150122PILv,0,USED
HUAWEI,03033FJC,TNG3D4801 48-Channel Demultiplexing Board( Extended C_even -196.0THz~191.3THz -100GHz -Thermal AWG).,150122PILv,0,USED
HUAWEI,03031FGJ,TNU3N401T61 1*100G Line Service Processing Board (ULH -SDFEC2 -wDCM -Coherent -Tunable -50GHz -LC),150122PILv,0,USED
HUAWEI,03020EWC,WP1D00PAMU00 Energy Assignment Supervision Module,150122PILv,0,USED
ERICSSON,ROJ208840/11,APG43 Board,150122PILv,0,USED
ERICSSON,ROJ208135/30,Board,150122PILv,0,USED
ERICSSON,BMP903050/1,Control Unit,150122PILv,0,USED
ERICSSON,ROJ208394/2,EPB1; 2*8 cores 1500MHz 8+8GB/8GB XAUI,150122PILv,0,USED
ERICSSON,ROJR219011/1,FAU2 (included in 6p B kit).,150122PILv,0,USED
ERICSSON,ROJ208820/5,GEP5 48GB,150122PILv,0,USED
ERICSSON,ROJ208867/5,GEP5-64-1200 Board,150122PILv,0,USED
ERICSSON,ROJ208840/5,GPEP5-400,150122PILv,0,USED
ERICSSON,ROA1190872/1,IB2 Board,150122PILv,0,USED
ERICSSON,RDH90165/1,LG-Ericsson® RDH90165/1 Compatible TAA 10GBase-LR XFP Transceiver (SMF - 1310nm - 10km - LC - DOM),150122PILv,0,USED
ERICSSON,ROJ2081311/1,MMU3 A,150122PILv,0,USED
ERICSSON,ROJR208011/1,NPU1,150122PILv,0,USED
ERICSSON,COH109397/38,PBC 8200S Chassis AC-DC BSKPOWER12 EXT,150122PILv,0,USED
ERICSSON,307/BFF90116,RBS 6302 - -48 V MAX 9 -6 AM BFF 901 16/1,150122PILv,0,USED
ERICSSON,BGM1361006/4,SCU 04 01,150122PILv,0,USED
ERICSSON,ROJ208395/1,SCXB3 Board,150122PILv,0,USED
ERICSSON,ROJ208482/40,SMXB-20E Board,150122PILv,0,USED
ERICSSON,RDH10244/2,TRX SM 1000BASE-LX LC-SFP -5/+85C (1400422-0019),150122PILv,0,USED
EPM PAPST,52060ADJ,EPM PAPST Free Cooling Fan -48V DC,150122PILv,0,USED
EPM PAPST,52060ADK,EPM PAPST Free Cooling Fan 24V DC,150122PILv,0,USED
EATON,PULSARSTS16,Transfer Switch,150122PILv,0,USED
DELTA,CB210002,OUTDOOR Chassis DPS 2900 48 4 220AC VDC,150122PILv,0,USED
CISCO,ASR5000-CHS-SYS-K9,ASR-5000 MULTIMEDIA CORE PLATFORM COMPLETE Chassis,150122PILv,0,USED
CISCO,WS-C3550-48-SMI,CATALSTY 3550 SWITCH,150122PILv,0,USED
CISCO,47-1749-02,CISCO 7513,150122PILv,0,USED
CISCO,EHWIC-4SHDSL-EA,Multi mode  4 pair G.SHDSL EFM And ATM mode,150122PILv,0,USED
CISCO,ASR5K-SPIO-3PN-K9,Switch Processor I/O - 3-Pin BITS,150122PILv,0,USED
ERICSSON,NTB101291,Connectors SUP 6601,150122PILv,41,USED
CISCO,C3KX-NM-10GT,CTwo 10GB-T ports network module,150124TJKn,36,USED
HUAWEI,03033FXE,10-port 100/1000Base-X-SFP MACsec Physical Interface Card(PIC).,150124TJKn,10,USED
HUAWEI,03024RHJ,BASEBAND PROCESSING AND INTERFACE UNIT-wd2dubbpf100,150124TJKn,6,USED
HUAWEI,03030HPY,TN12XCS01 Connect Board OSN 8800,150124TJKn,6,USED
ERICSSON,ROA1284190/1,SWITCH PROCESSOR SSR,150124TJKn,4,USED
HUAWEI,03031SUV,TNZ5UNQ201 osn1800 Board,150124TJKn,3,USED
HUAWEI,03033FTQ,TMK1GTA01,150124TJKn,2,USED
HUAWEI,03031YNU,TNF6TTA01  - 10*Multi-rate Ports Service Processing Board,150124TJKn,2,USED
CISCO,N5696-M12Q,Nexus 5696Q Chassis Module 12Q 40GE Ethernet/FCoE.,150124TJKn,1,USED
CISCO,CISCO1921/K9,Description is not found,150124TJKn,0,USED
,LONGLineGLC-T-LL,SFP,,0,
,PA-MC-8TE1+,Description is not found,,0,